# Blender 4.2.0
# www.blender.org
mtllib FischBlau.mtl
o Würfel
v 0.199434 0.021081 0.062989
v 0.179112 -0.062262 0.063537
v -0.319382 0.118616 0.037561
v -0.317483 -0.075637 0.059381
v -0.186657 0.037704 0.045900
v 0.259740 0.048971 -0.006433
v 0.232127 -0.089931 0.000442
v -0.373708 0.206150 0.018084
v 0.110617 0.092591 0.083246
v 0.089008 -0.104840 0.083909
v -0.368266 -0.149603 0.080615
v 0.092291 0.157947 0.000443
v -0.054144 0.107170 0.080207
v -0.087641 -0.078737 0.087520
v 0.138891 -0.172480 0.000442
v -0.102787 0.116983 -0.000987
v -0.201070 0.056170 0.046889
v -0.203996 -0.025378 0.047544
v -0.072537 -0.068732 0.107610
v -0.193011 0.101227 0.006164
v 0.194703 0.002111 0.072831
v -0.280546 0.034216 0.067572
v -0.212518 -0.054720 0.018331
v 0.264281 -0.009132 0.000442
v 0.086861 0.000585 0.102566
v -0.321056 0.032178 0.053613
v -0.087983 0.007418 0.100905
v 0.233755 0.048698 0.031240
v 0.212775 -0.082575 0.032499
v -0.356361 0.182338 0.031048
v -0.352059 -0.122776 0.083740
v 0.089362 0.157284 0.020405
v 0.110673 -0.167407 0.025982
v -0.090692 0.120176 0.018121
v -0.032577 -0.040456 0.166003
v -0.189873 0.095456 0.018616
v -0.208773 -0.046628 0.029478
v 0.233939 -0.006267 0.039633
v -0.309806 0.034125 0.062194
v 0.081083 0.127746 0.065374
v -0.003917 0.128215 0.067221
v 0.079682 0.144335 0.044047
v 0.003117 0.144840 0.045019
v 0.070229 0.156056 0.076958
v 0.030765 0.164397 0.078911
v 0.072075 0.166921 0.068540
v 0.033707 0.175031 0.070324
v 0.111991 0.192359 0.087959
v 0.032915 0.220275 0.095345
v 0.114783 0.200058 0.077114
v 0.035356 0.228070 0.084507
v 0.065132 -0.185983 0.215839
v 0.004239 -0.110856 0.180031
v 0.021303 -0.216013 0.085158
v 0.081681 0.019469 0.363844
v 0.062137 -0.200328 -0.002185
v 0.002551 -0.033408 0.224469
v 0.042756 -0.193849 0.005507
v -0.047790 -0.149612 0.078238
v 0.215747 0.008109 0.059228
v 0.280137 0.027081 -0.006231
v 0.209648 0.013232 0.068554
v 0.289440 -0.041119 -0.004693
v 0.251017 0.028345 0.034921
v 0.256709 -0.032408 0.036028
v 0.220528 0.005128 0.055030
v 0.279787 0.020974 -0.006074
v 0.211566 0.017605 0.064705
v 0.289335 -0.032590 -0.004903
v 0.252455 0.022524 0.033828
v 0.256833 -0.026679 0.033804
v 0.211229 0.004699 0.051363
v 0.259699 0.027367 -0.005895
v 0.200201 0.012545 0.061784
v 0.266371 -0.030696 -0.004565
v 0.239229 0.027494 0.029096
v 0.240050 -0.027673 0.028914
v 0.184868 0.013125 0.066346
v 0.196392 0.058979 -0.005618
v 0.180780 -0.021063 0.072232
v 0.180360 -0.025418 -0.003252
v 0.192996 0.054733 0.034247
v 0.177857 -0.021284 0.034203
v 0.171526 0.048446 -0.067244
v 0.179111 -0.062262 -0.062653
v -0.322696 0.113813 -0.004879
v -0.320797 -0.080440 0.016941
v -0.202236 0.004570 -0.026966
v 0.064318 0.112423 -0.085899
v 0.089007 -0.104839 -0.083023
v -0.102241 0.072016 -0.083174
v -0.090682 -0.087670 -0.068482
v -0.205831 0.045464 -0.016473
v -0.206782 -0.031115 -0.016264
v 0.194702 0.002111 -0.071946
v -0.286711 0.024606 0.023470
v 0.086860 0.000586 -0.101680
v -0.091735 -0.003604 -0.091584
v 0.176760 0.112876 -0.036068
v 0.212775 -0.082575 -0.031615
v -0.358906 0.178649 0.010291
v -0.354573 -0.126421 0.062975
v 0.089362 0.157284 -0.019519
v 0.110672 -0.167407 -0.025097
v -0.103221 0.116581 -0.018664
v -0.034741 -0.053481 0.140542
v -0.191116 0.093013 -0.005217
v -0.209814 -0.048771 0.005640
v 0.233939 -0.006267 -0.038750
v -0.312852 0.029533 0.041653
v 0.022525 0.133091 -0.070434
v -0.068537 0.115360 -0.072955
v 0.024659 0.149277 -0.048774
v -0.049847 0.131890 -0.049081
v -0.018055 0.161038 -0.085095
v -0.076096 0.143915 -0.087581
v -0.020000 0.172291 -0.077115
v -0.096647 0.152673 -0.079683
v -0.140139 0.177823 -0.140480
v -0.234058 0.114630 -0.177850
v -0.145131 0.186467 -0.131351
v -0.240160 0.123578 -0.169573
v 0.020976 -0.217989 0.073998
v 0.080327 0.009942 0.357603
v 0.042685 -0.193670 -0.012887
v -0.048251 -0.152391 0.062538
v 0.190321 0.039457 -0.063436
v 0.209647 0.013232 -0.067670
v 0.249652 0.026325 -0.046395
v 0.239402 0.009521 -0.039928
v 0.195683 0.037710 -0.059246
v 0.211565 0.017605 -0.063820
v 0.251131 0.020564 -0.045064
v 0.238296 0.015199 -0.037849
v 0.186744 0.035364 -0.055415
v 0.200200 0.012545 -0.060900
v 0.238066 0.025774 -0.040143
v 0.222190 0.010703 -0.032655
v 0.159016 0.037412 -0.070157
v 0.162438 0.003005 -0.075123
v 0.158201 0.080670 -0.039243
v 0.160051 0.003212 -0.037057
v -0.261793 0.056605 0.039801
v -0.312755 0.089385 0.041511
v -0.263283 0.107174 0.050195
v -0.196124 0.039912 0.053216
v -0.237037 0.030494 0.060302
v -0.333133 -0.060456 0.066396
v -0.311429 -0.046269 0.056748
v -0.340501 -0.102566 0.081857
v -0.343064 -0.073449 0.066223
v -0.301518 0.034665 0.066523
v 0.173922 0.006498 0.060994
v 0.176907 -0.007023 0.077461
v 0.186536 0.034019 0.055494
v 0.176566 0.019551 0.035254
v 0.175780 -0.024003 0.061287
v 0.212303 -0.032977 0.052113
v 0.196414 -0.071136 0.049303
v 0.187728 -0.032024 0.067943
v 0.217301 -0.004557 0.056549
v 0.229173 -0.038958 0.036163
v 0.147818 -0.043271 0.085061
v 0.148920 -0.083895 0.073178
v 0.086627 -0.054622 0.098383
v 0.148756 0.000740 0.089340
v 0.003499 -0.046607 0.104441
v -0.000057 -0.103488 0.086937
v -0.087974 -0.037580 0.099849
v 0.009514 0.007601 0.106846
v 0.170433 0.018055 0.082449
v 0.173968 0.050460 0.070471
v 0.200584 -0.001133 0.070431
v 0.085592 0.049352 0.098872
v -0.150172 -0.021140 0.071874
v -0.150123 -0.046606 0.063924
v -0.195787 -0.000331 0.059990
v -0.134720 0.033724 0.074070
v 0.160115 -0.111614 0.052689
v 0.174400 -0.128135 0.030663
v 0.098124 -0.138639 0.056729
v -0.288629 -0.091787 0.077885
v -0.362854 -0.140799 0.083550
v -0.281095 -0.078145 0.079795
v -0.211138 -0.052342 0.023159
v -0.292533 -0.098472 0.074629
v 0.014765 0.055604 0.101145
v 0.039647 0.096995 0.089152
v -0.071535 0.062569 0.093950
v 0.005157 -0.136437 0.055881
v 0.008150 -0.156561 0.022320
v -0.087181 -0.108472 0.055471
v 0.210241 0.097856 0.006104
v 0.251598 0.050474 0.012576
v 0.199215 0.093259 0.022987
v 0.090974 0.157821 0.007501
v 0.214934 0.096953 -0.006872
v -0.128663 0.091497 0.037242
v -0.130068 0.078255 0.058438
v -0.188564 0.088685 0.029836
v -0.128078 0.098942 0.016353
v -0.083854 0.116609 0.046239
v -0.132122 0.058385 0.069706
v -0.150640 -0.065707 0.040063
v -0.150445 -0.075593 0.020115
v -0.206757 -0.038087 0.039222
v 0.025057 0.154730 0.002504
v 0.010741 0.151273 0.012480
v -0.089894 0.120558 0.005550
v 0.024966 0.154571 -0.002599
v -0.275991 0.128219 0.041410
v -0.344287 0.161195 0.038331
v -0.284869 0.141877 0.032384
v -0.261220 -0.023159 0.047834
v -0.260780 -0.038773 0.081644
v -0.353304 0.139578 0.031570
v -0.368052 0.199006 0.023822
v -0.344510 0.127835 0.036667
v -0.317302 0.033185 0.058010
v -0.357802 0.144284 0.026522
v -0.351143 -0.084337 0.066936
v -0.355104 -0.089766 0.064851
v 0.176820 0.021707 0.014298
v 0.195954 0.060258 0.014055
v 0.176193 0.019829 -0.004306
v 0.179666 -0.023137 0.013816
v 0.245967 -0.042799 0.018684
v 0.266419 -0.053263 0.016136
v 0.254344 -0.044184 0.000442
v 0.226171 -0.088412 0.016316
v 0.184769 -0.135166 0.014169
v 0.188974 -0.136309 0.000442
v 0.136082 -0.171871 0.011764
v -0.272732 -0.061809 0.082357
v 0.092134 -0.024561 0.365126
v 0.062673 -0.181497 0.217695
v 0.092404 -0.029572 0.366088
v 0.006896 -0.106719 0.181116
v 0.094128 -0.033189 0.345543
v 0.185343 0.076494 0.047547
v 0.213429 0.038296 0.048985
v 0.128317 0.122272 0.050228
v -0.128483 0.101421 0.006005
v -0.191778 0.099869 0.011340
v -0.129032 0.101190 0.000931
v -0.150889 -0.079337 0.010326
v -0.070636 -0.065371 0.115530
v -0.151310 -0.079767 0.005251
v 0.066822 0.226970 0.094033
v 0.128927 0.195741 0.083792
v 0.067501 0.212919 0.097509
v 0.014832 0.237954 0.095794
v 0.070782 0.223596 0.081292
v -0.292831 0.153165 0.025102
v -0.296927 0.157679 0.019433
v -0.335322 0.112758 0.041230
v 0.026563 0.147653 0.025500
v 0.070153 0.149288 0.033512
v 0.041823 0.147182 0.040871
v -0.040502 0.134709 0.034109
v -0.035752 0.133137 0.052277
v -0.010782 0.137744 0.056201
v -0.014420 0.123494 0.071833
v 0.045499 0.116488 0.077149
v 0.040140 0.126676 0.069938
v 0.091657 0.116736 0.070962
v 0.112555 0.131490 0.050317
v 0.085011 0.136426 0.055727
v 0.036393 0.152622 0.055561
v 0.072541 0.151379 0.056516
v 0.062715 0.172155 0.067427
v 0.014361 0.152726 0.057273
v 0.003901 0.147348 0.063208
v 0.022118 0.171236 0.075105
v 0.013251 0.141623 0.068813
v 0.042029 0.138964 0.070289
v 0.039680 0.156593 0.079698
v 0.064986 0.139960 0.068822
v 0.074532 0.145710 0.063105
v 0.080978 0.160718 0.072352
v 0.085199 0.196845 0.068112
v 0.097010 0.188599 0.079701
v 0.042190 0.209227 0.074608
v 0.025556 0.208687 0.082426
v 0.038954 0.199043 0.086741
v 0.077096 0.184529 0.086056
v 0.094030 0.177519 0.091305
v 0.110253 0.179461 0.084073
v 0.003920 -0.166171 0.021391
v 0.070179 -0.181894 0.009797
v -0.007622 -0.177708 0.022418
v -0.060798 -0.148156 0.047063
v -0.045091 -0.077243 0.126893
v -0.020115 -0.066198 0.165531
v -0.008816 -0.024655 0.219994
v 0.094928 -0.187224 0.005791
v 0.096327 -0.187451 -0.002220
v 0.061345 -0.199762 0.002592
v 0.000641 -0.184494 0.095654
v 0.037566 -0.201709 0.083342
v 0.052068 -0.009908 0.326147
v -0.010841 -0.084626 0.172967
v 0.003282 -0.063396 0.214138
v 0.045015 -0.222120 0.046647
v 0.046969 -0.224439 0.042804
v 0.220923 0.006705 0.058038
v 0.206596 0.010826 0.069163
v 0.223164 0.009545 0.057731
v 0.254119 -0.034901 0.036211
v 0.225797 0.023623 0.049533
v 0.247852 0.031633 0.034454
v 0.229710 0.020780 0.049334
v 0.211260 0.009965 0.060128
v 0.191789 0.023433 0.070699
v 0.195905 0.024345 0.069798
v 0.274411 -0.040830 0.016400
v 0.277735 -0.037809 0.016268
v 0.285514 -0.044481 -0.004544
v 0.267881 0.032340 0.015096
v 0.277211 0.030603 -0.006269
v 0.270805 0.028857 0.015525
v 0.224017 0.012701 0.056777
v 0.211448 0.015918 0.067179
v 0.242397 -0.023416 0.049924
v 0.257704 -0.029224 0.035397
v 0.232433 0.018071 0.048534
v 0.252761 0.025115 0.034936
v 0.233126 0.015847 0.046596
v 0.219192 0.006513 0.057628
v 0.198905 0.025440 0.068123
v 0.222240 -0.007215 0.060592
v 0.278825 -0.033878 0.015916
v 0.277563 -0.030383 0.015033
v 0.290732 -0.036705 -0.004825
v 0.272084 0.025431 0.015724
v 0.281311 0.023637 -0.006165
v 0.270936 0.022743 0.015265
v 0.239901 -0.023353 0.046245
v 0.209573 0.017013 0.060797
v 0.228207 -0.025559 0.045847
v 0.253826 -0.026107 0.030732
v 0.230947 0.014457 0.042984
v 0.249472 0.021154 0.030927
v 0.222748 0.018184 0.041916
v 0.218686 0.003909 0.051137
v 0.220364 -0.007966 0.056634
v 0.211973 -0.009216 0.057838
v 0.273827 -0.028668 0.013310
v 0.256861 -0.029585 0.012077
v 0.285194 -0.030124 -0.004895
v 0.266581 0.021472 0.013718
v 0.274617 0.019794 -0.005957
v 0.253368 0.028881 0.012502
v 0.183748 -0.001146 0.057435
v 0.196022 -0.024945 0.070058
v 0.206873 -0.031546 0.031080
v 0.205378 0.031310 0.047610
v 0.217143 0.048034 0.031199
v 0.195720 0.009343 0.061124
v 0.193539 -0.010581 0.070595
v 0.215910 -0.033988 0.012661
v 0.220923 -0.035694 -0.003678
v 0.225648 0.052230 0.013035
v 0.228925 0.050960 -0.005965
v -0.264799 0.051491 -0.010732
v -0.243177 0.020243 0.010529
v -0.201459 0.027915 -0.017788
v -0.269693 0.097184 0.004346
v -0.316247 0.084324 -0.003210
v -0.336524 -0.065370 0.032888
v -0.306337 0.027316 0.033346
v -0.345292 -0.076678 0.045489
v -0.344385 -0.108194 0.048101
v -0.314920 -0.051330 0.012027
v 0.149843 0.028707 -0.064460
v 0.158322 -0.000649 -0.064027
v 0.149851 0.042736 -0.039099
v 0.156194 0.058461 -0.059857
v 0.155532 0.015710 -0.080633
v 0.212303 -0.032977 -0.051229
v 0.229173 -0.038958 -0.035279
v 0.217300 -0.004557 -0.055665
v 0.187727 -0.032024 -0.067059
v 0.196413 -0.071136 -0.048419
v 0.147817 -0.043271 -0.084177
v 0.148755 0.000740 -0.088455
v 0.086626 -0.054622 -0.097497
v 0.148919 -0.083895 -0.072294
v -0.004665 -0.056829 -0.097912
v -0.007498 -0.000572 -0.105427
v -0.091586 -0.048188 -0.085403
v -0.000058 -0.103488 -0.086051
v 0.127784 0.060636 -0.085498
v 0.085591 0.049353 -0.097986
v 0.177423 0.026820 -0.074151
v 0.120091 0.092770 -0.074812
v -0.152686 -0.028525 -0.057087
v -0.156314 -0.006023 -0.059503
v -0.201122 -0.012327 -0.011014
v -0.152272 -0.052917 -0.046292
v 0.160115 -0.111614 -0.051804
v 0.098124 -0.138639 -0.055844
v 0.174399 -0.128135 -0.029778
v -0.290007 -0.093935 0.068030
v -0.211580 -0.053251 0.013055
v -0.284028 -0.082717 0.058814
v -0.364099 -0.142585 0.073586
v -0.010560 0.048057 -0.102434
v -0.098902 0.032964 -0.091220
v -0.030479 0.091234 -0.095279
v 0.005342 -0.136162 -0.056524
v -0.088321 -0.111820 -0.041875
v 0.007953 -0.156064 -0.028704
v 0.209807 0.097215 -0.019713
v 0.090974 0.157821 -0.006615
v 0.129142 0.143416 -0.029237
v 0.250964 0.049535 -0.025208
v -0.131425 0.085162 -0.033031
v -0.119159 0.090332 -0.050332
v -0.129267 0.096215 -0.013890
v -0.195389 0.068071 -0.002157
v -0.158893 0.040898 -0.051953
v -0.157925 0.019205 -0.059540
v -0.151274 -0.067569 -0.030596
v -0.208715 -0.042118 -0.005607
v -0.150714 -0.076383 -0.010295
v 0.010189 0.152892 -0.006021
v -0.102527 0.117076 -0.006092
v 0.010641 0.151125 -0.014292
v -0.280834 0.120670 0.006763
v -0.287802 0.137305 0.011404
v -0.348171 0.155565 0.004575
v -0.264226 -0.028273 -0.002700
v -0.267189 -0.048763 0.035795
v -0.354477 0.137877 0.021702
v -0.318762 0.030990 0.048208
v -0.346858 0.124432 0.015964
v -0.369291 0.197227 0.013932
v -0.352268 -0.085968 0.057056
v 0.149857 0.045479 -0.018210
v 0.162444 0.002369 -0.016663
v 0.195293 0.059280 -0.025304
v 0.245967 -0.042799 -0.017801
v 0.226170 -0.088412 -0.015432
v 0.253654 -0.008148 -0.019690
v 0.184769 -0.135166 -0.013285
v 0.136081 -0.171871 -0.010879
v -0.277575 -0.069359 0.047710
v 0.091484 -0.029899 0.361075
v 0.092733 -0.042725 0.337677
v 0.006422 -0.109570 0.175542
v 0.062199 -0.184706 0.211450
v 0.121878 0.121996 -0.053009
v 0.104793 0.129837 -0.052679
v 0.181571 0.068684 -0.053908
v -0.128881 0.100507 -0.004135
v -0.192305 0.098833 0.001238
v -0.150984 -0.079614 0.000130
v -0.071122 -0.068295 0.106984
v -0.140950 0.179019 -0.152403
v -0.136819 0.180681 -0.139772
v -0.188283 0.155597 -0.152207
v -0.132039 0.167794 -0.153693
v -0.131307 0.193688 -0.137810
v -0.294208 0.151017 0.015247
v -0.338712 0.107844 0.007722
v -0.005988 0.145163 -0.028056
v -0.067589 0.127462 -0.035551
v -0.012778 0.143300 -0.045337
v 0.048618 0.152851 -0.034649
v -0.090380 0.110056 -0.056285
v -0.071144 0.102631 -0.076169
v -0.064841 0.121160 -0.060255
v -0.027363 0.111517 -0.083500
v 0.029956 0.129788 -0.075712
v -0.029018 0.123859 -0.075718
v 0.059575 0.144301 -0.055005
v 0.034388 0.144574 -0.059624
v -0.026057 0.149814 -0.061520
v -0.067529 0.140110 -0.064729
v -0.080983 0.165184 -0.078711
v -0.012529 0.159060 -0.064209
v -0.075550 0.131106 -0.070404
v -0.065267 0.128400 -0.075887
v -0.115766 0.141974 -0.085905
v -0.033563 0.135613 -0.076865
v -0.007741 0.146762 -0.074891
v -0.046737 0.150610 -0.087675
v 0.000463 0.155724 -0.069264
v -0.016144 0.170624 -0.081620
v -0.199915 0.145788 -0.142036
v -0.227866 0.115172 -0.154925
v -0.059101 0.197008 -0.092206
v -0.179688 0.134343 -0.130223
v -0.164096 0.134508 -0.134054
v -0.117875 0.154566 -0.127867
v -0.055556 0.185456 -0.103144
v -0.043256 0.195781 -0.096172
v 0.003559 -0.166690 -0.004632
v -0.061142 -0.149916 0.028602
v -0.007820 -0.178295 0.002665
v 0.070075 -0.181631 -0.017154
v -0.045593 -0.080263 0.118782
v -0.020719 -0.069831 0.158431
v 0.094886 -0.187119 -0.010561
v 0.061313 -0.199683 -0.008169
v 0.000024 -0.187718 0.080143
v 0.050504 -0.020596 0.317331
v 0.037166 -0.204121 0.069714
v -0.011375 -0.087842 0.166680
v 0.044867 -0.222880 0.038674
v 0.220922 0.006705 -0.057154
v 0.237418 0.006519 -0.040006
v 0.223163 0.009546 -0.056847
v 0.206595 0.010826 -0.068278
v 0.196841 0.057055 -0.054299
v 0.185528 0.040263 -0.064306
v 0.201284 0.055141 -0.054096
v 0.246502 0.029635 -0.045986
v 0.191788 0.023433 -0.069814
v 0.195904 0.024345 -0.068914
v 0.258731 0.005718 -0.020397
v 0.277036 -0.038844 -0.025389
v 0.267168 0.031285 -0.027369
v 0.270079 0.027783 -0.027723
v 0.224016 0.012701 -0.055893
v 0.239684 0.012862 -0.039393
v 0.223319 0.014782 -0.053801
v 0.211447 0.015918 -0.066295
v 0.204542 0.053116 -0.053274
v 0.194049 0.038697 -0.061855
v 0.205725 0.051151 -0.051294
v 0.251397 0.023097 -0.046309
v 0.198904 0.025440 -0.067239
v 0.199992 0.025888 -0.064529
v 0.278134 -0.034901 -0.025268
v 0.276899 -0.031365 -0.024518
v 0.271353 0.024350 -0.027795
v 0.270224 0.021689 -0.027164
v 0.220910 0.014400 -0.050083
v 0.235270 0.015187 -0.034743
v 0.209987 0.009707 -0.049434
v 0.209572 0.017013 -0.059912
v 0.203943 0.049421 -0.047612
v 0.194195 0.036227 -0.055294
v 0.195139 0.051297 -0.046500
v 0.248248 0.019342 -0.042000
v 0.198369 0.024856 -0.060522
v 0.190442 0.021772 -0.061554
v 0.273221 -0.029564 -0.022759
v 0.256308 -0.030405 -0.020913
v 0.265924 0.020500 -0.025411
v 0.252753 0.027972 -0.024122
v 0.183747 -0.001146 -0.056550
v 0.190640 -0.000377 -0.034168
v 0.178182 0.002606 -0.073110
v 0.175258 0.060150 -0.052226
v 0.170489 0.036237 -0.065026
v 0.183261 0.079490 -0.036434
v 0.172613 0.016061 -0.073961
v 0.200195 -0.000273 -0.015847
v 0.225011 0.051288 -0.024883
vn 0.4387 0.3612 0.8229
vn 0.4835 -0.2931 0.8248
vn 0.0185 0.0626 0.9979
vn -0.0518 0.4817 0.8748
vn -0.2267 0.0378 0.9732
vn 0.7290 0.6838 -0.0292
vn 0.8355 -0.5496 -0.0000
vn -0.5357 0.8387 -0.0982
vn 0.2782 0.4185 0.8646
vn 0.1409 -0.4597 0.8768
vn -0.5028 -0.8148 0.2885
vn 0.2312 0.9725 -0.0295
vn -0.2407 0.5842 0.7751
vn -0.3255 -0.4946 0.8059
vn 0.4824 -0.8759 0.0008
vn -0.4250 0.8914 0.1575
vn -0.0937 0.2853 0.9538
vn -0.0506 -0.2369 0.9702
vn -0.1726 -0.9506 0.2579
vn 0.2372 0.9544 -0.1810
vn 0.3632 -0.1117 0.9250
vn 0.2761 0.1983 0.9405
vn 0.0538 -0.9983 -0.0230
vn 0.0103 -0.7359 -0.6770
vn 0.1372 0.0064 0.9905
vn -0.9712 0.0128 0.2378
vn -0.2571 0.0808 0.9630
vn 0.5223 0.5202 0.6757
vn 0.5925 -0.4017 0.6982
vn -0.1139 0.3471 0.9309
vn -0.1976 0.1126 0.9738
vn 0.1930 0.9106 0.3655
vn 0.1477 -0.7083 0.6903
vn -0.4039 0.9051 0.1329
vn 0.6918 -0.0488 0.7205
vn 0.1950 0.8638 0.4646
vn 0.1552 -0.7739 0.6140
vn -0.0064 -0.7419 0.6705
vn -0.3627 0.1185 0.9243
vn 0.2719 0.4823 0.8327
vn -0.1848 0.5501 0.8144
vn 0.3423 0.9270 0.1535
vn -0.2581 0.9627 -0.0811
vn 0.2328 -0.5137 0.8258
vn -0.2687 -0.1836 0.9455
vn 0.4254 0.1602 -0.8907
vn -0.2605 0.3943 -0.8813
vn 0.2606 -0.0978 0.9605
vn -0.2416 -0.2448 0.9390
vn 0.4250 0.4207 -0.8015
vn -0.1032 0.6598 -0.7444
vn -0.3615 0.9256 0.1122
vn -0.2122 -0.9071 0.3636
vn 0.4481 0.8179 -0.3608
vn -0.7478 0.6638 0.0140
vn 0.4570 -0.8841 -0.0978
vn -0.4943 -0.3935 -0.7751
vn 0.5490 0.1957 0.8126
vn 0.7571 0.5423 -0.3643
vn -0.2127 0.9643 -0.1577
vn 0.8764 0.4808 -0.0267
vn 0.4328 -0.0348 0.9008
vn 0.7124 -0.6584 0.2427
vn 0.5303 0.4235 0.7345
vn 0.5293 -0.2470 0.8117
vn 0.9214 -0.2811 0.2683
vn 0.6558 -0.7549 0.0077
vn -0.4453 0.1864 -0.8758
vn 0.7831 0.6213 -0.0286
vn 0.5257 -0.7003 0.4830
vn 0.1706 0.9852 0.0191
vn -0.3616 -0.3620 -0.8592
vn -0.5324 -0.8460 0.0299
vn 0.0170 0.9670 0.2543
vn -0.0079 0.9971 0.0757
vn -0.4446 -0.6362 -0.6305
vn -0.0745 0.9614 -0.2649
vn 0.0427 -0.4756 -0.8786
vn 0.2378 -0.9494 -0.2053
vn 0.4060 0.7533 -0.5174
vn 0.6114 0.6905 0.3864
vn 0.3574 -0.8257 -0.4365
vn 0.7422 0.6474 -0.1732
vn 0.4045 0.3931 -0.8257
vn 0.4835 -0.2931 -0.8248
vn -0.1722 0.0761 -0.9821
vn -0.0982 -0.5796 -0.8090
vn -0.5784 -0.1182 -0.8072
vn 0.1643 0.4730 -0.8656
vn 0.1389 -0.4509 -0.8817
vn -0.4376 0.3780 -0.8158
vn -0.3863 -0.5290 -0.7556
vn -0.2689 0.3375 -0.9021
vn -0.4813 -0.4240 -0.7672
vn 0.4026 -0.0709 -0.9126
vn -0.5230 -0.1491 -0.8392
vn 0.1293 -0.0030 -0.9916
vn -0.2928 -0.0772 -0.9531
vn 0.4617 0.6030 -0.6506
vn 0.5925 -0.4017 -0.6982
vn -0.3383 0.0532 -0.9395
vn -0.2509 -0.4912 -0.8341
vn 0.1811 0.9610 -0.2090
vn 0.1737 -0.6847 -0.7078
vn -0.4848 0.8517 -0.1987
vn -0.6722 -0.3472 -0.6539
vn -0.1474 0.4793 -0.8652
vn -0.3537 -0.7551 -0.5520
vn 0.6701 -0.2309 -0.7055
vn -0.8883 -0.0922 -0.4499
vn 0.1116 0.5290 -0.8412
vn -0.5346 0.2912 -0.7933
vn 0.0350 0.9984 -0.0440
vn -0.3937 0.8764 0.2775
vn 0.4745 -0.1547 -0.8666
vn 0.1322 -0.7963 -0.5903
vn 0.1662 0.7404 0.6513
vn -0.4180 0.2121 0.8833
vn 0.8111 0.0301 -0.5841
vn -0.5792 -0.6554 -0.4847
vn -0.6176 0.7385 0.2705
vn -0.1368 0.5907 -0.7952
vn -0.4569 -0.8223 0.3391
vn 0.7354 -0.6755 -0.0545
vn -0.4295 -0.5117 -0.7442
vn -0.7504 -0.5610 0.3495
vn 0.2666 0.3737 -0.8884
vn 0.4328 -0.0348 -0.9008
vn 0.4145 0.2754 -0.8674
vn 0.5016 -0.2320 -0.8334
vn 0.9825 -0.0674 -0.1738
vn 0.5053 0.8458 -0.1713
vn 0.1341 -0.7795 -0.6118
vn 0.4876 0.8730 -0.0101
vn -0.2643 -0.4080 0.8739
vn -0.4099 0.3931 0.8231
vn -0.5408 -0.8375 0.0780
vn -0.1047 0.8171 0.5668
vn 0.1553 -0.4302 0.8893
vn 0.2942 0.6493 0.7013
vn 0.4078 -0.9131 -0.0004
vn 0.6624 0.7429 -0.0969
vn 0.0878 0.3086 0.9471
vn 0.0932 0.2440 0.9653
vn 0.0791 0.1593 0.9841
vn -0.1495 0.2611 0.9537
vn 0.1203 0.2085 0.9706
vn 0.0282 0.1258 0.9917
vn 0.0410 0.1656 0.9853
vn -0.2226 0.2302 0.9473
vn -0.4224 0.2597 0.8684
vn 0.0120 0.1560 0.9877
vn 0.9295 -0.2336 -0.2853
vn 0.4427 -0.0809 -0.8930
vn 0.3399 -0.6273 -0.7007
vn 0.9736 -0.2279 -0.0156
vn 0.6814 0.7303 0.0477
vn 0.5807 -0.2444 0.7766
vn 0.5365 -0.3439 0.7706
vn 0.4652 -0.2169 0.8583
vn 0.3648 -0.4755 0.8005
vn 0.5573 -0.3097 0.7704
vn 0.3244 -0.1843 0.9278
vn 0.3678 -0.3601 0.8573
vn 0.1406 -0.1836 0.9729
vn 0.2721 -0.0278 0.9619
vn -0.0108 -0.1680 0.9857
vn -0.0737 -0.5154 0.8538
vn -0.2603 -0.1450 0.9546
vn -0.0031 0.0362 0.9993
vn 0.3694 0.1326 0.9198
vn 0.4430 0.3400 0.8296
vn 0.2002 0.2538 0.9463
vn 0.1454 0.1794 0.9730
vn -0.4068 -0.0954 0.9085
vn -0.4563 -0.4647 0.7588
vn -0.1880 0.0589 0.9804
vn -0.3757 0.0795 0.9233
vn 0.4090 -0.5053 0.7598
vn 0.4528 -0.5644 0.6902
vn 0.1347 -0.6778 0.7228
vn 0.4532 -0.4753 0.7541
vn -0.2375 -0.1279 0.9629
vn 0.3930 -0.3453 0.8523
vn 0.2020 -0.8404 0.5028
vn 0.5473 -0.8117 0.2041
vn -0.0070 0.2061 0.9785
vn 0.0315 0.3980 0.9169
vn -0.2278 0.2843 0.9313
vn -0.0181 -0.6863 0.7271
vn 0.0310 -0.6904 0.7227
vn 0.6415 -0.7580 -0.1178
vn 0.5623 0.7649 0.3143
vn 0.6498 0.6317 0.4227
vn 0.5140 0.6831 0.5189
vn 0.1975 0.9695 0.1449
vn 0.6267 0.7788 -0.0269
vn -0.3291 0.8045 0.4945
vn -0.3504 0.5676 0.7450
vn 0.0907 0.7355 0.6714
vn -0.2776 0.9161 0.2893
vn -0.4109 0.8289 0.3796
vn -0.3588 0.2506 0.8991
vn -0.3480 -0.7807 0.5191
vn -0.4867 -0.6573 0.5754
vn 0.1375 -0.6749 0.7250
vn -0.1402 0.9891 0.0452
vn -0.2292 0.9676 0.1063
vn -0.3446 0.9380 0.0388
vn -0.1216 0.9922 -0.0269
vn 0.2023 0.4499 0.8698
vn -0.1512 0.2377 0.9595
vn 0.3649 0.6585 0.6583
vn 0.0037 0.1675 0.9859
vn 0.0842 0.2268 0.9703
vn -0.6679 -0.0641 0.7415
vn -0.2173 0.5057 0.8349
vn -0.4981 0.0153 0.8670
vn -0.5608 0.0985 0.8220
vn -0.9582 -0.2341 0.1644
vn -0.6381 0.3047 0.7071
vn -0.9642 0.2481 0.0935
vn 0.9768 -0.2136 0.0165
vn 0.3680 -0.9251 -0.0934
vn 0.8519 -0.1861 -0.4896
vn 0.7832 0.6216 -0.0143
vn 0.6594 -0.4993 0.5620
vn -0.0831 -0.9923 -0.0920
vn 0.8265 -0.4550 -0.3315
vn 0.7158 -0.4853 0.5021
vn 0.5804 -0.6705 0.4621
vn 0.6738 -0.7389 -0.0000
vn 0.3956 -0.8080 0.4366
vn 0.1346 0.0235 0.9906
vn -0.6186 0.7549 0.2177
vn 0.8971 0.2751 -0.3458
vn -0.2839 0.9259 -0.2492
vn -0.8166 0.0807 0.5715
vn 0.8522 0.3051 -0.4249
vn 0.5011 0.5330 0.6817
vn 0.4758 0.3959 0.7854
vn 0.4213 0.6634 0.6183
vn -0.2523 0.9444 0.2107
vn 0.2428 0.9156 0.3205
vn -0.2612 0.9652 -0.0106
vn -0.3368 -0.8530 0.3986
vn -0.6024 -0.4359 0.6687
vn -0.1523 -0.9879 0.0303
vn 0.2755 0.8119 0.5147
vn 0.9944 0.1006 0.0335
vn 0.0411 -0.0857 0.9955
vn -0.7156 0.6393 0.2815
vn 0.2206 0.7470 -0.6272
vn 0.4374 0.7557 0.4874
vn 0.4982 0.8435 -0.2008
vn -0.1229 0.1442 0.9819
vn -0.1334 0.9708 0.1994
vn 0.0170 0.9350 0.3542
vn -0.0202 0.9928 -0.1180
vn -0.2657 0.9486 0.1720
vn -0.2749 0.8802 0.3869
vn -0.3414 0.8296 0.4419
vn -0.1181 0.6591 0.7427
vn 0.0536 0.5471 0.8354
vn 0.0221 0.2998 0.9537
vn 0.2041 0.5795 0.7890
vn 0.2727 0.7457 0.6080
vn 0.4778 0.6915 0.5418
vn -0.0132 0.7581 -0.6520
vn 0.5125 0.7158 -0.4743
vn 0.0858 0.2513 -0.9641
vn -0.3201 0.8183 -0.4773
vn -0.6402 0.6448 0.4176
vn -0.8775 0.3851 0.2857
vn -0.2882 -0.0154 0.9575
vn -0.0031 -0.2470 0.9690
vn -0.0772 -0.3292 0.9411
vn 0.2796 -0.2298 0.9322
vn 0.8958 0.1797 0.4066
vn 0.8359 -0.4961 -0.2348
vn 0.2028 0.1227 -0.9715
vn 0.3183 -0.0292 -0.9475
vn -0.1973 0.2972 -0.9342
vn -0.9798 -0.0968 -0.1750
vn -0.2692 -0.2875 0.9192
vn -0.0721 -0.2491 0.9658
vn 0.1763 -0.4905 0.8534
vn 0.6894 -0.7220 -0.0580
vn 0.2121 -0.3673 0.9056
vn 0.0280 -0.4856 0.8737
vn 0.5689 0.7628 0.3074
vn 0.8034 0.0311 0.5946
vn 0.8312 0.3399 -0.4400
vn 0.7767 0.3713 -0.5089
vn 0.0669 -0.7352 -0.6745
vn 0.2276 -0.8683 0.4406
vn 0.3413 -0.9400 -0.0042
vn 0.7161 -0.3321 0.6140
vn 0.5908 0.7187 -0.3666
vn 0.4301 0.8964 -0.1074
vn 0.8771 -0.4481 -0.1728
vn 0.9434 0.0541 -0.3272
vn -0.4045 0.1542 -0.9015
vn 0.8367 0.5460 0.0431
vn 0.4150 -0.8310 0.3704
vn 0.3323 -0.4367 0.8360
vn 0.3238 -0.1281 0.9374
vn 0.5353 -0.1031 0.8383
vn 0.0060 -0.6645 0.7473
vn 0.3809 0.3879 0.8393
vn 0.4794 0.5228 0.7049
vn 0.4060 0.3261 0.8537
vn 0.2044 0.9725 -0.1116
vn -0.6463 0.7101 0.2794
vn -0.0088 0.9797 0.2004
vn 0.0977 -0.9325 0.3476
vn 0.6916 -0.3903 0.6077
vn -0.2934 -0.9526 0.0800
vn 0.6483 0.6268 0.4322
vn 0.7463 0.6650 -0.0290
vn 0.7356 0.4777 0.4804
vn 0.4517 -0.8646 -0.2201
vn 0.6794 0.4851 0.5505
vn -0.1657 0.6080 -0.7764
vn 0.6276 0.1081 0.7710
vn 0.5907 -0.0503 0.8053
vn 0.6451 -0.0197 0.7639
vn 0.6382 -0.6626 0.3920
vn 0.6444 0.1338 0.7529
vn -0.1786 0.9645 -0.1946
vn 0.4250 -0.6218 0.6578
vn 0.7933 0.1233 0.5963
vn 0.6027 0.7009 0.3816
vn 0.9989 0.0428 -0.0178
vn 0.8352 -0.0313 0.5490
vn 0.9968 -0.0785 -0.0148
vn 0.5584 -0.7215 0.4094
vn 0.1645 0.8983 -0.4075
vn -0.2635 0.9498 -0.1690
vn -0.0440 0.7260 -0.6863
vn 0.0588 0.9940 -0.0927
vn 0.1857 -0.8605 -0.4743
vn -0.0112 -0.9769 -0.2133
vn -0.3466 -0.4411 -0.8279
vn 0.3338 -0.5718 -0.7494
vn 0.3694 -0.9114 -0.1814
vn -0.2119 -0.9654 0.1517
vn 0.1611 0.9867 0.0201
vn -0.0799 0.9844 -0.1570
vn 0.2888 0.9570 -0.0286
vn -0.0850 -0.9963 0.0109
vn -0.0417 -0.9988 0.0255
vn -0.5293 -0.8013 -0.2789
vn -0.3530 0.8837 -0.3075
vn -0.4443 0.8578 -0.2586
vn 0.0939 0.9463 -0.3094
vn -0.4299 -0.4167 -0.8010
vn -0.4238 -0.6905 -0.5861
vn -0.4854 -0.3164 -0.8151
vn -0.3707 -0.1157 -0.9215
vn 0.0746 0.9899 -0.1202
vn 0.1171 0.9340 0.3375
vn -0.4588 -0.8599 -0.2237
vn -0.4693 -0.8825 0.0298
vn -0.2494 -0.1925 -0.9491
vn -0.4313 -0.1474 -0.8901
vn -0.5184 -0.0217 -0.8549
vn 0.0763 0.2769 -0.9579
vn -0.3528 -0.2427 -0.9037
vn -0.7730 0.1125 -0.6244
vn -0.7903 -0.1079 -0.6032
vn -0.8187 0.0784 -0.5689
vn -0.2637 -0.5201 -0.8124
vn -0.3066 -0.1369 -0.9419
vn 0.9612 -0.0170 0.2754
vn 0.6049 0.7922 0.0810
vn 0.9768 -0.0937 -0.1928
vn 0.4765 -0.5182 0.7102
vn 0.4594 0.0426 0.8872
vn 0.5806 -0.2444 -0.7766
vn 0.6499 -0.2486 -0.7183
vn 0.5944 -0.2522 -0.7636
vn 0.4651 -0.2169 -0.8583
vn 0.5365 -0.3439 -0.7706
vn 0.3244 -0.1843 -0.9278
vn 0.2953 0.0086 -0.9554
vn 0.1284 -0.1828 -0.9747
vn 0.3678 -0.3601 -0.8574
vn -0.0810 -0.2113 -0.9741
vn -0.0584 -0.0366 -0.9976
vn -0.3253 -0.2469 -0.9128
vn -0.1163 -0.5005 -0.8579
vn 0.3261 0.2643 -0.9077
vn 0.1504 0.1648 -0.9748
vn 0.3524 0.2571 -0.8998
vn 0.3560 0.4262 -0.8317
vn -0.5455 -0.2175 -0.8094
vn -0.5588 -0.1349 -0.8183
vn -0.5009 -0.2002 -0.8420
vn -0.5603 -0.4164 -0.7160
vn 0.4090 -0.5053 -0.7599
vn 0.1434 -0.6646 -0.7333
vn 0.4528 -0.5644 -0.6902
vn 0.2899 -0.8000 -0.5253
vn -0.2767 -0.8284 -0.4869
vn 0.1069 -0.7164 -0.6894
vn -0.3773 -0.5696 -0.7302
vn -0.0445 0.1121 -0.9927
vn -0.3319 0.0701 -0.9407
vn -0.1230 0.3270 -0.9370
vn -0.2086 -0.8455 -0.4916
vn -0.4420 -0.8795 -0.1763
vn -0.3487 -0.7801 -0.5194
vn 0.5623 0.7676 -0.3076
vn 0.1906 0.9809 -0.0376
vn 0.3925 0.8589 -0.3288
vn 0.6359 0.6131 -0.4688
vn -0.5672 0.6040 -0.5600
vn -0.5999 0.6484 -0.4686
vn -0.4542 0.7471 -0.4854
vn -0.2316 0.3949 -0.8891
vn -0.5804 0.3269 -0.7458
vn -0.5559 0.0837 -0.8270
vn -0.5279 -0.7735 -0.3507
vn -0.4944 -0.5884 -0.6398
vn -0.3313 -0.9333 -0.1385
vn -0.2277 0.9698 0.0869
vn -0.4269 0.9043 -0.0002
vn -0.1668 0.9804 -0.1046
vn 0.0648 0.2002 -0.9776
vn 0.1312 0.3654 -0.9216
vn -0.3914 0.0600 -0.9183
vn -0.2120 -0.1990 -0.9568
vn -0.0686 -0.6112 -0.7885
vn -0.8516 -0.3117 -0.4215
vn -0.9162 -0.0785 -0.3930
vn -0.8298 -0.3139 -0.4614
vn -0.4268 0.1978 -0.8825
vn -0.8706 0.1031 -0.4811
vn 0.7221 -0.2575 -0.6421
vn 0.7280 0.6126 -0.3076
vn 0.0790 -0.7074 -0.7024
vn 0.7776 -0.2865 -0.5596
vn 0.7158 -0.4853 -0.5021
vn 0.5327 -0.4415 -0.7220
vn 0.5804 -0.6705 -0.4621
vn 0.4119 -0.8005 -0.4355
vn 0.1146 -0.7484 -0.6533
vn -0.1353 -0.9460 0.2946
vn -0.8612 -0.3038 0.4075
vn 0.2131 -0.6422 -0.7363
vn -0.9016 -0.3392 0.2686
vn 0.3162 0.5831 -0.7484
vn 0.2402 0.7148 -0.6568
vn 0.3664 0.4198 -0.8304
vn -0.3382 0.9015 -0.2702
vn 0.0629 0.7804 -0.6221
vn 0.0395 -0.9421 -0.3331
vn 0.1624 -0.9810 -0.1062
vn 0.0905 0.9670 -0.2381
vn -0.7748 0.5898 0.2279
vn -0.6233 0.7745 -0.1081
vn 0.5381 -0.1457 -0.8302
vn 0.0305 0.7979 -0.6020
vn 0.2613 0.5390 -0.8008
vn -0.7479 -0.3221 -0.5804
vn -0.2232 0.9741 -0.0363
vn -0.3653 0.9194 -0.1459
vn -0.2222 0.9262 0.3047
vn -0.0006 0.9659 -0.2588
vn -0.5034 0.7346 -0.4549
vn -0.3658 0.5374 -0.7598
vn -0.8333 0.5528 0.0085
vn -0.1261 0.4969 -0.8586
vn 0.0398 0.6236 -0.7807
vn -0.0377 0.2161 -0.9757
vn 0.1665 0.8145 -0.5558
vn 0.1579 0.8278 -0.5383
vn -0.1844 0.6767 0.7128
vn -0.4096 0.2890 0.8653
vn -0.3062 0.4718 0.8268
vn 0.0938 0.8053 0.5854
vn -0.7568 -0.5465 0.3585
vn -0.2355 -0.5213 -0.8202
vn 0.3447 -0.7367 -0.5817
vn 0.1178 -0.2922 -0.9491
vn 0.3352 -0.0414 -0.9412
vn 0.2741 -0.4481 -0.8509
vn 0.5108 0.7228 -0.4655
vn 0.7374 0.6077 -0.2948
vn -0.5863 0.5638 0.5817
vn -0.1228 0.5522 -0.8246
vn -0.1968 0.8389 0.5075
vn 0.4103 -0.2925 -0.8638
vn 0.2000 -0.9698 -0.1395
vn 0.4699 -0.5084 -0.7216
vn 0.4371 -0.0811 -0.8957
vn 0.5635 0.7868 -0.2518
vn -0.4293 -0.0954 -0.8981
vn -0.8733 -0.1128 -0.4739
vn -0.5297 -0.8009 -0.2793
vn -0.0279 -0.5574 -0.8298
vn -0.8736 -0.3441 0.3442
vn -0.7743 -0.3976 0.4923
vn 0.2659 -0.8389 -0.4750
vn -0.0568 -0.8062 -0.5889
vn -0.6043 -0.7246 0.3313
vn -0.9026 0.3962 0.1682
vn -0.4169 -0.9058 0.0749
vn -0.9407 -0.1018 0.3235
vn -0.2773 -0.9267 -0.2536
vn 0.5818 -0.3433 -0.7373
vn 0.5948 -0.5005 -0.6290
vn 0.6504 -0.2106 -0.7299
vn 0.3760 -0.1200 -0.9188
vn 0.3097 0.3972 -0.8639
vn 0.2977 0.3813 -0.8752
vn 0.4299 0.5462 -0.7189
vn 0.5189 0.6310 -0.5767
vn 0.2502 0.2380 -0.9385
vn 0.2463 0.2830 -0.9270
vn -0.5445 -0.8379 -0.0390
vn -0.1212 -0.7906 -0.6002
vn 0.6350 0.6025 -0.4834
vn 0.7186 0.4526 -0.5279
vn 0.6665 0.3486 -0.6589
vn 0.6831 0.4013 -0.6102
vn 0.3307 0.9136 -0.2366
vn 0.5630 0.3925 -0.7273
vn 0.3154 -0.0993 -0.9437
vn 0.5875 0.2876 -0.7564
vn 0.1842 -0.7128 -0.6768
vn 0.3300 -0.2664 -0.9056
vn 0.5047 0.4862 -0.7133
vn 0.7838 0.6187 -0.0524
vn 0.7057 0.0795 -0.7040
vn 0.7234 0.6224 -0.2989
vn 0.8164 -0.0592 -0.5745
vn 0.5450 -0.7414 -0.3915
vn -0.1686 0.9639 0.2059
vn 0.0912 0.8114 0.5773
vn -0.3818 0.8628 0.3314
vn 0.0315 0.8260 0.5628
vn -0.0717 -0.9730 -0.2195
vn 0.4589 -0.4640 0.7577
vn -0.3226 -0.4957 0.8063
vn -0.2794 -0.9546 -0.1034
vn 0.4136 0.1125 0.9035
vn -0.2855 -0.3069 0.9079
vn 0.3356 0.8776 0.3423
vn 0.1189 0.6848 0.7189
vn -0.0845 -0.9956 0.0414
vn -0.5160 -0.7866 0.3391
vn -0.2133 0.9593 0.1849
vn -0.0353 0.9886 0.1462
vn -0.3446 0.5396 0.7682
vn -0.3258 -0.4795 0.8148
vn -0.3955 -0.3918 0.8307
vn -0.3263 -0.9440 -0.0485
vn -0.3744 -0.2100 0.9032
vn 0.1350 0.7044 0.6969
vn -0.5041 -0.8224 0.2637
vt 0.852745 0.507260
vt 0.742082 0.537358
vt 0.741352 0.482771
vt 0.851284 0.419602
vt 0.631420 0.567456
vt 0.631420 0.545941
vt 0.742813 0.591945
vt 0.631420 0.588971
vt 0.854206 0.594919
vt 0.852745 0.681982
vt 0.878689 0.698344
vt 0.883742 0.802322
vt 0.851284 0.769044
vt 0.904633 0.714707
vt 0.916200 0.835601
vt 0.873635 0.594366
vt 0.893065 0.593813
vt 0.169424 0.102985
vt 0.175703 0.088825
vt 0.196151 0.090808
vt 0.185354 0.103787
vt 0.181982 0.074665
vt 0.206948 0.077829
vt 0.155254 0.086841
vt 0.157016 0.071500
vt 0.153493 0.102183
vt 0.138823 0.682354
vt 0.134245 0.631189
vt 0.155845 0.623154
vt 0.161628 0.665268
vt 0.129667 0.580024
vt 0.150062 0.581041
vt 0.112644 0.639223
vt 0.109271 0.579006
vt 0.116017 0.699440
vt 0.209389 0.640740
vt 0.210875 0.693797
vt 0.262933 0.658325
vt 0.260122 0.722326
vt 0.207903 0.587682
vt 0.265744 0.594323
vt 0.384676 0.650407
vt 0.381865 0.706491
vt 0.506420 0.642489
vt 0.503609 0.690655
vt 0.387488 0.594323
vt 0.509231 0.594323
vt 0.243583 0.487132
vt 0.225743 0.537407
vt 0.190129 0.534443
vt 0.230195 0.487845
vt 0.261357 0.540371
vt 0.256970 0.486419
vt 0.568920 0.626488
vt 0.567514 0.661328
vt 0.631420 0.610486
vt 0.631420 0.632001
vt 0.570325 0.591647
vt 0.192901 0.725602
vt 0.174928 0.757408
vt 0.246980 0.768851
vt 0.233838 0.815375
vt 0.946705 0.865580
vt 0.792458 0.797891
vt 0.775438 0.764837
vt 0.638212 0.730203
vt 0.634675 0.694073
vt 0.809479 0.830946
vt 0.641749 0.766333
vt 0.977209 0.895559
vt 0.378713 0.498582
vt 0.383101 0.546452
vt 0.504844 0.552534
vt 0.500457 0.510744
vt 0.376382 0.748788
vt 0.370898 0.791085
vt 0.505784 0.728725
vt 0.507959 0.766794
vt 0.120642 0.424922
vt 0.193007 0.391299
vt 0.213893 0.413307
vt 0.161122 0.437916
vt 0.265371 0.357676
vt 0.266664 0.388699
vt 0.172120 0.369291
vt 0.264079 0.326654
vt 0.080162 0.411927
vt 0.565938 0.528343
vt 0.567783 0.491435
vt 0.631358 0.504001
vt 0.569628 0.454527
vt 0.631297 0.462061
vt 0.504208 0.478868
vt 0.507959 0.446992
vt 0.568132 0.559995
vt 0.569416 0.695881
vt 0.571317 0.730434
vt 0.633047 0.663037
vt 0.386608 0.385752
vt 0.387311 0.417845
vt 0.507844 0.413827
vt 0.385904 0.353658
vt 0.507730 0.380663
vt 0.759586 0.444583
vt 0.887813 0.385164
vt 0.777820 0.406394
vt 0.924342 0.350727
vt 0.742082 0.646234
vt 0.741352 0.700523
vt 0.948168 0.323117
vt 0.933660 0.458623
vt 0.908704 0.472270
vt 0.919152 0.594129
vt 0.958617 0.444976
vt 0.945240 0.594445
vt 0.971994 0.295507
vt 0.932928 0.729854
vt 0.961224 0.745002
vt 0.207497 0.055798
vt 0.182040 0.054161
vt 0.182098 0.033657
vt 0.208046 0.033766
vt 0.156583 0.052524
vt 0.156150 0.033548
vt 0.077732 0.581509
vt 0.085323 0.643648
vt 0.058001 0.648072
vt 0.046193 0.584011
vt 0.092913 0.705786
vt 0.069810 0.712133
vt 0.156975 0.766000
vt 0.139022 0.774593
vt 0.221037 0.826214
vt 0.208235 0.837052
vt 0.758395 0.732680
vt 0.348420 0.970097
vt 0.417044 0.943694
vt 0.419985 0.965606
vt 0.352345 0.992013
vt 0.485667 0.917291
vt 0.487626 0.939199
vt 0.414102 0.921781
vt 0.483708 0.895382
vt 0.344496 0.948180
vt 0.195659 0.462880
vt 0.228738 0.450220
vt 0.261817 0.437559
vt 0.632709 0.421986
vt 0.570277 0.417906
vt 0.570926 0.381286
vt 0.634122 0.381910
vt 0.521475 0.781127
vt 0.579844 0.755665
vt 0.588370 0.780896
vt 0.534992 0.795460
vt 0.692242 0.030386
vt 0.806450 0.032148
vt 0.795782 0.046122
vt 0.708789 0.043838
vt 0.920659 0.033910
vt 0.882775 0.048406
vt 0.817119 0.018174
vt 0.958542 0.019413
vt 0.675696 0.016935
vt 0.790439 0.372551
vt 0.803058 0.338709
vt 0.880724 0.489765
vt 0.385874 0.120778
vt 0.470811 0.137517
vt 0.476691 0.116045
vt 0.405100 0.106310
vt 0.555748 0.154257
vt 0.548283 0.125780
vt 0.464930 0.158989
vt 0.563214 0.182733
vt 0.366647 0.135246
vt 0.940709 0.209587
vt 0.910309 0.210070
vt 0.886843 0.169483
vt 0.911460 0.170411
vt 0.879908 0.210553
vt 0.862226 0.168554
vt 0.933774 0.250657
vt 0.897590 0.252551
vt 0.969959 0.248763
vt 0.757578 0.194435
vt 0.770698 0.160413
vt 0.635249 0.178318
vt 0.679170 0.152272
vt 0.744459 0.228458
vt 0.591327 0.204365
vt 0.624973 0.166496
vt 0.665007 0.142985
vt 0.614697 0.154674
vt 0.650845 0.133697
vt 0.584938 0.190008
vt 0.578549 0.175652
vt 0.414248 0.096563
vt 0.481979 0.105078
vt 0.487266 0.094110
vt 0.423397 0.086816
vt 0.549709 0.113593
vt 0.551136 0.101405
vt 0.904918 0.153679
vt 0.881387 0.153156
vt 0.875930 0.136830
vt 0.898376 0.136946
vt 0.857855 0.152634
vt 0.853485 0.136714
vt 0.774034 0.143616
vt 0.777370 0.126818
vt 0.690213 0.134597
vt 0.701256 0.116922
vt 0.674719 0.124686
vt 0.684431 0.106387
vt 0.659225 0.114774
vt 0.667605 0.095851
vt 0.422655 0.063031
vt 0.497060 0.065090
vt 0.506855 0.036070
vt 0.421913 0.039246
vt 0.571466 0.067149
vt 0.591796 0.032893
vt 0.928459 0.078180
vt 0.898294 0.085370
vt 0.868130 0.092560
vt 0.786576 0.086470
vt 0.705022 0.080380
vt 0.688337 0.068386
vt 0.671651 0.056393
vt 0.261553 0.831485
vt 0.381156 0.809886
vt 0.391413 0.828686
vt 0.289267 0.847594
vt 0.500759 0.788286
vt 0.493559 0.809778
vt 0.522502 0.809086
vt 0.523528 0.837045
vt 0.544245 0.829886
vt 0.553497 0.864311
vt 0.219106 0.879563
vt 0.240329 0.855524
vt 0.259622 0.884834
vt 0.229978 0.922074
vt 0.316881 0.897887
vt 0.402757 0.875234
vt 0.488633 0.852580
vt 0.504597 0.877168
vt 0.520561 0.901755
vt 0.291161 0.957044
vt 0.304021 0.927465
vt 0.041999 0.279211
vt 0.042647 0.211875
vt 0.064784 0.200409
vt 0.063508 0.260085
vt 0.043294 0.144539
vt 0.066060 0.140733
vt 0.020509 0.223340
vt 0.020529 0.148344
vt 0.020489 0.298336
vt 0.309820 0.189668
vt 0.252469 0.221491
vt 0.238366 0.206974
vt 0.286334 0.182875
vt 0.195117 0.253313
vt 0.190398 0.231073
vt 0.266572 0.236007
vt 0.199837 0.275553
vt 0.333307 0.196460
vt 0.118558 0.266262
vt 0.126953 0.245579
vt 0.110163 0.286945
vt 0.043564 0.089660
vt 0.064959 0.089102
vt 0.043834 0.034781
vt 0.063858 0.037471
vt 0.022169 0.090218
vt 0.023810 0.032091
vt 0.315266 0.034411
vt 0.312543 0.112040
vt 0.291868 0.108706
vt 0.297403 0.034536
vt 0.333218 0.115373
vt 0.333130 0.034287
vt 0.080716 0.232105
vt 0.081952 0.182043
vt 0.099120 0.163677
vt 0.097923 0.204126
vt 0.083189 0.131980
vt 0.100317 0.123227
vt 0.270847 0.162657
vt 0.228889 0.184580
vt 0.219413 0.162186
vt 0.255360 0.142438
vt 0.186932 0.206504
vt 0.183465 0.181934
vt 0.133824 0.219305
vt 0.140694 0.193030
vt 0.084153 0.083329
vt 0.103346 0.077555
vt 0.085117 0.034677
vt 0.106375 0.031883
vt 0.282550 0.034353
vt 0.276699 0.098505
vt 0.261529 0.088304
vt 0.267698 0.034169
vt 0.111213 0.174532
vt 0.112374 0.140928
vt 0.125628 0.118179
vt 0.124503 0.144938
vt 0.113536 0.107323
vt 0.126754 0.091420
vt 0.244419 0.130514
vt 0.214000 0.146347
vt 0.208588 0.130508
vt 0.233478 0.118590
vt 0.183582 0.162180
vt 0.183699 0.142425
vt 0.147397 0.168356
vt 0.154101 0.143682
vt 0.115517 0.069715
vt 0.127689 0.061876
vt 0.117499 0.032108
vt 0.128623 0.032332
vt 0.250238 0.033908
vt 0.247329 0.082211
vt 0.233128 0.076119
vt 0.232779 0.033647
vt 0.138998 0.123561
vt 0.140441 0.102510
vt 0.141885 0.081460
vt 0.220213 0.098210
vt 0.202370 0.110658
vt 0.184527 0.123106
vt 0.161762 0.123333
vt 0.142136 0.057200
vt 0.142386 0.032940
vt 0.220412 0.033707
vt 0.220313 0.065958
vt 0.209389 0.640740
vt 0.759586 0.444583
vt 0.182040 0.054161
vt 0.579844 0.755665
vt 0.624973 0.166496
vt 0.898294 0.085370
vt 0.381156 0.809886
vt 0.522502 0.809086
vt 0.504597 0.877168
vt 0.312543 0.112040
vt 0.140441 0.102510
s 1
usemtl Schuppen
f 144/1/144 143/2/143 145/3/145 3/4/3
f 145/3/145 143/2/143 146/5/146 17/6/17
f 146/5/146 143/2/143 147/7/147 5/8/5
f 147/7/147 143/2/143 144/1/144 22/9/22
f 149/10/149 148/11/148 150/12/150 4/13/4
f 150/12/150 148/11/148 151/14/151 31/15/31
f 151/14/151 148/11/148 152/16/152 39/17/39
f 152/16/152 148/11/148 149/10/149 22/9/22
f 154/18/154 153/19/153 155/20/155 78/21/78
f 155/20/155 153/19/153 156/22/156 82/23/82
f 156/22/156 153/19/153 157/24/157 83/25/83
f 157/24/157 153/19/153 154/18/154 80/26/80
f 159/27/159 158/28/158 160/29/160 2/30/2
f 160/29/160 158/28/158 161/31/161 21/32/21
f 161/31/161 158/28/158 162/33/162 38/34/38
f 162/33/162 158/28/158 159/27/159 29/35/29
f 160/29/160 163/36/163 164/37/164 2/30/2
f 164/37/164 163/36/163 165/38/165 10/39/10
f 165/38/165 163/36/163 166/40/166 25/41/25
f 166/40/166 163/36/163 160/29/160 21/32/21
f 165/38/165 167/42/167 168/43/168 10/39/10
f 168/43/168 167/42/167 169/44/169 14/45/14
f 169/44/169 167/42/167 170/46/170 27/47/27
f 170/46/170 167/42/167 165/38/165 25/41/25
f 172/48/172 171/49/171 173/50/173 1/51/1
f 173/50/173 171/49/171 166/40/166 21/32/21
f 166/40/166 171/49/171 174/52/174 25/41/25
f 174/52/174 171/49/171 172/48/172 9/53/9
f 169/44/169 175/54/175 176/55/176 14/45/14
f 176/55/176 175/54/175 177/56/177 18/57/18
f 177/56/177 175/54/175 178/58/178 5/8/5
f 178/58/178 175/54/175 169/44/169 27/47/27
f 164/37/164 179/59/179 159/27/159 2/30/2
f 159/27/159 179/59/179 180/60/180 29/35/29
f 180/60/180 179/59/179 181/61/181 33/62/33
f 181/61/181 179/59/179 164/37/164 10/39/10
f 183/63/183 182/64/182 184/65/184 31/15/31
f 184/65/184 182/64/182 185/66/185 37/67/37
f 185/66/185 182/64/182 186/68/186 23/69/23
f 186/68/186 182/64/182 183/63/183 11/70/11
f 188/71/188 187/72/187 174/52/174 9/53/9
f 174/52/174 187/72/187 170/46/170 25/41/25
f 170/46/170 187/72/187 189/73/189 27/47/27
f 189/73/189 187/72/187 188/71/188 13/74/13
f 168/43/168 190/75/190 181/61/181 10/39/10
f 181/61/181 190/75/190 191/76/191 33/62/33
f 191/76/191 190/75/190 192/77/192 35/78/35
f 192/77/192 190/75/190 168/43/168 14/45/14
f 194/79/194 193/80/193 195/81/195 28/82/28
f 195/81/195 193/80/193 196/83/196 32/84/32
f 196/83/196 193/80/193 197/85/197 12/86/12
f 197/85/197 193/80/193 194/79/194 6/87/6
f 199/88/199 198/89/198 200/90/200 17/6/17
f 200/90/200 198/89/198 201/91/201 36/92/36
f 201/91/201 198/89/198 202/93/202 34/94/34
f 202/93/202 198/89/198 199/88/199 13/74/13
f 199/88/199 203/95/203 189/73/189 13/74/13
f 189/73/189 203/95/203 178/58/178 27/47/27
f 178/58/178 203/95/203 146/5/146 5/8/5
f 146/5/146 203/95/203 199/88/199 17/6/17
f 176/55/176 204/96/204 192/77/192 14/45/14
f 192/77/192 204/96/204 205/97/205 35/78/35
f 205/97/205 204/96/204 206/98/206 37/67/37
f 206/98/206 204/96/204 176/55/176 18/57/18
f 196/83/196 207/99/207 208/100/208 32/84/32
f 208/100/208 207/99/207 209/101/209 34/94/34
f 209/101/209 207/99/207 210/102/210 16/103/16
f 210/102/210 207/99/207 196/83/196 12/86/12
f 145/3/145 211/104/211 212/105/212 3/4/3
f 212/105/212 211/104/211 213/106/213 30/107/30
f 213/106/213 211/104/211 200/90/200 36/92/36
f 200/90/200 211/104/211 145/3/145 17/6/17
f 177/56/177 214/108/214 215/109/215 18/57/18
f 215/109/215 214/108/214 149/10/149 4/13/4
f 149/10/149 214/108/214 147/7/147 22/9/22
f 147/7/147 214/108/214 177/56/177 5/8/5
f 217/110/217 216/111/216 218/112/218 30/107/30
f 218/112/218 216/111/216 219/113/219 39/17/39
f 219/113/219 216/111/216 220/114/220 26/115/26
f 220/114/220 216/111/216 217/110/217 8/116/8
f 183/63/183 221/117/221 222/118/222 11/70/11
f 222/118/222 221/117/221 219/113/219 26/115/26
f 219/113/219 221/117/221 151/14/151 39/17/39
f 151/14/151 221/117/221 183/63/183 31/15/31
f 224/119/224 223/120/223 225/121/225 79/122/79
f 225/121/225 223/120/223 226/123/226 81/124/81
f 226/123/226 223/120/223 156/22/156 83/25/83
f 156/22/156 223/120/223 224/119/224 82/23/82
f 228/125/228 227/126/227 229/127/229 24/128/24
f 229/127/229 227/126/227 230/129/230 7/130/7
f 230/129/230 227/126/227 162/33/162 29/35/29
f 162/33/162 227/126/227 228/125/228 38/34/38
f 230/129/230 231/131/231 232/132/232 7/130/7
f 232/132/232 231/131/231 233/133/233 15/134/15
f 233/133/233 231/131/231 180/60/180 33/62/33
f 180/60/180 231/131/231 230/129/230 29/35/29
f 150/12/150 234/135/234 215/109/215 4/13/4
f 215/109/215 234/135/234 206/98/206 18/57/18
f 206/98/206 234/135/234 184/65/184 37/67/37
f 184/65/184 234/135/234 150/12/150 31/15/31
f 236/136/236 235/137/235 237/138/237 52/139/52
f 237/138/237 235/137/235 238/140/238 53/141/53
f 238/140/238 235/137/235 239/142/239 55/143/55
f 239/142/239 235/137/235 236/136/236 54/144/54
f 241/145/241 240/146/240 172/48/172 1/51/1
f 172/48/172 240/146/240 242/147/242 9/53/9
f 242/147/242 240/146/240 195/81/195 32/84/32
f 195/81/195 240/146/240 241/145/241 28/82/28
f 244/148/244 243/149/243 245/150/245 20/151/20
f 245/150/245 243/149/243 209/101/209 16/103/16
f 209/101/209 243/149/243 201/91/201 34/94/34
f 201/91/201 243/149/243 244/148/244 36/92/36
f 247/152/247 246/153/246 248/154/248 19/155/19
f 248/154/248 246/153/246 185/66/185 23/69/23
f 185/66/185 246/153/246 205/97/205 37/67/37
f 205/97/205 246/153/246 247/152/247 35/78/35
f 250/156/250 249/157/249 251/158/251 48/159/48
f 251/158/251 249/157/249 252/160/252 49/161/49
f 252/160/252 249/157/249 253/162/253 51/163/51
f 253/162/253 249/157/249 250/156/250 50/164/50
f 217/110/217 254/165/254 255/166/255 8/116/8
f 255/166/255 254/165/254 244/148/244 20/151/20
f 244/148/244 254/165/254 213/106/213 36/92/36
f 213/106/213 254/165/254 217/110/217 30/107/30
f 212/105/212 256/167/256 144/1/144 3/4/3
f 144/1/144 256/167/256 152/16/152 22/9/22
f 152/16/152 256/167/256 218/112/218 39/17/39
f 218/112/218 256/167/256 212/105/212 30/107/30
f 258/168/258 257/169/257 259/170/259 42/171/42
f 259/170/259 257/169/257 260/172/260 43/173/43
f 260/172/260 257/169/257 208/174/208 34/175/34
f 208/174/208 257/169/257 258/168/258 32/176/32
f 260/177/260 261/178/261 262/179/262 43/180/43
f 262/179/262 261/178/261 263/181/263 41/182/41
f 263/181/263 261/178/261 202/183/202 13/184/13
f 202/183/202 261/178/261 260/177/260 34/185/34
f 263/181/263 264/186/264 265/187/265 41/182/41
f 265/187/265 264/186/264 266/188/266 40/189/40
f 266/188/266 264/186/264 188/190/188 9/191/9
f 188/190/188 264/186/264 263/181/263 13/184/13
f 266/188/266 267/192/267 268/193/268 40/189/40
f 268/193/268 267/192/267 258/194/258 42/195/42
f 258/194/258 267/192/267 242/196/242 32/197/32
f 242/196/242 267/192/267 266/188/266 9/191/9
f 270/198/270 269/199/269 271/200/271 46/201/46
f 271/200/271 269/199/269 272/202/272 47/203/47
f 272/202/272 269/199/269 259/170/259 43/173/43
f 259/170/259 269/199/269 270/198/270 42/171/42
f 272/204/272 273/205/273 274/206/274 47/207/47
f 274/206/274 273/205/273 275/208/275 45/209/45
f 275/208/275 273/205/273 262/179/262 41/182/41
f 262/179/262 273/205/273 272/204/272 43/180/43
f 275/208/275 276/210/276 277/211/277 45/209/45
f 277/211/277 276/210/276 278/212/278 44/213/44
f 278/212/278 276/210/276 265/187/265 40/189/40
f 265/187/265 276/210/276 275/208/275 41/182/41
f 278/212/278 279/214/279 280/215/280 44/213/44
f 280/215/280 279/214/279 270/216/270 46/217/46
f 270/216/270 279/214/279 268/193/268 42/195/42
f 268/193/268 279/214/279 278/212/278 40/189/40
f 282/218/282 281/219/281 253/220/253 50/221/50
f 253/220/253 281/219/281 283/222/283 51/223/51
f 283/222/283 281/219/281 271/200/271 47/203/47
f 271/200/271 281/219/281 282/218/282 46/201/46
f 283/224/283 284/225/284 252/160/252 51/163/51
f 252/160/252 284/225/284 285/226/285 49/161/49
f 285/226/285 284/225/284 274/206/274 45/209/45
f 274/206/274 284/225/284 283/224/283 47/207/47
f 285/226/285 286/227/286 251/158/251 49/161/49
f 251/158/251 286/227/286 287/228/287 48/159/48
f 287/228/287 286/227/286 277/211/277 44/213/44
f 277/211/277 286/227/286 285/226/285 45/209/45
f 287/228/287 288/229/288 250/156/250 48/159/48
f 250/156/250 288/229/288 282/230/282 50/164/50
f 282/230/282 288/229/288 280/215/280 46/217/46
f 280/215/280 288/229/288 287/228/287 44/213/44
f 290/231/290 289/232/289 291/233/291 58/234/58
f 291/233/291 289/232/289 292/235/292 59/236/59
f 292/235/292 289/232/289 191/76/191 35/78/35
f 191/76/191 289/232/289 290/231/290 33/62/33
f 292/235/292 293/237/293 294/238/294 59/236/59
f 294/238/294 293/237/293 295/239/295 57/240/57
f 295/239/295 293/237/293 247/152/247 19/155/19
f 247/152/247 293/237/293 292/235/292 35/78/35
f 297/241/297 296/242/296 298/243/298 56/244/56
f 298/243/298 296/242/296 290/231/290 58/234/58
f 290/231/290 296/242/296 233/133/233 33/62/33
f 233/133/233 296/242/296 297/241/297 15/134/15
f 300/245/300 299/246/299 239/142/239 54/144/54
f 239/142/239 299/246/299 301/247/301 55/143/55
f 301/247/301 299/246/299 291/233/291 59/236/59
f 291/233/291 299/246/299 300/245/300 58/234/58
f 301/247/301 302/248/302 238/140/238 55/143/55
f 238/140/238 302/248/302 303/249/303 53/141/53
f 303/249/303 302/248/302 294/238/294 57/240/57
f 294/238/294 302/248/302 301/247/301 59/236/59
f 305/250/305 304/251/304 236/136/236 52/139/52
f 236/136/236 304/251/304 300/245/300 54/144/54
f 300/245/300 304/251/304 298/243/298 58/234/58
f 298/243/298 304/251/304 305/250/305 56/244/56
f 307/252/307 306/253/306 308/254/308 62/255/62
f 308/254/308 306/253/306 309/256/309 65/257/65
f 309/256/309 306/253/306 161/258/161 38/259/38
f 161/258/161 306/253/306 307/252/307 21/260/21
f 311/261/311 310/262/310 312/263/312 64/264/64
f 312/263/312 310/262/310 313/265/313 60/266/60
f 313/265/313 310/262/310 241/267/241 1/268/1
f 241/267/241 310/262/310 311/261/311 28/269/28
f 313/265/313 314/270/314 315/271/315 60/266/60
f 315/271/315 314/270/314 307/252/307 62/255/62
f 307/252/307 314/270/314 173/272/173 21/260/21
f 173/272/173 314/270/314 313/265/313 1/268/1
f 309/256/309 316/273/316 317/274/317 65/257/65
f 317/274/317 316/273/316 318/275/318 63/276/63
f 318/275/318 316/273/316 228/277/228 24/278/24
f 228/277/228 316/273/316 309/256/309 38/259/38
f 320/279/320 319/280/319 321/281/321 61/282/61
f 321/281/321 319/280/319 311/261/311 64/264/64
f 311/261/311 319/280/319 194/283/194 28/269/28
f 194/283/194 319/280/319 320/279/320 6/284/6
f 323/285/323 322/286/322 324/287/324 68/288/68
f 324/287/324 322/286/322 325/289/325 71/290/71
f 325/289/325 322/286/322 308/254/308 65/257/65
f 308/254/308 322/286/322 323/285/323 62/255/62
f 327/291/327 326/292/326 328/293/328 70/294/70
f 328/293/328 326/292/326 329/295/329 66/296/66
f 329/295/329 326/292/326 312/263/312 60/266/60
f 312/263/312 326/292/326 327/291/327 64/264/64
f 329/295/329 330/297/330 331/298/331 66/296/66
f 331/298/331 330/297/330 323/285/323 68/288/68
f 323/285/323 330/297/330 315/271/315 62/255/62
f 315/271/315 330/297/330 329/295/329 60/266/60
f 325/289/325 332/299/332 333/300/333 71/290/71
f 333/300/333 332/299/332 334/301/334 69/302/69
f 334/301/334 332/299/332 317/274/317 63/276/63
f 317/274/317 332/299/332 325/289/325 65/257/65
f 336/303/336 335/304/335 337/305/337 67/306/67
f 337/305/337 335/304/335 327/291/327 70/294/70
f 327/291/327 335/304/335 321/281/321 64/264/64
f 321/281/321 335/304/335 336/303/336 61/282/61
f 339/307/339 338/308/338 340/309/340 74/310/74
f 340/309/340 338/308/338 341/311/341 77/312/77
f 341/311/341 338/308/338 324/287/324 71/290/71
f 324/287/324 338/308/338 339/307/339 68/288/68
f 343/313/343 342/314/342 344/315/344 76/316/76
f 344/315/344 342/314/342 345/317/345 72/318/72
f 345/317/345 342/314/342 328/293/328 66/296/66
f 328/293/328 342/314/342 343/313/343 70/294/70
f 345/317/345 346/319/346 347/320/347 72/318/72
f 347/320/347 346/319/346 339/307/339 74/310/74
f 339/307/339 346/319/346 331/298/331 68/288/68
f 331/298/331 346/319/346 345/317/345 66/296/66
f 341/311/341 348/321/348 349/322/349 77/312/77
f 349/322/349 348/321/348 350/323/350 75/324/75
f 350/323/350 348/321/348 333/300/333 69/302/69
f 333/300/333 348/321/348 341/311/341 71/290/71
f 352/325/352 351/326/351 353/327/353 73/328/73
f 353/327/353 351/326/351 343/313/343 76/316/76
f 343/313/343 351/326/351 337/305/337 70/294/70
f 337/305/337 351/326/351 352/325/352 67/306/67
f 355/329/355 354/330/354 157/24/157 80/26/80
f 157/24/157 354/330/354 356/331/356 83/25/83
f 356/331/356 354/330/354 340/309/340 77/312/77
f 340/309/340 354/330/354 355/329/355 74/310/74
f 358/332/358 357/333/357 155/20/155 82/23/82
f 155/20/155 357/333/357 359/334/359 78/21/78
f 359/334/359 357/333/357 344/315/344 72/318/72
f 344/315/344 357/333/357 358/332/358 76/316/76
f 359/334/359 360/335/360 154/18/154 78/21/78
f 154/18/154 360/335/360 355/329/355 80/26/80
f 355/329/355 360/335/360 347/320/347 74/310/74
f 347/320/347 360/335/360 359/334/359 72/318/72
f 356/331/356 361/336/361 226/123/226 83/25/83
f 226/123/226 361/336/361 362/337/362 81/124/81
f 362/337/362 361/336/361 349/322/349 75/324/75
f 349/322/349 361/336/361 356/331/356 77/312/77
f 364/338/364 363/339/363 224/119/224 79/122/79
f 224/119/224 363/339/363 358/332/358 82/23/82
f 358/332/358 363/339/363 353/327/353 76/316/76
f 353/327/353 363/339/363 364/338/364 73/328/73
f 366/7/366 365/2/365 367/5/367 88/8/88
f 367/5/367 365/2/365 368/3/368 93/6/93
f 368/3/368 365/2/365 369/1/369 86/4/86
f 369/1/369 365/2/365 366/7/366 96/9/96
f 371/16/371 370/11/370 372/14/372 110/17/110
f 372/14/372 370/11/370 373/12/373 102/15/102
f 373/12/373 370/11/370 374/10/374 87/13/87
f 374/10/374 370/11/370 371/16/371 96/9/96
f 376/24/376 375/19/375 377/22/377 142/25/142
f 377/22/377 375/19/375 378/20/378 141/23/141
f 378/20/378 375/19/375 379/18/379 139/21/139
f 379/18/379 375/19/375 376/24/376 140/26/140
f 381/33/381 380/28/380 382/31/382 109/34/109
f 382/31/382 380/28/380 383/29/383 95/32/95
f 383/29/383 380/28/380 384/27/384 85/30/85
f 384/27/384 380/28/380 381/33/381 100/35/100
f 386/40/386 385/340/385 387/38/387 97/41/97
f 387/38/387 385/340/385 388/37/388 90/39/90
f 388/37/388 385/340/385 383/29/383 85/30/85
f 383/29/383 385/340/385 386/40/386 95/32/95
f 390/46/390 389/42/389 391/44/391 98/47/98
f 391/44/391 389/42/389 392/43/392 92/45/92
f 392/43/392 389/42/389 387/38/387 90/39/90
f 387/38/387 389/42/389 390/46/390 97/41/97
f 394/52/394 393/49/393 386/40/386 97/41/97
f 386/40/386 393/49/393 395/50/395 95/32/95
f 395/50/395 393/49/393 396/48/396 84/51/84
f 396/48/396 393/49/393 394/52/394 89/53/89
f 398/58/398 397/54/397 399/56/399 88/8/88
f 399/56/399 397/54/397 400/55/400 94/57/94
f 400/55/400 397/54/397 391/44/391 92/45/92
f 391/44/391 397/54/397 398/58/398 98/47/98
f 402/61/402 401/59/401 403/60/403 104/62/104
f 403/60/403 401/59/401 384/27/384 100/35/100
f 384/27/384 401/59/401 388/37/388 85/30/85
f 388/37/388 401/59/401 402/61/402 90/39/90
f 186/68/186 404/64/404 405/66/405 23/69/23
f 405/66/405 404/64/404 406/65/406 108/67/108
f 406/65/406 404/64/404 407/63/407 102/15/102
f 407/63/407 404/64/404 186/68/186 11/70/11
f 409/73/409 408/72/408 390/46/390 98/47/98
f 390/46/390 408/72/408 394/52/394 97/41/97
f 394/52/394 408/72/408 410/71/410 89/53/89
f 410/71/410 408/72/408 409/73/409 91/74/91
f 412/77/412 411/75/411 413/76/413 106/78/106
f 413/76/413 411/75/411 402/61/402 104/62/104
f 402/61/402 411/75/411 392/43/392 90/39/90
f 392/43/392 411/75/411 412/77/412 92/45/92
f 197/85/197 414/80/414 415/83/415 12/86/12
f 415/83/415 414/80/414 416/81/416 103/84/103
f 416/81/416 414/80/414 417/79/417 99/82/99
f 417/79/417 414/80/414 197/85/197 6/87/6
f 419/93/419 418/89/418 420/91/420 105/94/105
f 420/91/420 418/89/418 421/90/421 107/92/107
f 421/90/421 418/89/418 422/88/422 93/6/93
f 422/88/422 418/89/418 419/93/419 91/74/91
f 367/5/367 423/95/423 398/58/398 88/8/88
f 398/58/398 423/95/423 409/73/409 98/47/98
f 409/73/409 423/95/423 422/88/422 91/74/91
f 422/88/422 423/95/423 367/5/367 93/6/93
f 425/98/425 424/96/424 426/97/426 108/67/108
f 426/97/426 424/96/424 412/77/412 106/78/106
f 412/77/412 424/96/424 400/55/400 92/45/92
f 400/55/400 424/96/424 425/98/425 94/57/94
f 210/102/210 427/99/427 428/101/428 16/103/16
f 428/101/428 427/99/427 429/100/429 105/94/105
f 429/100/429 427/99/427 415/83/415 103/84/103
f 415/83/415 427/99/427 210/102/210 12/86/12
f 421/90/421 430/341/430 431/106/431 107/92/107
f 431/106/431 430/341/430 432/105/432 101/107/101
f 432/105/432 430/341/430 368/3/368 86/4/86
f 368/3/368 430/341/430 421/90/421 93/6/93
f 366/7/366 433/108/433 374/10/374 96/9/96
f 374/10/374 433/108/433 434/109/434 87/13/87
f 434/109/434 433/108/433 399/56/399 94/57/94
f 399/56/399 433/108/433 366/7/366 88/8/88
f 220/114/220 435/111/435 436/113/436 26/115/26
f 436/113/436 435/111/435 437/112/437 110/17/110
f 437/112/437 435/111/435 438/110/438 101/107/101
f 438/110/438 435/111/435 220/114/220 8/116/8
f 372/14/372 439/117/439 436/113/436 110/17/110
f 436/113/436 439/117/439 222/118/222 26/115/26
f 222/118/222 439/117/439 407/63/407 11/70/11
f 407/63/407 439/117/439 372/14/372 102/15/102
f 377/22/377 440/342/440 441/123/441 142/25/142
f 441/123/441 440/342/440 225/121/225 81/124/81
f 225/121/225 440/342/440 442/119/442 79/122/79
f 442/119/442 440/342/440 377/22/377 141/23/141
f 381/33/381 443/126/443 444/129/444 100/35/100
f 444/129/444 443/126/443 229/127/229 7/130/7
f 229/127/229 443/126/443 445/125/445 24/128/24
f 445/125/445 443/126/443 381/33/381 109/34/109
f 403/60/403 446/131/446 447/133/447 104/62/104
f 447/133/447 446/131/446 232/132/232 15/134/15
f 232/132/232 446/131/446 444/129/444 7/130/7
f 444/129/444 446/131/446 403/60/403 100/35/100
f 406/65/406 448/135/448 425/98/425 108/67/108
f 425/98/425 448/135/448 434/109/434 94/57/94
f 434/109/434 448/135/448 373/12/373 87/13/87
f 373/12/373 448/135/448 406/65/406 102/15/102
f 450/142/450 449/137/449 451/140/451 124/143/124
f 451/140/451 449/137/449 237/138/237 53/141/53
f 237/138/237 449/137/449 452/136/452 52/139/52
f 452/136/452 449/137/449 450/142/450 123/144/123
f 416/81/416 453/146/453 454/147/454 103/84/103
f 454/147/454 453/146/453 396/48/396 89/53/89
f 396/48/396 453/146/453 455/145/455 84/51/84
f 455/145/455 453/146/453 416/81/416 99/82/99
f 420/91/420 456/149/456 428/101/428 105/94/105
f 428/101/428 456/149/456 245/150/245 16/103/16
f 245/150/245 456/149/456 457/148/457 20/151/20
f 457/148/457 456/149/456 420/91/420 107/92/107
f 426/97/426 458/343/458 405/66/405 108/67/108
f 405/66/405 458/343/458 248/154/248 23/69/23
f 248/154/248 458/343/458 459/152/459 19/155/19
f 459/152/459 458/343/458 426/97/426 106/78/106
f 461/162/461 460/157/460 462/160/462 122/163/122
f 462/160/462 460/157/460 463/158/463 120/161/120
f 463/158/463 460/157/460 464/156/464 119/159/119
f 464/156/464 460/157/460 461/162/461 121/164/121
f 431/106/431 465/165/465 457/148/457 107/92/107
f 457/148/457 465/165/465 255/166/255 20/151/20
f 255/166/255 465/165/465 438/110/438 8/116/8
f 438/110/438 465/165/465 431/106/431 101/107/101
f 437/112/437 466/167/466 371/16/371 110/17/110
f 371/16/371 466/167/466 369/1/369 96/9/96
f 369/1/369 466/167/466 432/105/432 86/4/86
f 432/105/432 466/167/466 437/112/437 101/107/101
f 429/174/429 467/169/467 468/172/468 105/175/105
f 468/172/468 467/169/467 469/170/469 114/173/114
f 469/170/469 467/169/467 470/168/470 113/171/113
f 470/168/470 467/169/467 429/174/429 103/176/103
f 419/183/419 471/178/471 472/181/472 91/184/91
f 472/181/472 471/178/471 473/179/473 112/182/112
f 473/179/473 471/178/471 468/177/468 114/180/114
f 468/177/468 471/178/471 419/183/419 105/185/105
f 410/190/410 474/186/474 475/188/475 89/191/89
f 475/188/475 474/186/474 476/187/476 111/189/111
f 476/187/476 474/186/474 472/181/472 112/182/112
f 472/181/472 474/186/474 410/190/410 91/184/91
f 454/196/454 477/344/477 470/194/470 103/197/103
f 470/194/470 477/344/477 478/193/478 113/195/113
f 478/193/478 477/344/477 475/188/475 111/189/111
f 475/188/475 477/344/477 454/196/454 89/191/89
f 469/170/469 479/199/479 480/202/480 114/173/114
f 480/202/480 479/199/479 481/200/481 118/203/118
f 481/200/481 479/199/479 482/198/482 117/201/117
f 482/198/482 479/199/479 469/170/469 113/171/113
f 473/179/473 483/205/483 484/208/484 112/182/112
f 484/208/484 483/205/483 485/206/485 116/209/116
f 485/206/485 483/205/483 480/204/480 118/207/118
f 480/204/480 483/205/483 473/179/473 114/180/114
f 476/187/476 486/210/486 487/212/487 111/189/111
f 487/212/487 486/210/486 488/211/488 115/213/115
f 488/211/488 486/210/486 484/208/484 116/209/116
f 484/208/484 486/210/486 476/187/476 112/182/112
f 478/193/478 489/214/489 482/216/482 113/195/113
f 482/216/482 489/214/489 490/215/490 117/217/117
f 490/215/490 489/214/489 487/212/487 115/213/115
f 487/212/487 489/214/489 478/193/478 111/189/111
f 481/200/481 491/219/491 492/222/492 118/203/118
f 492/222/492 491/219/491 461/220/461 122/223/122
f 461/220/461 491/219/491 493/218/493 121/221/121
f 493/218/493 491/219/491 481/200/481 117/201/117
f 485/206/485 494/345/494 495/226/495 116/209/116
f 495/226/495 494/345/494 462/160/462 120/161/120
f 462/160/462 494/345/494 492/224/492 122/163/122
f 492/224/492 494/345/494 485/206/485 118/207/118
f 488/211/488 496/227/496 497/228/497 115/213/115
f 497/228/497 496/227/496 463/158/463 119/159/119
f 463/158/463 496/227/496 495/226/495 120/161/120
f 495/226/495 496/227/496 488/211/488 116/209/116
f 490/215/490 498/229/498 493/230/493 117/217/117
f 493/230/493 498/229/498 464/156/464 121/164/121
f 464/156/464 498/229/498 497/228/497 119/159/119
f 497/228/497 498/229/498 490/215/490 115/213/115
f 413/76/413 499/346/499 500/235/500 106/78/106
f 500/235/500 499/346/499 501/233/501 126/236/126
f 501/233/501 499/346/499 502/231/502 125/234/125
f 502/231/502 499/346/499 413/76/413 104/62/104
f 459/152/459 503/347/503 295/239/295 19/155/19
f 295/239/295 503/347/503 504/238/504 57/240/57
f 504/238/504 503/347/503 500/235/500 126/236/126
f 500/235/500 503/347/503 459/152/459 106/78/106
f 447/133/447 505/242/505 502/231/502 104/62/104
f 502/231/502 505/242/505 506/243/506 125/234/125
f 506/243/506 505/242/505 297/241/297 56/244/56
f 297/241/297 505/242/505 447/133/447 15/134/15
f 501/233/501 507/246/507 508/247/508 126/236/126
f 508/247/508 507/246/507 450/142/450 124/143/124
f 450/142/450 507/246/507 509/245/509 123/144/123
f 509/245/509 507/246/507 501/233/501 125/234/125
f 504/238/504 510/348/510 303/249/303 57/240/57
f 303/249/303 510/348/510 451/140/451 53/141/53
f 451/140/451 510/348/510 508/247/508 124/143/124
f 508/247/508 510/348/510 504/238/504 126/236/126
f 506/243/506 511/251/511 509/245/509 125/234/125
f 509/245/509 511/251/511 452/136/452 123/144/123
f 452/136/452 511/251/511 305/250/305 52/139/52
f 305/250/305 511/251/511 506/243/506 56/244/56
f 382/258/382 512/253/512 513/256/513 109/259/109
f 513/256/513 512/253/512 514/254/514 130/257/130
f 514/254/514 512/253/512 515/252/515 128/255/128
f 515/252/515 512/253/512 382/258/382 95/260/95
f 455/267/455 516/262/516 517/265/517 84/268/84
f 517/265/517 516/262/516 518/263/518 127/266/127
f 518/263/518 516/262/516 519/261/519 129/264/129
f 519/261/519 516/262/516 455/267/455 99/269/99
f 395/272/395 520/270/520 515/252/515 95/260/95
f 515/252/515 520/270/520 521/271/521 128/255/128
f 521/271/521 520/270/520 517/265/517 127/266/127
f 517/265/517 520/270/520 395/272/395 84/268/84
f 445/277/445 522/273/522 318/275/318 24/278/24
f 318/275/318 522/273/522 523/274/523 63/276/63
f 523/274/523 522/273/522 513/256/513 130/257/130
f 513/256/513 522/273/522 445/277/445 109/259/109
f 417/283/417 524/349/524 519/261/519 99/269/99
f 519/261/519 524/349/524 525/281/525 129/264/129
f 525/281/525 524/349/524 320/279/320 61/282/61
f 320/279/320 524/349/524 417/283/417 6/284/6
f 514/254/514 526/286/526 527/289/527 130/257/130
f 527/289/527 526/286/526 528/287/528 134/290/134
f 528/287/528 526/286/526 529/285/529 132/288/132
f 529/285/529 526/286/526 514/254/514 128/255/128
f 518/263/518 530/292/530 531/295/531 127/266/127
f 531/295/531 530/292/530 532/293/532 131/296/131
f 532/293/532 530/292/530 533/291/533 133/294/133
f 533/291/533 530/292/530 518/263/518 129/264/129
f 521/271/521 534/297/534 529/285/529 128/255/128
f 529/285/529 534/297/534 535/298/535 132/288/132
f 535/298/535 534/297/534 531/295/531 131/296/131
f 531/295/531 534/297/534 521/271/521 127/266/127
f 523/274/523 536/299/536 334/301/334 63/276/63
f 334/301/334 536/299/536 537/300/537 69/302/69
f 537/300/537 536/299/536 527/289/527 134/290/134
f 527/289/527 536/299/536 523/274/523 130/257/130
f 525/281/525 538/304/538 533/291/533 129/264/129
f 533/291/533 538/304/538 539/305/539 133/294/133
f 539/305/539 538/304/538 336/303/336 67/306/67
f 336/303/336 538/304/538 525/281/525 61/282/61
f 528/287/528 540/308/540 541/311/541 134/290/134
f 541/311/541 540/308/540 542/309/542 138/312/138
f 542/309/542 540/308/540 543/307/543 136/310/136
f 543/307/543 540/308/540 528/287/528 132/288/132
f 532/293/532 544/314/544 545/317/545 131/296/131
f 545/317/545 544/314/544 546/315/546 135/318/135
f 546/315/546 544/314/544 547/313/547 137/316/137
f 547/313/547 544/314/544 532/293/532 133/294/133
f 535/298/535 548/319/548 543/307/543 132/288/132
f 543/307/543 548/319/548 549/320/549 136/310/136
f 549/320/549 548/319/548 545/317/545 135/318/135
f 545/317/545 548/319/548 535/298/535 131/296/131
f 537/300/537 550/321/550 350/323/350 69/302/69
f 350/323/350 550/321/550 551/322/551 75/324/75
f 551/322/551 550/321/550 541/311/541 138/312/138
f 541/311/541 550/321/550 537/300/537 134/290/134
f 539/305/539 552/326/552 547/313/547 133/294/133
f 547/313/547 552/326/552 553/327/553 137/316/137
f 553/327/553 552/326/552 352/325/352 73/328/73
f 352/325/352 552/326/552 539/305/539 67/306/67
f 542/309/542 554/350/554 555/331/555 138/312/138
f 555/331/555 554/350/554 376/24/376 142/25/142
f 376/24/376 554/350/554 556/329/556 140/26/140
f 556/329/556 554/350/554 542/309/542 136/310/136
f 546/315/546 557/333/557 558/334/558 135/318/135
f 558/334/558 557/333/557 378/20/378 139/21/139
f 378/20/378 557/333/557 559/332/559 141/23/141
f 559/332/559 557/333/557 546/315/546 137/316/137
f 549/320/549 560/335/560 556/329/556 136/310/136
f 556/329/556 560/335/560 379/18/379 140/26/140
f 379/18/379 560/335/560 558/334/558 139/21/139
f 558/334/558 560/335/560 549/320/549 135/318/135
f 551/322/551 561/336/561 362/337/362 75/324/75
f 362/337/362 561/336/561 441/123/441 81/124/81
f 441/123/441 561/336/561 555/331/555 142/25/142
f 555/331/555 561/336/561 551/322/551 138/312/138
f 553/327/553 562/339/562 559/332/559 137/316/137
f 559/332/559 562/339/562 442/119/442 141/23/141
f 442/119/442 562/339/562 364/338/364 79/122/79
f 364/338/364 562/339/562 553/327/553 73/328/73
o Aug
v 0.011938 0.113834 0.123036
v 0.095595 0.154364 0.158274
v 0.015345 0.115439 0.115233
v 0.014651 0.116769 0.115349
v 0.013895 0.118019 0.115706
v 0.013098 0.119152 0.116295
v 0.012286 0.120132 0.117096
v 0.011482 0.120931 0.118086
v 0.010711 0.121523 0.119235
v 0.009997 0.121891 0.120507
v 0.009361 0.122023 0.121864
v 0.008823 0.121916 0.123265
v 0.008399 0.121573 0.124667
v 0.008102 0.121003 0.126028
v 0.007940 0.120226 0.127306
v 0.007919 0.119263 0.128462
v 0.008040 0.118145 0.129461
v 0.008298 0.116906 0.130274
v 0.008687 0.115582 0.130875
v 0.009193 0.114215 0.131245
v 0.009802 0.112845 0.131374
v 0.010495 0.111515 0.131258
v 0.011252 0.110264 0.130901
v 0.012048 0.109132 0.130312
v 0.012861 0.108151 0.129511
v 0.013665 0.107353 0.128521
v 0.014435 0.106761 0.127372
v 0.015150 0.106393 0.126100
v 0.015785 0.106261 0.124743
v 0.016324 0.106368 0.123342
v 0.016748 0.106711 0.121940
v 0.017045 0.107280 0.120579
v 0.017207 0.108058 0.119301
v 0.017227 0.109020 0.118145
v 0.017107 0.110138 0.117146
v 0.016848 0.111378 0.116333
v 0.016460 0.112702 0.115733
v 0.015954 0.114069 0.115362
v 0.019919 0.117611 0.108202
v 0.018553 0.120231 0.108430
v 0.017063 0.122694 0.109135
v 0.015494 0.124924 0.110294
v 0.013894 0.126855 0.111872
v 0.012311 0.128428 0.113822
v 0.010793 0.129594 0.116085
v 0.009386 0.130318 0.118590
v 0.008134 0.130579 0.121264
v 0.007074 0.130368 0.124023
v 0.006239 0.129692 0.126784
v 0.005653 0.128571 0.129464
v 0.005335 0.127039 0.131981
v 0.005294 0.125144 0.134259
v 0.005531 0.122942 0.136227
v 0.006040 0.120500 0.137827
v 0.006805 0.117893 0.139010
v 0.007802 0.115199 0.139740
v 0.009002 0.112502 0.139995
v 0.010368 0.109882 0.139767
v 0.011858 0.107419 0.139062
v 0.013427 0.105188 0.137903
v 0.015027 0.103257 0.136324
v 0.016610 0.101685 0.134374
v 0.018128 0.100518 0.132112
v 0.019535 0.099794 0.129606
v 0.020787 0.099533 0.126933
v 0.021847 0.099744 0.124174
v 0.022682 0.100420 0.121412
v 0.023268 0.101541 0.118733
v 0.023586 0.103073 0.116216
v 0.023627 0.104969 0.113938
v 0.023390 0.107171 0.111970
v 0.022881 0.109612 0.110369
v 0.022116 0.112220 0.109186
v 0.021118 0.114913 0.108457
v 0.025521 0.120283 0.102157
v 0.023525 0.124114 0.102491
v 0.021347 0.127714 0.103521
v 0.019053 0.130975 0.105215
v 0.016714 0.133798 0.107523
v 0.014399 0.136097 0.110374
v 0.012180 0.137802 0.113681
v 0.010124 0.138861 0.117344
v 0.008293 0.139242 0.121252
v 0.006744 0.138933 0.125286
v 0.005522 0.137945 0.129323
v 0.004666 0.136306 0.133241
v 0.004201 0.134067 0.136920
v 0.004141 0.131296 0.140249
v 0.004488 0.128077 0.143127
v 0.005232 0.124507 0.145467
v 0.006350 0.120696 0.147196
v 0.007809 0.116758 0.148263
v 0.009562 0.112814 0.148635
v 0.011559 0.108984 0.148302
v 0.013737 0.105384 0.147272
v 0.016030 0.102123 0.145577
v 0.018370 0.099300 0.143270
v 0.020685 0.097001 0.140419
v 0.022904 0.095296 0.137112
v 0.024960 0.094237 0.133448
v 0.026790 0.093856 0.129541
v 0.028340 0.094164 0.125507
v 0.029562 0.095153 0.121470
v 0.030418 0.096792 0.117552
v 0.030883 0.099031 0.113872
v 0.030943 0.101802 0.110543
v 0.030595 0.105021 0.107665
v 0.029851 0.108591 0.105326
v 0.028733 0.112402 0.103596
v 0.027275 0.116340 0.102529
v 0.031982 0.123376 0.097282
v 0.029416 0.128300 0.097711
v 0.026616 0.132929 0.099035
v 0.023667 0.137121 0.101214
v 0.020659 0.140750 0.104180
v 0.017684 0.143705 0.107845
v 0.014831 0.145897 0.112097
v 0.012188 0.147259 0.116806
v 0.009834 0.147748 0.121830
v 0.007842 0.147352 0.127016
v 0.006272 0.146081 0.132206
v 0.005171 0.143974 0.137242
v 0.004573 0.141096 0.141973
v 0.004496 0.137533 0.146253
v 0.004943 0.133395 0.149953
v 0.005899 0.128806 0.152960
v 0.007336 0.123906 0.155183
v 0.009211 0.118844 0.156555
v 0.011466 0.113774 0.157034
v 0.014032 0.108850 0.156604
v 0.016832 0.104221 0.155280
v 0.019781 0.100029 0.153102
v 0.022789 0.096400 0.150135
v 0.025764 0.093445 0.146470
v 0.028617 0.091253 0.142219
v 0.031260 0.089892 0.137510
v 0.033613 0.089402 0.132486
v 0.035606 0.089798 0.127300
v 0.037176 0.091069 0.122110
v 0.038277 0.093176 0.117073
v 0.038875 0.096054 0.112343
v 0.038952 0.099617 0.108063
v 0.038505 0.103755 0.104363
v 0.037549 0.108344 0.101356
v 0.036111 0.113244 0.099133
v 0.034237 0.118306 0.097761
v 0.039105 0.126794 0.093725
v 0.036046 0.132663 0.094237
v 0.032709 0.138179 0.095814
v 0.029195 0.143175 0.098410
v 0.025611 0.147500 0.101946
v 0.022065 0.151022 0.106314
v 0.018665 0.153634 0.111381
v 0.015515 0.155256 0.116993
v 0.012710 0.155840 0.122980
v 0.010336 0.155368 0.129160
v 0.008464 0.153853 0.135345
v 0.007152 0.151343 0.141348
v 0.006440 0.147912 0.146985
v 0.006348 0.143667 0.152086
v 0.006880 0.138734 0.156495
v 0.008020 0.133265 0.160079
v 0.009733 0.127426 0.162729
v 0.011967 0.121393 0.164364
v 0.014654 0.115351 0.164934
v 0.017713 0.109483 0.164422
v 0.021050 0.103967 0.162845
v 0.024564 0.098970 0.160249
v 0.028149 0.094645 0.156713
v 0.031694 0.091124 0.152345
v 0.035094 0.088512 0.147278
v 0.038244 0.086889 0.141666
v 0.041049 0.086305 0.135679
v 0.043423 0.086778 0.129499
v 0.045295 0.088292 0.123314
v 0.046607 0.090803 0.117311
v 0.047319 0.094233 0.111674
v 0.047411 0.098479 0.106573
v 0.046879 0.103411 0.102164
v 0.045739 0.108880 0.098580
v 0.044026 0.114720 0.095930
v 0.041792 0.120752 0.094295
v 0.046673 0.130435 0.091594
v 0.043215 0.137069 0.092172
v 0.039443 0.143305 0.093956
v 0.035470 0.148954 0.096891
v 0.031418 0.153843 0.100888
v 0.027409 0.157824 0.105825
v 0.023565 0.160777 0.111554
v 0.020004 0.162612 0.117899
v 0.016833 0.163272 0.124667
v 0.014149 0.162737 0.131654
v 0.012033 0.161025 0.138646
v 0.010550 0.158187 0.145432
v 0.009745 0.154309 0.151805
v 0.009641 0.149509 0.157572
v 0.010243 0.143933 0.162557
v 0.011531 0.137750 0.166608
v 0.013468 0.131149 0.169604
v 0.015994 0.124329 0.171452
v 0.019031 0.117498 0.172097
v 0.022489 0.110864 0.171518
v 0.026262 0.104628 0.169735
v 0.030234 0.098979 0.166800
v 0.034287 0.094090 0.162803
v 0.038296 0.090108 0.157865
v 0.042139 0.087156 0.152137
v 0.045700 0.085321 0.145792
v 0.048871 0.084661 0.139023
v 0.051555 0.085195 0.132037
v 0.053671 0.086908 0.125044
v 0.055154 0.089746 0.118258
v 0.055960 0.093624 0.111885
v 0.056063 0.098424 0.106119
v 0.055461 0.104000 0.101134
v 0.054173 0.110183 0.097082
v 0.052236 0.116784 0.094087
v 0.049711 0.123604 0.092239
v 0.054457 0.134186 0.090953
v 0.050705 0.141385 0.091581
v 0.046611 0.148152 0.093516
v 0.042301 0.154281 0.096701
v 0.037904 0.159586 0.101038
v 0.033554 0.163906 0.106396
v 0.029383 0.167110 0.112611
v 0.025519 0.169100 0.119496
v 0.022079 0.169816 0.126840
v 0.019166 0.169237 0.134421
v 0.016871 0.167379 0.142008
v 0.015261 0.164299 0.149371
v 0.014387 0.160091 0.156286
v 0.014275 0.154883 0.162543
v 0.014928 0.148833 0.167952
v 0.016326 0.142124 0.172349
v 0.018427 0.134961 0.175599
v 0.021168 0.127561 0.177604
v 0.024464 0.120149 0.178304
v 0.028215 0.112951 0.177677
v 0.032309 0.106184 0.175741
v 0.036620 0.100055 0.172557
v 0.041017 0.094750 0.168219
v 0.045367 0.090430 0.162862
v 0.049537 0.087226 0.156646
v 0.053401 0.085235 0.149762
v 0.056842 0.084519 0.142417
v 0.059754 0.085099 0.134836
v 0.062050 0.086957 0.127249
v 0.063659 0.090036 0.119886
v 0.064533 0.094244 0.112971
v 0.064646 0.099452 0.106714
v 0.063993 0.105503 0.101305
v 0.062594 0.112211 0.096909
v 0.060493 0.119375 0.093658
v 0.057753 0.126774 0.091653
v 0.062219 0.137935 0.091823
v 0.058287 0.145480 0.092481
v 0.053997 0.152571 0.094509
v 0.049480 0.158994 0.097846
v 0.044872 0.164554 0.102392
v 0.040313 0.169082 0.108007
v 0.035942 0.172440 0.114521
v 0.031893 0.174525 0.121736
v 0.028287 0.175276 0.129433
v 0.025235 0.174669 0.137377
v 0.022829 0.172722 0.145329
v 0.021142 0.169494 0.153046
v 0.020226 0.165084 0.160293
v 0.020108 0.159626 0.166850
v 0.020792 0.153285 0.172519
v 0.022258 0.146254 0.177126
v 0.024460 0.138747 0.180533
v 0.027332 0.130992 0.182634
v 0.030786 0.123224 0.183367
v 0.034718 0.115680 0.182710
v 0.039008 0.108589 0.180681
v 0.043526 0.102165 0.177344
v 0.048134 0.096605 0.172799
v 0.052693 0.092078 0.167184
v 0.057063 0.088720 0.160670
v 0.061113 0.086634 0.153455
v 0.064719 0.085884 0.145758
v 0.067771 0.086491 0.137813
v 0.070177 0.088438 0.129861
v 0.071864 0.091666 0.122145
v 0.072780 0.096076 0.114898
v 0.072898 0.101534 0.108340
v 0.072213 0.107875 0.102672
v 0.070748 0.114905 0.098064
v 0.068546 0.122412 0.094658
v 0.065674 0.130168 0.092556
v 0.069725 0.141568 0.094176
v 0.065733 0.149228 0.094844
v 0.061377 0.156429 0.096904
v 0.056789 0.162952 0.100293
v 0.052110 0.168597 0.104908
v 0.047481 0.173195 0.110610
v 0.043043 0.176604 0.117224
v 0.038931 0.178722 0.124550
v 0.035269 0.179485 0.132366
v 0.032170 0.178868 0.140434
v 0.029727 0.176891 0.148508
v 0.028014 0.173613 0.156343
v 0.027084 0.169135 0.163702
v 0.026964 0.163593 0.170361
v 0.027659 0.157154 0.176117
v 0.029147 0.150015 0.180796
v 0.031383 0.142392 0.184254
v 0.034300 0.134517 0.186388
v 0.037807 0.126630 0.187133
v 0.041800 0.118969 0.186465
v 0.046156 0.111768 0.184406
v 0.050744 0.105246 0.181017
v 0.055423 0.099600 0.176401
v 0.060052 0.095003 0.170700
v 0.064490 0.091593 0.164085
v 0.068602 0.089475 0.156759
v 0.072263 0.088713 0.148943
v 0.075363 0.089330 0.140876
v 0.077806 0.091307 0.132802
v 0.079518 0.094584 0.124966
v 0.080449 0.099062 0.117607
v 0.080568 0.104605 0.110948
v 0.079873 0.111043 0.105192
v 0.078385 0.118183 0.100514
v 0.076149 0.125805 0.097055
v 0.073233 0.133680 0.094921
v 0.076746 0.144973 0.097942
v 0.072814 0.152517 0.098600
v 0.068524 0.159609 0.100628
v 0.064007 0.166032 0.103965
v 0.059398 0.171592 0.108511
v 0.054840 0.176120 0.114126
v 0.050469 0.179477 0.120640
v 0.046420 0.181563 0.127855
v 0.042814 0.182314 0.135551
v 0.039762 0.181707 0.143496
v 0.037356 0.179759 0.151448
v 0.035669 0.176532 0.159165
v 0.034753 0.172122 0.166412
v 0.034635 0.166664 0.172969
v 0.035319 0.160323 0.178638
v 0.036785 0.153292 0.183245
v 0.038987 0.145785 0.186651
v 0.041859 0.138030 0.188753
v 0.045313 0.130262 0.189486
v 0.049245 0.122718 0.188829
v 0.053535 0.115627 0.186800
v 0.058053 0.109203 0.183463
v 0.062661 0.103643 0.178918
v 0.067220 0.099116 0.173303
v 0.071590 0.095758 0.166789
v 0.075640 0.093672 0.159574
v 0.079246 0.092921 0.151877
v 0.082298 0.093529 0.143932
v 0.084704 0.095476 0.135980
v 0.086391 0.098704 0.128264
v 0.087307 0.103113 0.121017
v 0.087425 0.108572 0.114459
v 0.086740 0.114913 0.108791
v 0.085275 0.121943 0.104183
v 0.083073 0.129450 0.100777
v 0.080201 0.137205 0.098675
v 0.083069 0.148048 0.103005
v 0.079317 0.155247 0.103633
v 0.075224 0.162013 0.105568
v 0.070913 0.168142 0.108753
v 0.066516 0.173448 0.113090
v 0.062166 0.177768 0.118448
v 0.057996 0.180972 0.124663
v 0.054132 0.182962 0.131548
v 0.050691 0.183678 0.138892
v 0.047779 0.183099 0.146473
v 0.045483 0.181241 0.154060
v 0.043873 0.178161 0.161423
v 0.042999 0.173953 0.168338
v 0.042887 0.168745 0.174595
v 0.043540 0.162695 0.180004
v 0.044938 0.155986 0.184401
v 0.047040 0.148823 0.187651
v 0.049780 0.141423 0.189656
v 0.053076 0.134011 0.190356
v 0.056828 0.126813 0.189729
v 0.060921 0.120046 0.187793
v 0.065232 0.113917 0.184609
v 0.069629 0.108612 0.180271
v 0.073979 0.104292 0.174914
v 0.078149 0.101088 0.168698
v 0.082013 0.099097 0.161814
v 0.085454 0.098381 0.154469
v 0.088366 0.098961 0.146888
v 0.090662 0.100819 0.139301
v 0.092272 0.103898 0.131938
v 0.093146 0.108106 0.125023
v 0.093258 0.113314 0.118766
v 0.092605 0.119365 0.113357
v 0.091207 0.126073 0.108961
v 0.089106 0.133237 0.105710
v 0.086365 0.140636 0.103705
v 0.088501 0.150699 0.109213
v 0.085044 0.157334 0.109791
v 0.081271 0.163570 0.111575
v 0.077298 0.169218 0.114510
v 0.073246 0.174108 0.118507
v 0.069237 0.178089 0.123444
v 0.065394 0.181042 0.129173
v 0.061833 0.182876 0.135517
v 0.058662 0.183536 0.142286
v 0.055978 0.183002 0.149273
v 0.053862 0.181290 0.156265
v 0.052379 0.178452 0.163051
v 0.051573 0.174574 0.169424
v 0.051469 0.169774 0.175191
v 0.052071 0.164198 0.180175
v 0.053360 0.158015 0.184227
v 0.055296 0.151413 0.187223
v 0.057822 0.144594 0.189071
v 0.060860 0.137763 0.189716
v 0.064317 0.131129 0.189137
v 0.068090 0.124893 0.187354
v 0.072063 0.119244 0.184419
v 0.076115 0.114355 0.180422
v 0.080124 0.110373 0.175484
v 0.083967 0.107420 0.169756
v 0.087529 0.105586 0.163411
v 0.090699 0.104926 0.156642
v 0.093383 0.105460 0.149656
v 0.095499 0.107172 0.142663
v 0.096983 0.110011 0.135877
v 0.097788 0.113889 0.129504
v 0.097892 0.118689 0.123738
v 0.097290 0.124265 0.118753
v 0.096001 0.130447 0.114701
v 0.094065 0.137049 0.111706
v 0.091539 0.143869 0.109857
v 0.092878 0.152846 0.116375
v 0.089820 0.158715 0.116887
v 0.086483 0.164231 0.118465
v 0.082969 0.169227 0.121061
v 0.079384 0.173552 0.124596
v 0.075838 0.177074 0.128964
v 0.072439 0.179686 0.134031
v 0.069288 0.181308 0.139643
v 0.066484 0.181892 0.145630
v 0.064109 0.181420 0.151810
v 0.062238 0.179905 0.157996
v 0.060926 0.177395 0.163998
v 0.060213 0.173964 0.169635
v 0.060122 0.169719 0.174736
v 0.060654 0.164786 0.179146
v 0.061794 0.159317 0.182730
v 0.063507 0.153478 0.185379
v 0.065741 0.147445 0.187014
v 0.068428 0.141403 0.187584
v 0.071486 0.135535 0.187073
v 0.074823 0.130019 0.185495
v 0.078338 0.125022 0.182899
v 0.081922 0.120697 0.179363
v 0.085468 0.117176 0.174996
v 0.088868 0.114564 0.169929
v 0.092018 0.112941 0.164316
v 0.094823 0.112357 0.158329
v 0.097197 0.112830 0.152149
v 0.099068 0.114344 0.145964
v 0.100380 0.116855 0.139962
v 0.101093 0.120285 0.134324
v 0.101185 0.124531 0.129224
v 0.100652 0.129463 0.124814
v 0.099512 0.134932 0.121230
v 0.097799 0.140772 0.118581
v 0.095565 0.146804 0.116946
v 0.096067 0.154423 0.124276
v 0.093501 0.159348 0.124705
v 0.090701 0.163976 0.126029
v 0.087752 0.168169 0.128207
v 0.084744 0.171798 0.131174
v 0.081769 0.174753 0.134839
v 0.078916 0.176945 0.139091
v 0.076273 0.178306 0.143800
v 0.073919 0.178796 0.148824
v 0.071927 0.178399 0.154009
v 0.070357 0.177129 0.159199
v 0.069256 0.175022 0.164236
v 0.068658 0.172144 0.168966
v 0.068581 0.168581 0.173246
v 0.069028 0.164442 0.176946
v 0.069984 0.159853 0.179954
v 0.071421 0.154953 0.182177
v 0.073296 0.149892 0.183549
v 0.075551 0.144822 0.184027
v 0.078117 0.139897 0.183598
v 0.080917 0.135269 0.182274
v 0.083866 0.131076 0.180096
v 0.086874 0.127447 0.177129
v 0.089849 0.124492 0.173464
v 0.092702 0.122300 0.169212
v 0.095345 0.120939 0.164503
v 0.097698 0.120449 0.159479
v 0.099691 0.120846 0.154294
v 0.101261 0.122116 0.149104
v 0.102362 0.124223 0.144067
v 0.102960 0.127101 0.139337
v 0.103037 0.130664 0.135057
v 0.102590 0.134803 0.131357
v 0.101634 0.139392 0.128349
v 0.100196 0.144292 0.126126
v 0.098322 0.149353 0.124754
v 0.097970 0.155383 0.132674
v 0.095974 0.159213 0.133008
v 0.093796 0.162814 0.134038
v 0.091502 0.166075 0.135732
v 0.089163 0.168898 0.138040
v 0.086848 0.171197 0.140891
v 0.084629 0.172901 0.144198
v 0.082573 0.173960 0.147861
v 0.080742 0.174341 0.151769
v 0.079193 0.174033 0.155803
v 0.077971 0.173045 0.159840
v 0.077115 0.171406 0.163757
v 0.076650 0.169167 0.167437
v 0.076590 0.166396 0.170766
v 0.076937 0.163176 0.173644
v 0.077681 0.159607 0.175983
v 0.078799 0.155795 0.177713
v 0.080258 0.151858 0.178780
v 0.082011 0.147914 0.179152
v 0.084008 0.144084 0.178818
v 0.086186 0.140483 0.177789
v 0.088479 0.137222 0.176094
v 0.090819 0.134399 0.173786
v 0.093134 0.132101 0.170936
v 0.095353 0.130396 0.167628
v 0.097409 0.129337 0.163965
v 0.099239 0.128956 0.160057
v 0.100789 0.129264 0.156024
v 0.102011 0.130253 0.151987
v 0.102867 0.131891 0.148069
v 0.103332 0.134130 0.144389
v 0.103392 0.136902 0.141060
v 0.103044 0.140121 0.138182
v 0.102300 0.143691 0.135843
v 0.101182 0.147502 0.134113
v 0.099724 0.151439 0.133046
v 0.098531 0.155696 0.141314
v 0.097165 0.158316 0.141543
v 0.095675 0.160779 0.142247
v 0.094106 0.163010 0.143406
v 0.092506 0.164941 0.144985
v 0.090922 0.166513 0.146935
v 0.089405 0.167679 0.149197
v 0.087998 0.168404 0.151703
v 0.086746 0.168664 0.154376
v 0.085686 0.168453 0.157135
v 0.084850 0.167777 0.159897
v 0.084264 0.166656 0.162577
v 0.083946 0.165125 0.165094
v 0.083905 0.163229 0.167371
v 0.084143 0.161027 0.169340
v 0.084652 0.158585 0.170940
v 0.085417 0.155978 0.172123
v 0.086414 0.153285 0.172853
v 0.087614 0.150587 0.173108
v 0.088980 0.147967 0.172879
v 0.090469 0.145504 0.172175
v 0.092038 0.143273 0.171016
v 0.093639 0.141342 0.169437
v 0.095222 0.139770 0.167487
v 0.096740 0.138604 0.165225
v 0.098146 0.137879 0.162719
v 0.099399 0.137619 0.160046
v 0.100459 0.137830 0.157287
v 0.101294 0.138506 0.154525
v 0.101880 0.139627 0.151845
v 0.102198 0.141158 0.149328
v 0.102239 0.143054 0.147051
v 0.102001 0.145256 0.145082
v 0.101492 0.147698 0.143482
v 0.100728 0.150305 0.142299
v 0.099730 0.152998 0.141569
v 0.097731 0.155353 0.149935
v 0.097037 0.156683 0.150051
v 0.096281 0.157933 0.150409
v 0.095484 0.159066 0.150997
v 0.094672 0.160046 0.151799
v 0.093868 0.160845 0.152789
v 0.093097 0.161437 0.153937
v 0.092383 0.161805 0.155209
v 0.091747 0.161937 0.156567
v 0.091209 0.161830 0.157967
v 0.090785 0.161486 0.159370
v 0.090488 0.160917 0.160730
v 0.090326 0.160140 0.162008
v 0.090305 0.159177 0.163164
v 0.090426 0.158059 0.164164
v 0.090684 0.156820 0.164976
v 0.091073 0.155496 0.165577
v 0.091579 0.154128 0.165947
v 0.092188 0.152759 0.166077
v 0.092881 0.151428 0.165961
v 0.093638 0.150178 0.165603
v 0.094434 0.149045 0.165015
v 0.095247 0.148065 0.164213
v 0.096051 0.147267 0.163223
v 0.096821 0.146675 0.162075
v 0.097535 0.146307 0.160802
v 0.098171 0.146175 0.159445
v 0.098709 0.146282 0.158044
v 0.099134 0.146625 0.156642
v 0.099431 0.147194 0.155282
v 0.099593 0.147972 0.154004
v 0.099613 0.148934 0.152847
v 0.099493 0.150052 0.151848
v 0.099234 0.151292 0.151036
v 0.098846 0.152616 0.150435
v 0.098340 0.153983 0.150064
v -0.011938 0.113834 0.123036
v -0.095595 0.154364 0.158274
v -0.015345 0.115439 0.115233
v -0.014651 0.116769 0.115349
v -0.013895 0.118019 0.115706
v -0.013098 0.119152 0.116295
v -0.012286 0.120132 0.117096
v -0.011482 0.120931 0.118086
v -0.010711 0.121523 0.119235
v -0.009997 0.121891 0.120507
v -0.009361 0.122023 0.121864
v -0.008823 0.121916 0.123265
v -0.008399 0.121573 0.124667
v -0.008102 0.121003 0.126028
v -0.007940 0.120226 0.127306
v -0.007919 0.119263 0.128462
v -0.008040 0.118145 0.129461
v -0.008298 0.116906 0.130274
v -0.008687 0.115582 0.130875
v -0.009193 0.114215 0.131245
v -0.009802 0.112845 0.131374
v -0.010495 0.111515 0.131258
v -0.011252 0.110264 0.130901
v -0.012048 0.109132 0.130312
v -0.012861 0.108151 0.129511
v -0.013665 0.107353 0.128521
v -0.014435 0.106761 0.127372
v -0.015149 0.106393 0.126100
v -0.015785 0.106261 0.124743
v -0.016323 0.106368 0.123342
v -0.016748 0.106711 0.121940
v -0.017045 0.107280 0.120579
v -0.017207 0.108058 0.119301
v -0.017227 0.109020 0.118145
v -0.017107 0.110138 0.117146
v -0.016848 0.111378 0.116333
v -0.016460 0.112702 0.115733
v -0.015954 0.114069 0.115362
v -0.019919 0.117611 0.108202
v -0.018553 0.120231 0.108430
v -0.017063 0.122694 0.109135
v -0.015494 0.124924 0.110294
v -0.013894 0.126855 0.111872
v -0.012311 0.128428 0.113822
v -0.010793 0.129594 0.116085
v -0.009386 0.130318 0.118590
v -0.008134 0.130579 0.121264
v -0.007074 0.130368 0.124023
v -0.006238 0.129692 0.126784
v -0.005653 0.128571 0.129464
v -0.005335 0.127039 0.131981
v -0.005294 0.125144 0.134259
v -0.005531 0.122942 0.136227
v -0.006040 0.120500 0.137827
v -0.006805 0.117893 0.139010
v -0.007802 0.115199 0.139740
v -0.009002 0.112502 0.139995
v -0.010368 0.109882 0.139767
v -0.011858 0.107419 0.139062
v -0.013427 0.105188 0.137903
v -0.015027 0.103257 0.136324
v -0.016610 0.101685 0.134374
v -0.018128 0.100518 0.132112
v -0.019534 0.099794 0.129606
v -0.020787 0.099533 0.126933
v -0.021847 0.099744 0.124174
v -0.022682 0.100420 0.121412
v -0.023268 0.101541 0.118733
v -0.023586 0.103073 0.116216
v -0.023627 0.104969 0.113938
v -0.023390 0.107171 0.111970
v -0.022881 0.109612 0.110369
v -0.022116 0.112220 0.109186
v -0.021118 0.114913 0.108457
v -0.025521 0.120283 0.102157
v -0.023525 0.124114 0.102491
v -0.021347 0.127714 0.103521
v -0.019053 0.130975 0.105215
v -0.016714 0.133798 0.107523
v -0.014399 0.136097 0.110374
v -0.012180 0.137802 0.113681
v -0.010124 0.138861 0.117344
v -0.008293 0.139242 0.121252
v -0.006744 0.138933 0.125286
v -0.005522 0.137945 0.129323
v -0.004666 0.136306 0.133241
v -0.004201 0.134067 0.136920
v -0.004141 0.131296 0.140249
v -0.004488 0.128077 0.143127
v -0.005232 0.124507 0.145467
v -0.006350 0.120696 0.147196
v -0.007808 0.116758 0.148263
v -0.009562 0.112814 0.148635
v -0.011559 0.108984 0.148302
v -0.013737 0.105384 0.147272
v -0.016030 0.102123 0.145577
v -0.018370 0.099300 0.143270
v -0.020685 0.097001 0.140419
v -0.022904 0.095296 0.137112
v -0.024960 0.094237 0.133448
v -0.026790 0.093856 0.129541
v -0.028340 0.094164 0.125507
v -0.029562 0.095153 0.121470
v -0.030418 0.096792 0.117552
v -0.030883 0.099031 0.113872
v -0.030943 0.101802 0.110543
v -0.030595 0.105021 0.107665
v -0.029851 0.108591 0.105326
v -0.028733 0.112402 0.103596
v -0.027275 0.116340 0.102529
v -0.031982 0.123376 0.097282
v -0.029416 0.128300 0.097711
v -0.026616 0.132929 0.099035
v -0.023667 0.137121 0.101214
v -0.020659 0.140750 0.104180
v -0.017684 0.143705 0.107845
v -0.014831 0.145897 0.112097
v -0.012188 0.147259 0.116806
v -0.009834 0.147748 0.121830
v -0.007842 0.147352 0.127016
v -0.006272 0.146081 0.132206
v -0.005171 0.143974 0.137242
v -0.004573 0.141096 0.141973
v -0.004496 0.137533 0.146253
v -0.004943 0.133395 0.149953
v -0.005899 0.128806 0.152960
v -0.007336 0.123906 0.155183
v -0.009211 0.118844 0.156555
v -0.011466 0.113774 0.157034
v -0.014032 0.108850 0.156604
v -0.016832 0.104221 0.155280
v -0.019781 0.100029 0.153102
v -0.022789 0.096400 0.150135
v -0.025764 0.093445 0.146470
v -0.028617 0.091253 0.142219
v -0.031260 0.089892 0.137510
v -0.033613 0.089402 0.132486
v -0.035606 0.089798 0.127300
v -0.037176 0.091069 0.122110
v -0.038277 0.093176 0.117073
v -0.038875 0.096054 0.112343
v -0.038952 0.099617 0.108063
v -0.038505 0.103755 0.104363
v -0.037549 0.108344 0.101356
v -0.036111 0.113244 0.099133
v -0.034237 0.118306 0.097761
v -0.039105 0.126794 0.093725
v -0.036046 0.132663 0.094237
v -0.032709 0.138179 0.095814
v -0.029195 0.143175 0.098410
v -0.025611 0.147500 0.101946
v -0.022065 0.151022 0.106314
v -0.018665 0.153634 0.111381
v -0.015515 0.155256 0.116993
v -0.012710 0.155840 0.122980
v -0.010336 0.155368 0.129160
v -0.008464 0.153853 0.135345
v -0.007152 0.151343 0.141348
v -0.006440 0.147912 0.146985
v -0.006348 0.143667 0.152086
v -0.006880 0.138734 0.156495
v -0.008020 0.133265 0.160079
v -0.009733 0.127426 0.162729
v -0.011967 0.121393 0.164364
v -0.014654 0.115351 0.164934
v -0.017713 0.109483 0.164422
v -0.021050 0.103967 0.162845
v -0.024564 0.098970 0.160249
v -0.028148 0.094645 0.156713
v -0.031694 0.091124 0.152345
v -0.035094 0.088512 0.147278
v -0.038244 0.086889 0.141666
v -0.041049 0.086305 0.135679
v -0.043423 0.086778 0.129499
v -0.045295 0.088292 0.123314
v -0.046607 0.090803 0.117311
v -0.047319 0.094233 0.111674
v -0.047411 0.098479 0.106573
v -0.046879 0.103411 0.102164
v -0.045739 0.108880 0.098580
v -0.044026 0.114720 0.095930
v -0.041792 0.120752 0.094295
v -0.046673 0.130435 0.091594
v -0.043215 0.137069 0.092172
v -0.039443 0.143305 0.093956
v -0.035470 0.148954 0.096891
v -0.031417 0.153843 0.100888
v -0.027409 0.157824 0.105825
v -0.023565 0.160777 0.111554
v -0.020004 0.162612 0.117899
v -0.016833 0.163272 0.124667
v -0.014149 0.162737 0.131654
v -0.012033 0.161025 0.138646
v -0.010550 0.158187 0.145432
v -0.009744 0.154309 0.151805
v -0.009641 0.149509 0.157572
v -0.010243 0.143933 0.162557
v -0.011531 0.137750 0.166608
v -0.013468 0.131149 0.169604
v -0.015993 0.124329 0.171452
v -0.019031 0.117498 0.172097
v -0.022489 0.110864 0.171518
v -0.026261 0.104628 0.169735
v -0.030234 0.098979 0.166800
v -0.034287 0.094090 0.162803
v -0.038295 0.090108 0.157865
v -0.042139 0.087156 0.152137
v -0.045700 0.085321 0.145792
v -0.048871 0.084661 0.139023
v -0.051555 0.085195 0.132037
v -0.053671 0.086908 0.125044
v -0.055154 0.089746 0.118258
v -0.055960 0.093624 0.111885
v -0.056063 0.098424 0.106119
v -0.055461 0.104000 0.101134
v -0.054173 0.110183 0.097082
v -0.052236 0.116784 0.094087
v -0.049711 0.123604 0.092239
v -0.054457 0.134186 0.090953
v -0.050705 0.141385 0.091581
v -0.046611 0.148152 0.093516
v -0.042301 0.154281 0.096701
v -0.037904 0.159586 0.101038
v -0.033554 0.163906 0.106396
v -0.029383 0.167110 0.112611
v -0.025519 0.169100 0.119496
v -0.022079 0.169816 0.126840
v -0.019166 0.169237 0.134421
v -0.016870 0.167379 0.142008
v -0.015261 0.164299 0.149371
v -0.014387 0.160091 0.156286
v -0.014275 0.154883 0.162543
v -0.014928 0.148833 0.167952
v -0.016326 0.142124 0.172349
v -0.018427 0.134961 0.175599
v -0.021167 0.127561 0.177604
v -0.024464 0.120149 0.178304
v -0.028215 0.112951 0.177677
v -0.032309 0.106184 0.175741
v -0.036620 0.100055 0.172557
v -0.041017 0.094750 0.168219
v -0.045367 0.090430 0.162862
v -0.049537 0.087226 0.156646
v -0.053401 0.085235 0.149762
v -0.056842 0.084519 0.142417
v -0.059754 0.085099 0.134836
v -0.062050 0.086957 0.127249
v -0.063659 0.090036 0.119886
v -0.064533 0.094244 0.112971
v -0.064646 0.099452 0.106714
v -0.063993 0.105503 0.101305
v -0.062594 0.112211 0.096909
v -0.060493 0.119375 0.093658
v -0.057753 0.126774 0.091653
v -0.062219 0.137935 0.091823
v -0.058287 0.145480 0.092481
v -0.053997 0.152571 0.094509
v -0.049480 0.158994 0.097846
v -0.044872 0.164554 0.102392
v -0.040313 0.169082 0.108007
v -0.035942 0.172440 0.114521
v -0.031893 0.174525 0.121736
v -0.028287 0.175276 0.129433
v -0.025235 0.174669 0.137377
v -0.022829 0.172722 0.145329
v -0.021142 0.169494 0.153046
v -0.020226 0.165084 0.160293
v -0.020108 0.159626 0.166850
v -0.020792 0.153285 0.172519
v -0.022258 0.146254 0.177126
v -0.024460 0.138747 0.180533
v -0.027332 0.130992 0.182634
v -0.030786 0.123224 0.183367
v -0.034718 0.115680 0.182710
v -0.039008 0.108589 0.180681
v -0.043526 0.102165 0.177344
v -0.048134 0.096605 0.172799
v -0.052693 0.092078 0.167184
v -0.057063 0.088720 0.160670
v -0.061113 0.086634 0.153455
v -0.064719 0.085884 0.145758
v -0.067771 0.086491 0.137813
v -0.070177 0.088438 0.129861
v -0.071864 0.091666 0.122145
v -0.072780 0.096076 0.114898
v -0.072898 0.101534 0.108340
v -0.072213 0.107875 0.102672
v -0.070748 0.114905 0.098064
v -0.068546 0.122412 0.094658
v -0.065674 0.130168 0.092556
v -0.069725 0.141568 0.094176
v -0.065733 0.149228 0.094844
v -0.061376 0.156429 0.096904
v -0.056789 0.162952 0.100293
v -0.052110 0.168597 0.104908
v -0.047481 0.173195 0.110610
v -0.043043 0.176604 0.117224
v -0.038931 0.178722 0.124550
v -0.035269 0.179485 0.132366
v -0.032170 0.178868 0.140434
v -0.029727 0.176891 0.148508
v -0.028014 0.173613 0.156343
v -0.027084 0.169135 0.163702
v -0.026964 0.163593 0.170361
v -0.027659 0.157154 0.176117
v -0.029147 0.150015 0.180796
v -0.031383 0.142392 0.184254
v -0.034300 0.134517 0.186388
v -0.037807 0.126630 0.187133
v -0.041800 0.118969 0.186465
v -0.046156 0.111768 0.184406
v -0.050744 0.105246 0.181017
v -0.055423 0.099600 0.176401
v -0.060052 0.095003 0.170700
v -0.064490 0.091593 0.164085
v -0.068602 0.089475 0.156759
v -0.072263 0.088713 0.148943
v -0.075363 0.089330 0.140876
v -0.077806 0.091307 0.132802
v -0.079518 0.094584 0.124966
v -0.080449 0.099062 0.117607
v -0.080568 0.104605 0.110948
v -0.079873 0.111043 0.105192
v -0.078385 0.118183 0.100514
v -0.076149 0.125805 0.097055
v -0.073233 0.133680 0.094921
v -0.076746 0.144973 0.097942
v -0.072814 0.152517 0.098600
v -0.068524 0.159609 0.100628
v -0.064007 0.166032 0.103965
v -0.059398 0.171592 0.108511
v -0.054840 0.176120 0.114126
v -0.050469 0.179477 0.120640
v -0.046420 0.181563 0.127855
v -0.042814 0.182314 0.135551
v -0.039762 0.181707 0.143496
v -0.037356 0.179759 0.151448
v -0.035669 0.176532 0.159165
v -0.034753 0.172122 0.166412
v -0.034635 0.166664 0.172969
v -0.035319 0.160323 0.178638
v -0.036785 0.153292 0.183245
v -0.038987 0.145785 0.186651
v -0.041859 0.138030 0.188753
v -0.045313 0.130262 0.189486
v -0.049245 0.122718 0.188829
v -0.053535 0.115627 0.186800
v -0.058053 0.109203 0.183463
v -0.062661 0.103643 0.178918
v -0.067220 0.099116 0.173303
v -0.071590 0.095758 0.166789
v -0.075640 0.093672 0.159574
v -0.079246 0.092921 0.151877
v -0.082298 0.093529 0.143932
v -0.084704 0.095476 0.135980
v -0.086391 0.098704 0.128264
v -0.087307 0.103113 0.121017
v -0.087424 0.108572 0.114459
v -0.086740 0.114913 0.108791
v -0.085275 0.121943 0.104183
v -0.083073 0.129450 0.100777
v -0.080201 0.137206 0.098675
v -0.083069 0.148048 0.103005
v -0.079317 0.155247 0.103633
v -0.075224 0.162013 0.105568
v -0.070913 0.168142 0.108753
v -0.066516 0.173448 0.113090
v -0.062166 0.177768 0.118448
v -0.057996 0.180972 0.124663
v -0.054132 0.182962 0.131548
v -0.050691 0.183678 0.138892
v -0.047779 0.183099 0.146473
v -0.045483 0.181241 0.154060
v -0.043873 0.178161 0.161423
v -0.042999 0.173953 0.168338
v -0.042887 0.168745 0.174595
v -0.043540 0.162695 0.180004
v -0.044938 0.155986 0.184401
v -0.047039 0.148823 0.187651
v -0.049780 0.141423 0.189656
v -0.053076 0.134011 0.190356
v -0.056828 0.126813 0.189729
v -0.060921 0.120046 0.187793
v -0.065232 0.113917 0.184609
v -0.069629 0.108612 0.180272
v -0.073979 0.104292 0.174914
v -0.078149 0.101088 0.168698
v -0.082013 0.099097 0.161814
v -0.085454 0.098381 0.154469
v -0.088366 0.098961 0.146888
v -0.090662 0.100819 0.139301
v -0.092272 0.103898 0.131938
v -0.093146 0.108106 0.125023
v -0.093258 0.113314 0.118766
v -0.092605 0.119365 0.113357
v -0.091207 0.126073 0.108961
v -0.089105 0.133237 0.105710
v -0.086365 0.140636 0.103705
v -0.088501 0.150699 0.109213
v -0.085044 0.157334 0.109791
v -0.081271 0.163570 0.111575
v -0.077298 0.169218 0.114510
v -0.073246 0.174108 0.118507
v -0.069237 0.178089 0.123444
v -0.065394 0.181042 0.129173
v -0.061833 0.182876 0.135517
v -0.058662 0.183536 0.142286
v -0.055978 0.183002 0.149273
v -0.053862 0.181290 0.156265
v -0.052379 0.178452 0.163051
v -0.051573 0.174574 0.169424
v -0.051469 0.169774 0.175191
v -0.052071 0.164198 0.180175
v -0.053360 0.158015 0.184227
v -0.055296 0.151413 0.187223
v -0.057822 0.144594 0.189071
v -0.060860 0.137763 0.189716
v -0.064317 0.131129 0.189137
v -0.068090 0.124893 0.187354
v -0.072063 0.119244 0.184419
v -0.076115 0.114355 0.180422
v -0.080124 0.110373 0.175484
v -0.083967 0.107420 0.169756
v -0.087528 0.105586 0.163411
v -0.090699 0.104926 0.156642
v -0.093383 0.105460 0.149656
v -0.095499 0.107172 0.142663
v -0.096983 0.110011 0.135877
v -0.097788 0.113889 0.129504
v -0.097892 0.118689 0.123738
v -0.097290 0.124265 0.118753
v -0.096001 0.130447 0.114701
v -0.094065 0.137049 0.111706
v -0.091539 0.143869 0.109858
v -0.092878 0.152846 0.116375
v -0.089820 0.158715 0.116887
v -0.086483 0.164231 0.118465
v -0.082969 0.169227 0.121061
v -0.079384 0.173552 0.124596
v -0.075838 0.177074 0.128964
v -0.072438 0.179686 0.134031
v -0.069288 0.181308 0.139643
v -0.066484 0.181892 0.145630
v -0.064109 0.181420 0.151810
v -0.062238 0.179905 0.157996
v -0.060926 0.177395 0.163998
v -0.060213 0.173964 0.169635
v -0.060122 0.169719 0.174736
v -0.060654 0.164786 0.179146
v -0.061794 0.159317 0.182730
v -0.063507 0.153478 0.185379
v -0.065741 0.147445 0.187014
v -0.068428 0.141403 0.187584
v -0.071486 0.135535 0.187073
v -0.074823 0.130019 0.185495
v -0.078338 0.125022 0.182899
v -0.081922 0.120697 0.179363
v -0.085468 0.117176 0.174996
v -0.088868 0.114564 0.169929
v -0.092018 0.112941 0.164316
v -0.094823 0.112357 0.158329
v -0.097197 0.112830 0.152149
v -0.099068 0.114344 0.145964
v -0.100380 0.116855 0.139962
v -0.101093 0.120285 0.134324
v -0.101185 0.124531 0.129224
v -0.100652 0.129463 0.124814
v -0.099512 0.134932 0.121230
v -0.097799 0.140772 0.118581
v -0.095565 0.146804 0.116946
v -0.096067 0.154423 0.124276
v -0.093501 0.159348 0.124705
v -0.090700 0.163976 0.126029
v -0.087752 0.168169 0.128207
v -0.084744 0.171798 0.131174
v -0.081769 0.174753 0.134839
v -0.078916 0.176945 0.139091
v -0.076273 0.178306 0.143800
v -0.073919 0.178796 0.148824
v -0.071927 0.178399 0.154009
v -0.070357 0.177129 0.159199
v -0.069256 0.175022 0.164236
v -0.068658 0.172144 0.168966
v -0.068581 0.168581 0.173246
v -0.069027 0.164442 0.176946
v -0.069984 0.159853 0.179954
v -0.071421 0.154953 0.182177
v -0.073296 0.149892 0.183549
v -0.075551 0.144822 0.184027
v -0.078117 0.139897 0.183598
v -0.080917 0.135269 0.182274
v -0.083866 0.131076 0.180096
v -0.086874 0.127447 0.177129
v -0.089849 0.124492 0.173464
v -0.092702 0.122301 0.169212
v -0.095345 0.120939 0.164503
v -0.097698 0.120449 0.159479
v -0.099691 0.120846 0.154294
v -0.101261 0.122116 0.149104
v -0.102362 0.124223 0.144067
v -0.102960 0.127101 0.139337
v -0.103037 0.130664 0.135057
v -0.102590 0.134803 0.131357
v -0.101634 0.139392 0.128350
v -0.100196 0.144292 0.126126
v -0.098322 0.149353 0.124754
v -0.097970 0.155383 0.132674
v -0.095974 0.159213 0.133008
v -0.093796 0.162814 0.134038
v -0.091502 0.166075 0.135732
v -0.089163 0.168898 0.138040
v -0.086848 0.171197 0.140891
v -0.084629 0.172901 0.144198
v -0.082573 0.173960 0.147861
v -0.080742 0.174341 0.151769
v -0.079193 0.174033 0.155803
v -0.077971 0.173045 0.159840
v -0.077115 0.171406 0.163757
v -0.076650 0.169167 0.167437
v -0.076590 0.166396 0.170766
v -0.076937 0.163176 0.173644
v -0.077681 0.159607 0.175983
v -0.078799 0.155795 0.177713
v -0.080257 0.151858 0.178780
v -0.082011 0.147914 0.179152
v -0.084008 0.144084 0.178818
v -0.086186 0.140483 0.177789
v -0.088479 0.137222 0.176094
v -0.090819 0.134399 0.173786
v -0.093134 0.132101 0.170936
v -0.095353 0.130396 0.167628
v -0.097409 0.129337 0.163965
v -0.099239 0.128956 0.160057
v -0.100789 0.129264 0.156024
v -0.102011 0.130253 0.151987
v -0.102867 0.131891 0.148069
v -0.103332 0.134130 0.144389
v -0.103392 0.136902 0.141060
v -0.103044 0.140121 0.138182
v -0.102300 0.143691 0.135843
v -0.101182 0.147502 0.134113
v -0.099724 0.151439 0.133046
v -0.098530 0.155696 0.141315
v -0.097165 0.158316 0.141543
v -0.095675 0.160779 0.142247
v -0.094106 0.163010 0.143406
v -0.092506 0.164941 0.144985
v -0.090922 0.166513 0.146935
v -0.089405 0.167679 0.149197
v -0.087998 0.168404 0.151703
v -0.086746 0.168664 0.154376
v -0.085686 0.168453 0.157135
v -0.084850 0.167777 0.159897
v -0.084264 0.166656 0.162577
v -0.083946 0.165125 0.165094
v -0.083905 0.163229 0.167371
v -0.084143 0.161027 0.169340
v -0.084652 0.158585 0.170940
v -0.085417 0.155978 0.172123
v -0.086414 0.153285 0.172853
v -0.087614 0.150587 0.173108
v -0.088979 0.147967 0.172879
v -0.090469 0.145504 0.172175
v -0.092038 0.143273 0.171016
v -0.093639 0.141342 0.169437
v -0.095222 0.139770 0.167487
v -0.096740 0.138604 0.165225
v -0.098146 0.137879 0.162719
v -0.099399 0.137619 0.160046
v -0.100459 0.137830 0.157287
v -0.101294 0.138506 0.154525
v -0.101880 0.139627 0.151845
v -0.102198 0.141158 0.149328
v -0.102239 0.143054 0.147051
v -0.102001 0.145256 0.145082
v -0.101492 0.147698 0.143482
v -0.100728 0.150305 0.142299
v -0.099730 0.152998 0.141569
v -0.097731 0.155353 0.149935
v -0.097037 0.156683 0.150051
v -0.096281 0.157933 0.150409
v -0.095484 0.159066 0.150997
v -0.094672 0.160046 0.151799
v -0.093868 0.160845 0.152789
v -0.093097 0.161437 0.153937
v -0.092383 0.161805 0.155209
v -0.091747 0.161937 0.156567
v -0.091209 0.161830 0.157967
v -0.090785 0.161486 0.159370
v -0.090487 0.160917 0.160730
v -0.090326 0.160140 0.162008
v -0.090305 0.159177 0.163164
v -0.090426 0.158059 0.164164
v -0.090684 0.156820 0.164976
v -0.091073 0.155496 0.165577
v -0.091579 0.154128 0.165947
v -0.092188 0.152759 0.166077
v -0.092881 0.151428 0.165961
v -0.093638 0.150178 0.165603
v -0.094434 0.149045 0.165015
v -0.095247 0.148065 0.164213
v -0.096051 0.147267 0.163223
v -0.096821 0.146675 0.162075
v -0.097535 0.146307 0.160802
v -0.098171 0.146175 0.159445
v -0.098709 0.146282 0.158044
v -0.099134 0.146625 0.156642
v -0.099431 0.147194 0.155282
v -0.099593 0.147972 0.154004
v -0.099613 0.148934 0.152847
v -0.099493 0.150052 0.151848
v -0.099234 0.151292 0.151036
v -0.098846 0.152616 0.150435
v -0.098340 0.153983 0.150064
vn -0.7869 -0.3486 -0.5091
vn -0.7084 -0.2790 -0.6483
vn -0.6810 -0.3317 -0.6529
vn -0.7730 -0.3754 -0.5115
vn -0.8021 -0.3235 -0.5019
vn -0.7384 -0.2294 -0.6341
vn -0.8182 -0.3007 -0.4901
vn -0.7700 -0.1846 -0.6108
vn -0.8345 -0.2810 -0.4740
vn -0.8022 -0.1457 -0.5791
vn -0.8507 -0.2649 -0.4540
vn -0.8340 -0.1141 -0.5398
vn -0.8662 -0.2530 -0.4309
vn -0.8645 -0.0906 -0.4943
vn -0.8806 -0.2456 -0.4053
vn -0.8928 -0.0760 -0.4439
vn -0.8933 -0.2430 -0.3780
vn -0.9180 -0.0709 -0.3901
vn -0.9042 -0.2451 -0.3498
vn -0.9394 -0.0750 -0.3346
vn -0.9127 -0.2520 -0.3216
vn -0.9562 -0.0887 -0.2790
vn -0.9187 -0.2634 -0.2943
vn -0.9680 -0.1112 -0.2251
vn -0.9219 -0.2791 -0.2686
vn -0.9744 -0.1420 -0.1745
vn -0.9224 -0.2985 -0.2453
vn -0.9752 -0.1802 -0.1287
vn -0.9199 -0.3209 -0.2252
vn -0.9704 -0.2245 -0.0891
vn -0.9147 -0.3459 -0.2088
vn -0.9602 -0.2736 -0.0569
vn -0.9069 -0.3725 -0.1968
vn -0.9448 -0.3260 -0.0331
vn -0.8967 -0.4000 -0.1893
vn -0.9247 -0.3802 -0.0184
vn -0.8845 -0.4276 -0.1867
vn -0.9006 -0.4345 -0.0133
vn -0.8705 -0.4544 -0.1890
vn -0.8731 -0.4872 -0.0179
vn -0.8553 -0.4795 -0.1962
vn -0.8431 -0.5368 -0.0320
vn -0.8393 -0.5023 -0.2081
vn -0.8116 -0.5816 -0.0554
vn -0.8229 -0.5220 -0.2242
vn -0.7794 -0.6205 -0.0871
vn -0.8068 -0.5381 -0.2441
vn -0.7475 -0.6521 -0.1264
vn -0.7913 -0.5500 -0.2672
vn -0.7170 -0.6756 -0.1719
vn -0.7769 -0.5574 -0.2928
vn -0.6887 -0.6902 -0.2223
vn -0.7641 -0.5600 -0.3201
vn -0.6635 -0.6954 -0.2761
vn -0.7533 -0.5579 -0.3483
vn -0.6422 -0.6912 -0.3316
vn -0.7447 -0.5510 -0.3765
vn -0.6253 -0.6776 -0.3871
vn -0.7388 -0.5395 -0.4039
vn -0.6136 -0.6550 -0.4410
vn -0.7355 -0.5239 -0.4296
vn -0.6072 -0.6242 -0.4917
vn -0.7351 -0.5045 -0.4529
vn -0.6064 -0.5860 -0.5375
vn -0.7375 -0.4820 -0.4730
vn -0.6111 -0.5417 -0.5771
vn -0.7427 -0.4571 -0.4893
vn -0.6214 -0.4926 -0.6093
vn -0.7506 -0.4305 -0.5014
vn -0.6367 -0.4402 -0.6331
vn -0.7607 -0.4030 -0.5089
vn -0.6568 -0.3860 -0.6477
vn -0.6084 -0.2009 -0.7678
vn -0.5683 -0.2779 -0.7745
vn -0.6522 -0.1285 -0.7471
vn -0.6984 -0.0629 -0.7130
vn -0.7454 -0.0061 -0.6665
vn -0.7920 0.0402 -0.6092
vn -0.8366 0.0745 -0.5427
vn -0.8780 0.0957 -0.4690
vn -0.9148 0.1034 -0.3903
vn -0.9460 0.0972 -0.3092
vn -0.9706 0.0774 -0.2280
vn -0.9878 0.0444 -0.1492
vn -0.9972 -0.0007 -0.0751
vn -0.9984 -0.0564 -0.0082
vn -0.9914 -0.1212 0.0497
vn -0.9764 -0.1930 0.0968
vn -0.9539 -0.2697 0.1316
vn -0.9246 -0.3489 0.1531
vn -0.8893 -0.4282 0.1605
vn -0.8491 -0.5053 0.1538
vn -0.8053 -0.5777 0.1331
vn -0.7592 -0.6433 0.0990
vn -0.7121 -0.7001 0.0526
vn -0.6656 -0.7463 -0.0048
vn -0.6209 -0.7806 -0.0713
vn -0.5796 -0.8019 -0.1450
vn -0.5427 -0.8096 -0.2236
vn -0.5115 -0.8034 -0.3048
vn -0.4870 -0.7835 -0.3860
vn -0.4697 -0.7505 -0.4648
vn -0.4604 -0.7055 -0.5388
vn -0.4592 -0.6497 -0.6058
vn -0.4662 -0.5850 -0.6637
vn -0.4811 -0.5132 -0.7107
vn -0.5036 -0.4365 -0.7455
vn -0.5330 -0.3573 -0.7670
vn -0.4899 -0.1167 -0.8639
vn -0.4383 -0.2157 -0.8726
vn -0.5462 -0.0236 -0.8373
vn -0.6056 0.0608 -0.7935
vn -0.6661 0.1338 -0.7338
vn -0.7259 0.1933 -0.6601
vn -0.7833 0.2373 -0.5745
vn -0.8365 0.2647 -0.4798
vn -0.8838 0.2746 -0.3787
vn -0.9239 0.2666 -0.2744
vn -0.9555 0.2410 -0.1700
vn -0.9777 0.1987 -0.0687
vn -0.9897 0.1408 0.0265
vn -0.9912 0.0691 0.1126
vn -0.9822 -0.0142 0.1870
vn -0.9630 -0.1065 0.2475
vn -0.9341 -0.2051 0.2923
vn -0.8964 -0.3069 0.3199
vn -0.8510 -0.4089 0.3295
vn -0.7994 -0.5080 0.3209
vn -0.7431 -0.6011 0.2942
vn -0.6837 -0.6854 0.2504
vn -0.6232 -0.7584 0.1907
vn -0.5634 -0.8179 0.1170
vn -0.5060 -0.8620 0.0315
vn -0.4528 -0.8894 -0.0633
vn -0.4055 -0.8992 -0.1644
vn -0.3654 -0.8912 -0.2687
vn -0.3338 -0.8657 -0.3731
vn -0.3116 -0.8233 -0.4744
vn -0.2996 -0.7654 -0.5696
vn -0.2981 -0.6937 -0.6557
vn -0.3070 -0.6105 -0.7301
vn -0.3263 -0.5181 -0.7906
vn -0.3552 -0.4196 -0.8353
vn -0.3929 -0.3177 -0.8629
vn -0.3565 -0.0289 -0.9339
vn -0.2950 -0.1470 -0.9441
vn -0.4236 0.0821 -0.9021
vn -0.4943 0.1826 -0.8499
vn -0.5665 0.2696 -0.7787
vn -0.6378 0.3404 -0.6909
vn -0.7062 0.3930 -0.5889
vn -0.7696 0.4256 -0.4760
vn -0.8260 0.4374 -0.3556
vn -0.8738 0.4279 -0.2313
vn -0.9114 0.3974 -0.1068
vn -0.9378 0.3469 0.0139
vn -0.9521 0.2779 0.1273
vn -0.9540 0.1925 0.2300
vn -0.9433 0.0932 0.3187
vn -0.9203 -0.0168 0.3908
vn -0.8859 -0.1342 0.4441
vn -0.8409 -0.2556 0.4770
vn -0.7869 -0.3772 0.4884
vn -0.7253 -0.4952 0.4782
vn -0.6582 -0.6062 0.4464
vn -0.5875 -0.7067 0.3942
vn -0.5154 -0.7937 0.3230
vn -0.4441 -0.8646 0.2352
vn -0.3756 -0.9171 0.1333
vn -0.3123 -0.9498 0.0203
vn -0.2559 -0.9615 -0.1001
vn -0.2081 -0.9520 -0.2244
vn -0.1705 -0.9215 -0.3489
vn -0.1441 -0.8710 -0.4696
vn -0.1297 -0.8020 -0.5830
vn -0.1279 -0.7166 -0.6857
vn -0.1386 -0.6174 -0.7744
vn -0.1615 -0.5073 -0.8465
vn -0.1959 -0.3899 -0.8998
vn -0.2409 -0.2685 -0.9327
vn -0.2123 0.0597 -0.9754
vn -0.1427 -0.0737 -0.9870
vn -0.2882 0.1852 -0.9395
vn -0.3681 0.2988 -0.8804
vn -0.4496 0.3972 -0.8000
vn -0.5302 0.4773 -0.7007
vn -0.6076 0.5367 -0.5855
vn -0.6792 0.5736 -0.4578
vn -0.7430 0.5869 -0.3216
vn -0.7970 0.5761 -0.1811
vn -0.8396 0.5417 -0.0404
vn -0.8694 0.4846 0.0961
vn -0.8856 0.4066 0.2243
vn -0.8877 0.3100 0.3403
vn -0.8756 0.1978 0.4406
vn -0.8497 0.0735 0.5222
vn -0.8107 -0.0594 0.5824
vn -0.7599 -0.1966 0.6196
vn -0.6988 -0.3340 0.6325
vn -0.6293 -0.4674 0.6209
vn -0.5534 -0.5929 0.5850
vn -0.4734 -0.7065 0.5260
vn -0.3919 -0.8049 0.4456
vn -0.3112 -0.8850 0.3463
vn -0.2339 -0.9444 0.2310
vn -0.1623 -0.9813 0.1033
vn -0.0985 -0.9946 -0.0328
vn -0.0445 -0.9838 -0.1734
vn -0.0019 -0.9494 -0.3140
vn 0.0280 -0.8923 -0.4506
vn 0.0441 -0.8143 -0.5788
vn 0.0462 -0.7177 -0.6948
vn 0.0341 -0.6055 -0.7951
vn 0.0082 -0.4811 -0.8766
vn -0.0308 -0.3483 -0.9369
vn -0.0816 -0.2111 -0.9740
vn -0.0616 0.1466 -0.9873
vn 0.0139 0.0017 -0.9999
vn -0.1440 0.2827 -0.9483
vn -0.2307 0.4060 -0.8843
vn -0.3191 0.5128 -0.7970
vn -0.4067 0.5997 -0.6892
vn -0.4906 0.6641 -0.5642
vn -0.5683 0.7041 -0.4257
vn -0.6375 0.7186 -0.2779
vn -0.6961 0.7069 -0.1254
vn -0.7423 0.6696 0.0272
vn -0.7747 0.6076 0.1754
vn -0.7922 0.5229 0.3145
vn -0.7945 0.4181 0.4403
vn -0.7814 0.2964 0.5492
vn -0.7532 0.1615 0.6376
vn -0.7110 0.0173 0.7030
vn -0.6558 -0.1315 0.7434
vn -0.5895 -0.2806 0.7575
vn -0.5140 -0.4255 0.7448
vn -0.4317 -0.5616 0.7059
vn -0.3450 -0.6849 0.6418
vn -0.2565 -0.7916 0.5546
vn -0.1690 -0.8785 0.4468
vn -0.0851 -0.9430 0.3217
vn -0.0074 -0.9830 0.1832
vn 0.0618 -0.9975 0.0355
vn 0.1204 -0.9858 -0.1171
vn 0.1667 -0.9484 -0.2697
vn 0.1990 -0.8865 -0.4178
vn 0.2166 -0.8018 -0.5569
vn 0.2188 -0.6970 -0.6828
vn 0.2057 -0.5753 -0.7916
vn 0.1776 -0.4403 -0.8801
vn 0.1353 -0.2962 -0.9455
vn 0.0803 -0.1473 -0.9858
vn 0.0909 0.2289 -0.9692
vn 0.1700 0.0772 -0.9824
vn 0.0046 0.3716 -0.9284
vn -0.0862 0.5009 -0.8612
vn -0.1789 0.6127 -0.7698
vn -0.2707 0.7038 -0.6568
vn -0.3586 0.7713 -0.5258
vn -0.4401 0.8133 -0.3806
vn -0.5126 0.8284 -0.2258
vn -0.5740 0.8162 -0.0659
vn -0.6224 0.7770 0.0940
vn -0.6564 0.7121 0.2493
vn -0.6748 0.6234 0.3951
vn -0.6771 0.5136 0.5270
vn -0.6633 0.3861 0.6411
vn -0.6338 0.2446 0.7338
vn -0.5895 0.0936 0.8023
vn -0.5318 -0.0625 0.8445
vn -0.4623 -0.2188 0.8593
vn -0.3832 -0.3706 0.8461
vn -0.2969 -0.5132 0.8053
vn -0.2060 -0.6424 0.7382
vn -0.1132 -0.7543 0.6467
vn -0.0217 -0.8454 0.5337
vn 0.0663 -0.9129 0.4027
vn 0.1478 -0.9549 0.2575
vn 0.2203 -0.9700 0.1027
vn 0.2817 -0.9578 -0.0572
vn 0.3301 -0.9186 -0.2172
vn 0.3641 -0.8537 -0.3724
vn 0.3825 -0.7650 -0.5182
vn 0.3850 -0.6551 -0.6501
vn 0.3712 -0.5275 -0.7641
vn 0.3417 -0.3861 -0.8568
vn 0.2974 -0.2351 -0.9254
vn 0.2395 -0.0791 -0.9677
vn 0.2407 0.3044 -0.9216
vn 0.3211 0.1503 -0.9351
vn 0.1531 0.4492 -0.8802
vn 0.0608 0.5805 -0.8120
vn -0.0333 0.6940 -0.7192
vn -0.1265 0.7865 -0.6045
vn -0.2157 0.8551 -0.4714
vn -0.2985 0.8977 -0.3240
vn -0.3721 0.9131 -0.1668
vn -0.4345 0.9007 -0.0044
vn -0.4836 0.8609 0.1580
vn -0.5181 0.7950 0.3156
vn -0.5368 0.7049 0.4637
vn -0.5392 0.5934 0.5976
vn -0.5252 0.4638 0.7134
vn -0.4953 0.3202 0.8076
vn -0.4503 0.1668 0.8771
vn -0.3916 0.0084 0.9201
vn -0.3211 -0.1503 0.9351
vn -0.2407 -0.3044 0.9216
vn -0.1531 -0.4492 0.8802
vn -0.0608 -0.5805 0.8120
vn 0.0333 -0.6940 0.7192
vn 0.1265 -0.7865 0.6045
vn 0.2157 -0.8551 0.4714
vn 0.2985 -0.8977 0.3240
vn 0.3721 -0.9131 0.1668
vn 0.4345 -0.9007 0.0044
vn 0.4836 -0.8609 -0.1580
vn 0.5181 -0.7950 -0.3156
vn 0.5368 -0.7049 -0.4637
vn 0.5392 -0.5934 -0.5976
vn 0.5252 -0.4638 -0.7134
vn 0.4953 -0.3202 -0.8076
vn 0.4503 -0.1668 -0.8771
vn 0.3916 -0.0084 -0.9201
vn 0.3831 0.3705 -0.8461
vn 0.4623 0.2188 -0.8593
vn 0.2969 0.5132 -0.8053
vn 0.2060 0.6425 -0.7381
vn 0.1133 0.7543 -0.6467
vn 0.0215 0.8454 -0.5338
vn -0.0663 0.9130 -0.4026
vn -0.1478 0.9549 -0.2575
vn -0.2204 0.9700 -0.1027
vn -0.2817 0.9578 0.0572
vn -0.3302 0.9186 0.2171
vn -0.3641 0.8537 0.3724
vn -0.3824 0.7650 0.5182
vn -0.3850 0.6551 0.6501
vn -0.3712 0.5276 0.7641
vn -0.3416 0.3861 0.8569
vn -0.2973 0.2351 0.9254
vn -0.2396 0.0791 0.9676
vn -0.1700 -0.0772 0.9824
vn -0.0911 -0.2290 0.9692
vn -0.0046 -0.3716 0.9284
vn 0.0863 -0.5008 0.8612
vn 0.1790 -0.6127 0.7698
vn 0.2706 -0.7038 0.6568
vn 0.3586 -0.7713 0.5258
vn 0.4401 -0.8133 0.3806
vn 0.5125 -0.8285 0.2257
vn 0.5740 -0.8162 0.0659
vn 0.6224 -0.7771 -0.0941
vn 0.6564 -0.7121 -0.2493
vn 0.6748 -0.6233 -0.3950
vn 0.6771 -0.5136 -0.5271
vn 0.6633 -0.3860 -0.6411
vn 0.6339 -0.2445 -0.7337
vn 0.5896 -0.0935 -0.8023
vn 0.5318 0.0625 -0.8446
vn 0.5141 0.4255 -0.7448
vn 0.5895 0.2806 -0.7575
vn 0.4317 0.5616 -0.7059
vn 0.3449 0.6849 -0.6418
vn 0.2565 0.7916 -0.5545
vn 0.1690 0.8785 -0.4468
vn 0.0851 0.9430 -0.3217
vn 0.0073 0.9830 -0.1832
vn -0.0619 0.9975 -0.0355
vn -0.1204 0.9858 0.1171
vn -0.1666 0.9484 0.2697
vn -0.1990 0.8865 0.4178
vn -0.2166 0.8018 0.5569
vn -0.2188 0.6970 0.6828
vn -0.2057 0.5753 0.7916
vn -0.1776 0.4403 0.8801
vn -0.1354 0.2962 0.9455
vn -0.0802 0.1474 0.9858
vn -0.0139 -0.0018 0.9999
vn 0.0616 -0.1466 0.9873
vn 0.1440 -0.2827 0.9483
vn 0.2306 -0.4060 0.8843
vn 0.3192 -0.5127 0.7970
vn 0.4067 -0.5997 0.6892
vn 0.4905 -0.6641 0.5642
vn 0.5683 -0.7042 0.4257
vn 0.6375 -0.7186 0.2779
vn 0.6961 -0.7069 0.1254
vn 0.7423 -0.6695 -0.0272
vn 0.7747 -0.6076 -0.1754
vn 0.7922 -0.5229 -0.3145
vn 0.7945 -0.4181 -0.4403
vn 0.7814 -0.2964 -0.5492
vn 0.7533 -0.1614 -0.6376
vn 0.7109 -0.0174 -0.7030
vn 0.6558 0.1315 -0.7433
vn 0.6292 0.4674 -0.6209
vn 0.6988 0.3340 -0.6325
vn 0.5534 0.5929 -0.5850
vn 0.4734 0.7065 -0.5260
vn 0.3919 0.8049 -0.4456
vn 0.3112 0.8850 -0.3463
vn 0.2339 0.9444 -0.2310
vn 0.1623 0.9813 -0.1033
vn 0.0985 0.9946 0.0328
vn 0.0445 0.9838 0.1734
vn 0.0019 0.9494 0.3140
vn -0.0279 0.8923 0.4506
vn -0.0441 0.8143 0.5788
vn -0.0462 0.7177 0.6948
vn -0.0341 0.6055 0.7951
vn -0.0082 0.4811 0.8766
vn 0.0308 0.3483 0.9369
vn 0.0816 0.2111 0.9740
vn 0.1427 0.0737 0.9870
vn 0.2122 -0.0598 0.9754
vn 0.2882 -0.1852 0.9395
vn 0.3681 -0.2989 0.8805
vn 0.4496 -0.3972 0.8000
vn 0.5302 -0.4773 0.7007
vn 0.6076 -0.5367 0.5855
vn 0.6792 -0.5736 0.4578
vn 0.7430 -0.5869 0.3216
vn 0.7970 -0.5761 0.1811
vn 0.8396 -0.5417 0.0404
vn 0.8694 -0.4846 -0.0961
vn 0.8856 -0.4066 -0.2243
vn 0.8877 -0.3100 -0.3404
vn 0.8756 -0.1979 -0.4406
vn 0.8497 -0.0735 -0.5222
vn 0.8107 0.0594 -0.5824
vn 0.7599 0.1966 -0.6196
vn 0.7253 0.4952 -0.4781
vn 0.7869 0.3772 -0.4885
vn 0.6582 0.6062 -0.4464
vn 0.5875 0.7067 -0.3942
vn 0.5154 0.7937 -0.3230
vn 0.4440 0.8646 -0.2352
vn 0.3757 0.9171 -0.1332
vn 0.3123 0.9498 -0.0204
vn 0.2559 0.9615 0.1001
vn 0.2081 0.9520 0.2244
vn 0.1705 0.9215 0.3489
vn 0.1440 0.8710 0.4696
vn 0.1297 0.8020 0.5830
vn 0.1278 0.7166 0.6857
vn 0.1386 0.6174 0.7744
vn 0.1615 0.5074 0.8465
vn 0.1959 0.3899 0.8998
vn 0.2409 0.2685 0.9327
vn 0.2950 0.1470 0.9441
vn 0.3565 0.0289 0.9338
vn 0.4236 -0.0821 0.9021
vn 0.4943 -0.1826 0.8499
vn 0.5665 -0.2696 0.7787
vn 0.6378 -0.3405 0.6909
vn 0.7062 -0.3929 0.5889
vn 0.7695 -0.4257 0.4760
vn 0.8260 -0.4374 0.3556
vn 0.8738 -0.4279 0.2313
vn 0.9114 -0.3974 0.1068
vn 0.9378 -0.3469 -0.0140
vn 0.9521 -0.2779 -0.1273
vn 0.9540 -0.1925 -0.2300
vn 0.9433 -0.0932 -0.3187
vn 0.9203 0.0168 -0.3908
vn 0.8859 0.1342 -0.4441
vn 0.8409 0.2556 -0.4770
vn 0.7994 0.5080 -0.3209
vn 0.8510 0.4089 -0.3295
vn 0.7431 0.6011 -0.2942
vn 0.6837 0.6854 -0.2504
vn 0.6232 0.7584 -0.1907
vn 0.5634 0.8179 -0.1170
vn 0.5060 0.8620 -0.0315
vn 0.4528 0.8894 0.0633
vn 0.4055 0.8992 0.1644
vn 0.3654 0.8912 0.2687
vn 0.3338 0.8657 0.3731
vn 0.3116 0.8233 0.4744
vn 0.2996 0.7654 0.5696
vn 0.2981 0.6937 0.6557
vn 0.3070 0.6105 0.7301
vn 0.3263 0.5181 0.7906
vn 0.3552 0.4196 0.8353
vn 0.3929 0.3177 0.8629
vn 0.4383 0.2157 0.8726
vn 0.4899 0.1167 0.8639
vn 0.5462 0.0236 0.8373
vn 0.6056 -0.0608 0.7935
vn 0.6661 -0.1338 0.7338
vn 0.7259 -0.1933 0.6601
vn 0.7833 -0.2373 0.5745
vn 0.8365 -0.2647 0.4798
vn 0.8838 -0.2746 0.3787
vn 0.9239 -0.2666 0.2744
vn 0.9555 -0.2410 0.1700
vn 0.9777 -0.1987 0.0687
vn 0.9897 -0.1408 -0.0265
vn 0.9912 -0.0691 -0.1126
vn 0.9822 0.0142 -0.1870
vn 0.9630 0.1065 -0.2475
vn 0.9341 0.2051 -0.2923
vn 0.8964 0.3069 -0.3199
vn 0.8491 0.5053 -0.1538
vn 0.8893 0.4282 -0.1605
vn 0.8053 0.5777 -0.1331
vn 0.7592 0.6433 -0.0990
vn 0.7121 0.7001 -0.0526
vn 0.6656 0.7463 0.0048
vn 0.6209 0.7806 0.0713
vn 0.5796 0.8019 0.1450
vn 0.5427 0.8096 0.2236
vn 0.5115 0.8034 0.3048
vn 0.4870 0.7835 0.3860
vn 0.4697 0.7505 0.4648
vn 0.4604 0.7055 0.5388
vn 0.4592 0.6497 0.6058
vn 0.4662 0.5850 0.6637
vn 0.4811 0.5132 0.7107
vn 0.5036 0.4365 0.7455
vn 0.5330 0.3573 0.7670
vn 0.5683 0.2779 0.7745
vn 0.6084 0.2009 0.7678
vn 0.6522 0.1285 0.7471
vn 0.6984 0.0629 0.7130
vn 0.7454 0.0061 0.6665
vn 0.7920 -0.0402 0.6092
vn 0.8366 -0.0745 0.5427
vn 0.8780 -0.0958 0.4690
vn 0.9148 -0.1034 0.3903
vn 0.9460 -0.0972 0.3092
vn 0.9706 -0.0774 0.2280
vn 0.9878 -0.0444 0.1492
vn 0.9972 0.0007 0.0751
vn 0.9984 0.0564 0.0082
vn 0.9914 0.1212 -0.0497
vn 0.9764 0.1930 -0.0968
vn 0.9539 0.2697 -0.1316
vn 0.9246 0.3489 -0.1531
vn 0.8731 0.4872 0.0179
vn 0.9006 0.4345 0.0133
vn 0.8431 0.5368 0.0320
vn 0.8116 0.5816 0.0554
vn 0.7794 0.6205 0.0871
vn 0.7475 0.6521 0.1264
vn 0.7170 0.6756 0.1719
vn 0.6887 0.6901 0.2223
vn 0.6635 0.6954 0.2761
vn 0.6422 0.6911 0.3316
vn 0.6254 0.6775 0.3871
vn 0.6136 0.6550 0.4410
vn 0.6072 0.6242 0.4917
vn 0.6064 0.5860 0.5375
vn 0.6112 0.5417 0.5771
vn 0.6214 0.4926 0.6093
vn 0.6368 0.4402 0.6331
vn 0.6568 0.3860 0.6478
vn 0.6809 0.3317 0.6529
vn 0.7084 0.2790 0.6483
vn 0.7384 0.2294 0.6341
vn 0.7700 0.1846 0.6108
vn 0.8022 0.1457 0.5791
vn 0.8340 0.1141 0.5398
vn 0.8645 0.0906 0.4943
vn 0.8928 0.0761 0.4439
vn 0.9180 0.0709 0.3901
vn 0.9394 0.0751 0.3346
vn 0.9562 0.0887 0.2791
vn 0.9680 0.1112 0.2251
vn 0.9744 0.1421 0.1745
vn 0.9752 0.1802 0.1287
vn 0.9704 0.2245 0.0891
vn 0.9602 0.2736 0.0569
vn 0.9448 0.3261 0.0331
vn 0.9247 0.3802 0.0184
vn 0.8705 0.4544 0.1890
vn 0.8845 0.4276 0.1867
vn 0.8553 0.4795 0.1963
vn 0.8393 0.5023 0.2081
vn 0.8229 0.5220 0.2242
vn 0.8068 0.5381 0.2441
vn 0.7913 0.5500 0.2672
vn 0.7769 0.5574 0.2928
vn 0.7641 0.5601 0.3201
vn 0.7533 0.5579 0.3483
vn 0.7447 0.5510 0.3765
vn 0.7388 0.5395 0.4039
vn 0.7355 0.5239 0.4296
vn 0.7351 0.5045 0.4529
vn 0.7375 0.4820 0.4730
vn 0.7427 0.4571 0.4893
vn 0.7506 0.4305 0.5014
vn 0.7607 0.4030 0.5089
vn 0.7730 0.3754 0.5115
vn 0.7869 0.3486 0.5091
vn 0.8022 0.3235 0.5019
vn 0.8182 0.3007 0.4900
vn 0.8345 0.2810 0.4740
vn 0.8507 0.2649 0.4540
vn 0.8662 0.2530 0.4309
vn 0.8806 0.2456 0.4053
vn 0.8933 0.2429 0.3780
vn 0.9042 0.2451 0.3498
vn 0.9127 0.2520 0.3216
vn 0.9187 0.2634 0.2943
vn 0.9219 0.2791 0.2686
vn 0.9224 0.2985 0.2453
vn 0.9199 0.3210 0.2252
vn 0.9147 0.3459 0.2089
vn 0.9069 0.3725 0.1968
vn 0.8967 0.4000 0.1893
vn -0.8415 -0.4077 -0.3545
vn 0.8415 0.4077 0.3545
vn 0.6809 -0.3317 -0.6529
vn 0.7084 -0.2790 -0.6483
vn 0.7869 -0.3486 -0.5091
vn 0.7730 -0.3754 -0.5115
vn 0.7384 -0.2294 -0.6341
vn 0.8022 -0.3235 -0.5019
vn 0.7700 -0.1846 -0.6108
vn 0.8182 -0.3007 -0.4901
vn 0.8022 -0.1458 -0.5790
vn 0.8345 -0.2810 -0.4740
vn 0.8340 -0.1141 -0.5398
vn 0.8507 -0.2649 -0.4540
vn 0.8646 -0.0907 -0.4943
vn 0.8662 -0.2530 -0.4309
vn 0.8928 -0.0761 -0.4439
vn 0.8806 -0.2456 -0.4053
vn 0.9180 -0.0709 -0.3901
vn 0.8933 -0.2429 -0.3780
vn 0.9394 -0.0750 -0.3346
vn 0.9042 -0.2451 -0.3498
vn 0.9562 -0.0887 -0.2790
vn 0.9127 -0.2520 -0.3216
vn 0.9680 -0.1112 -0.2251
vn 0.9187 -0.2635 -0.2943
vn 0.9744 -0.1421 -0.1745
vn 0.9219 -0.2791 -0.2686
vn 0.9752 -0.1802 -0.1287
vn 0.9224 -0.2985 -0.2453
vn 0.9704 -0.2245 -0.0891
vn 0.9199 -0.3210 -0.2252
vn 0.9602 -0.2736 -0.0569
vn 0.9147 -0.3459 -0.2088
vn 0.9448 -0.3261 -0.0331
vn 0.9069 -0.3725 -0.1968
vn 0.9247 -0.3802 -0.0184
vn 0.8967 -0.4000 -0.1893
vn 0.9006 -0.4345 -0.0133
vn 0.8845 -0.4276 -0.1867
vn 0.8731 -0.4872 -0.0179
vn 0.8705 -0.4544 -0.1890
vn 0.8431 -0.5367 -0.0321
vn 0.8553 -0.4795 -0.1962
vn 0.8116 -0.5816 -0.0554
vn 0.8393 -0.5023 -0.2081
vn 0.7794 -0.6205 -0.0871
vn 0.8229 -0.5220 -0.2242
vn 0.7475 -0.6521 -0.1263
vn 0.8068 -0.5381 -0.2441
vn 0.7170 -0.6756 -0.1719
vn 0.7913 -0.5500 -0.2672
vn 0.6887 -0.6901 -0.2223
vn 0.7769 -0.5574 -0.2928
vn 0.6635 -0.6954 -0.2761
vn 0.7641 -0.5601 -0.3201
vn 0.6422 -0.6911 -0.3316
vn 0.7533 -0.5579 -0.3483
vn 0.6253 -0.6776 -0.3871
vn 0.7447 -0.5510 -0.3765
vn 0.6136 -0.6550 -0.4410
vn 0.7388 -0.5395 -0.4039
vn 0.6072 -0.6242 -0.4917
vn 0.7355 -0.5239 -0.4296
vn 0.6064 -0.5860 -0.5375
vn 0.7351 -0.5045 -0.4529
vn 0.6112 -0.5417 -0.5771
vn 0.7375 -0.4820 -0.4730
vn 0.6214 -0.4926 -0.6093
vn 0.7427 -0.4571 -0.4893
vn 0.6368 -0.4402 -0.6331
vn 0.7505 -0.4305 -0.5014
vn 0.6568 -0.3860 -0.6477
vn 0.7607 -0.4030 -0.5089
vn 0.5683 -0.2779 -0.7745
vn 0.6084 -0.2009 -0.7678
vn 0.6522 -0.1285 -0.7471
vn 0.6984 -0.0629 -0.7130
vn 0.7454 -0.0061 -0.6665
vn 0.7920 0.0402 -0.6092
vn 0.8366 0.0745 -0.5427
vn 0.8780 0.0958 -0.4690
vn 0.9148 0.1034 -0.3903
vn 0.9460 0.0972 -0.3092
vn 0.9706 0.0774 -0.2280
vn 0.9878 0.0444 -0.1492
vn 0.9972 -0.0007 -0.0751
vn 0.9984 -0.0564 -0.0082
vn 0.9914 -0.1212 0.0497
vn 0.9764 -0.1930 0.0968
vn 0.9539 -0.2697 0.1316
vn 0.9246 -0.3489 0.1530
vn 0.8893 -0.4282 0.1605
vn 0.8491 -0.5053 0.1538
vn 0.8053 -0.5777 0.1331
vn 0.7592 -0.6433 0.0990
vn 0.7121 -0.7001 0.0526
vn 0.6656 -0.7463 -0.0048
vn 0.6209 -0.7806 -0.0713
vn 0.5796 -0.8019 -0.1450
vn 0.5427 -0.8096 -0.2236
vn 0.5115 -0.8034 -0.3048
vn 0.4870 -0.7835 -0.3860
vn 0.4697 -0.7505 -0.4648
vn 0.4604 -0.7055 -0.5388
vn 0.4592 -0.6497 -0.6058
vn 0.4662 -0.5850 -0.6637
vn 0.4811 -0.5132 -0.7107
vn 0.5036 -0.4365 -0.7455
vn 0.5330 -0.3573 -0.7670
vn 0.4383 -0.2157 -0.8726
vn 0.4899 -0.1167 -0.8639
vn 0.5462 -0.0236 -0.8373
vn 0.6056 0.0608 -0.7935
vn 0.6661 0.1338 -0.7338
vn 0.7259 0.1933 -0.6601
vn 0.7833 0.2373 -0.5745
vn 0.8365 0.2647 -0.4798
vn 0.8838 0.2746 -0.3787
vn 0.9239 0.2666 -0.2744
vn 0.9555 0.2410 -0.1700
vn 0.9777 0.1987 -0.0687
vn 0.9897 0.1408 0.0265
vn 0.9912 0.0691 0.1126
vn 0.9822 -0.0142 0.1870
vn 0.9630 -0.1065 0.2475
vn 0.9341 -0.2051 0.2923
vn 0.8964 -0.3069 0.3199
vn 0.8510 -0.4089 0.3295
vn 0.7994 -0.5080 0.3209
vn 0.7431 -0.6011 0.2942
vn 0.6837 -0.6854 0.2504
vn 0.6232 -0.7584 0.1907
vn 0.5634 -0.8179 0.1170
vn 0.5060 -0.8620 0.0315
vn 0.4528 -0.8894 -0.0633
vn 0.4055 -0.8992 -0.1644
vn 0.3654 -0.8912 -0.2687
vn 0.3338 -0.8657 -0.3731
vn 0.3116 -0.8233 -0.4744
vn 0.2996 -0.7654 -0.5696
vn 0.2981 -0.6937 -0.6557
vn 0.3070 -0.6105 -0.7301
vn 0.3263 -0.5181 -0.7906
vn 0.3552 -0.4196 -0.8353
vn 0.3929 -0.3177 -0.8629
vn 0.2950 -0.1470 -0.9441
vn 0.3565 -0.0289 -0.9338
vn 0.4237 0.0821 -0.9021
vn 0.4943 0.1826 -0.8499
vn 0.5664 0.2696 -0.7788
vn 0.6378 0.3404 -0.6909
vn 0.7062 0.3930 -0.5889
vn 0.7695 0.4257 -0.4760
vn 0.8260 0.4374 -0.3556
vn 0.8737 0.4279 -0.2312
vn 0.9114 0.3974 -0.1068
vn 0.9378 0.3469 0.0139
vn 0.9521 0.2779 0.1274
vn 0.9540 0.1925 0.2300
vn 0.9433 0.0932 0.3187
vn 0.9203 -0.0168 0.3908
vn 0.8859 -0.1343 0.4441
vn 0.8409 -0.2556 0.4770
vn 0.7869 -0.3772 0.4884
vn 0.7253 -0.4952 0.4782
vn 0.6582 -0.6062 0.4464
vn 0.5875 -0.7067 0.3942
vn 0.5154 -0.7937 0.3231
vn 0.4440 -0.8646 0.2352
vn 0.3756 -0.9171 0.1333
vn 0.3123 -0.9498 0.0203
vn 0.2559 -0.9615 -0.1001
vn 0.2081 -0.9520 -0.2244
vn 0.1704 -0.9215 -0.3489
vn 0.1441 -0.8710 -0.4696
vn 0.1297 -0.8020 -0.5830
vn 0.1279 -0.7166 -0.6857
vn 0.1386 -0.6174 -0.7744
vn 0.1615 -0.5074 -0.8465
vn 0.1960 -0.3899 -0.8998
vn 0.2409 -0.2685 -0.9327
vn 0.1427 -0.0737 -0.9870
vn 0.2123 0.0597 -0.9754
vn 0.2882 0.1852 -0.9395
vn 0.3681 0.2988 -0.8804
vn 0.4496 0.3972 -0.8000
vn 0.5303 0.4773 -0.7007
vn 0.6076 0.5367 -0.5855
vn 0.6792 0.5737 -0.4578
vn 0.7430 0.5869 -0.3216
vn 0.7970 0.5761 -0.1811
vn 0.8396 0.5417 -0.0404
vn 0.8694 0.4846 0.0961
vn 0.8856 0.4066 0.2243
vn 0.8877 0.3100 0.3403
vn 0.8756 0.1978 0.4406
vn 0.8497 0.0735 0.5222
vn 0.8107 -0.0593 0.5824
vn 0.7599 -0.1965 0.6196
vn 0.6988 -0.3340 0.6325
vn 0.6292 -0.4674 0.6209
vn 0.5534 -0.5929 0.5850
vn 0.4734 -0.7065 0.5260
vn 0.3919 -0.8049 0.4456
vn 0.3112 -0.8850 0.3463
vn 0.2339 -0.9444 0.2310
vn 0.1623 -0.9813 0.1034
vn 0.0985 -0.9946 -0.0328
vn 0.0446 -0.9838 -0.1734
vn 0.0019 -0.9494 -0.3140
vn -0.0280 -0.8923 -0.4506
vn -0.0441 -0.8143 -0.5788
vn -0.0462 -0.7177 -0.6948
vn -0.0341 -0.6055 -0.7951
vn -0.0082 -0.4812 -0.8766
vn 0.0308 -0.3483 -0.9369
vn 0.0816 -0.2111 -0.9740
vn -0.0139 0.0017 -0.9999
vn 0.0616 0.1466 -0.9873
vn 0.1440 0.2827 -0.9483
vn 0.2307 0.4060 -0.8843
vn 0.3191 0.5128 -0.7970
vn 0.4066 0.5997 -0.6892
vn 0.4905 0.6641 -0.5642
vn 0.5683 0.7042 -0.4257
vn 0.6375 0.7186 -0.2779
vn 0.6961 0.7069 -0.1254
vn 0.7423 0.6696 0.0272
vn 0.7747 0.6076 0.1754
vn 0.7922 0.5230 0.3145
vn 0.7945 0.4181 0.4403
vn 0.7814 0.2964 0.5492
vn 0.7532 0.1615 0.6376
vn 0.7109 0.0174 0.7030
vn 0.6558 -0.1315 0.7433
vn 0.5895 -0.2806 0.7575
vn 0.5140 -0.4255 0.7448
vn 0.4317 -0.5616 0.7059
vn 0.3450 -0.6849 0.6418
vn 0.2565 -0.7916 0.5545
vn 0.1690 -0.8785 0.4468
vn 0.0851 -0.9430 0.3217
vn 0.0073 -0.9830 0.1832
vn -0.0619 -0.9975 0.0355
vn -0.1205 -0.9858 -0.1170
vn -0.1666 -0.9484 -0.2697
vn -0.1990 -0.8865 -0.4178
vn -0.2166 -0.8018 -0.5570
vn -0.2188 -0.6970 -0.6828
vn -0.2057 -0.5753 -0.7916
vn -0.1776 -0.4403 -0.8801
vn -0.1353 -0.2962 -0.9455
vn -0.0802 -0.1474 -0.9858
vn -0.1701 0.0772 -0.9824
vn -0.0910 0.2290 -0.9692
vn -0.0046 0.3716 -0.9284
vn 0.0863 0.5008 -0.8612
vn 0.1790 0.6127 -0.7698
vn 0.2707 0.7038 -0.6568
vn 0.3585 0.7714 -0.5257
vn 0.4401 0.8133 -0.3806
vn 0.5125 0.8285 -0.2257
vn 0.5740 0.8162 -0.0659
vn 0.6224 0.7770 0.0940
vn 0.6564 0.7121 0.2493
vn 0.6747 0.6234 0.3951
vn 0.6771 0.5136 0.5270
vn 0.6633 0.3861 0.6411
vn 0.6339 0.2445 0.7337
vn 0.5895 0.0936 0.8023
vn 0.5319 -0.0625 0.8445
vn 0.4623 -0.2188 0.8593
vn 0.3832 -0.3706 0.8461
vn 0.2969 -0.5132 0.8053
vn 0.2060 -0.6425 0.7381
vn 0.1132 -0.7543 0.6467
vn 0.0215 -0.8454 0.5338
vn -0.0664 -0.9129 0.4027
vn -0.1477 -0.9549 0.2575
vn -0.2203 -0.9700 0.1027
vn -0.2818 -0.9578 -0.0571
vn -0.3301 -0.9186 -0.2172
vn -0.3641 -0.8537 -0.3724
vn -0.3824 -0.7650 -0.5182
vn -0.3850 -0.6551 -0.6501
vn -0.3711 -0.5276 -0.7642
vn -0.3416 -0.3862 -0.8569
vn -0.2975 -0.2350 -0.9253
vn -0.2395 -0.0791 -0.9677
vn -0.3211 0.1503 -0.9351
vn -0.2407 0.3044 -0.9216
vn -0.1531 0.4492 -0.8802
vn -0.0608 0.5805 -0.8120
vn 0.0333 0.6940 -0.7192
vn 0.1265 0.7865 -0.6045
vn 0.2157 0.8551 -0.4714
vn 0.2985 0.8977 -0.3240
vn 0.3721 0.9131 -0.1668
vn 0.4345 0.9007 -0.0044
vn 0.4836 0.8609 0.1580
vn 0.5181 0.7950 0.3156
vn 0.5368 0.7049 0.4637
vn 0.5392 0.5934 0.5976
vn 0.5252 0.4638 0.7134
vn 0.4953 0.3202 0.8076
vn 0.4503 0.1668 0.8771
vn 0.3916 0.0084 0.9201
vn 0.3211 -0.1503 0.9351
vn 0.2407 -0.3044 0.9216
vn 0.1531 -0.4492 0.8802
vn 0.0608 -0.5805 0.8120
vn -0.0333 -0.6940 0.7192
vn -0.1265 -0.7865 0.6045
vn -0.2157 -0.8551 0.4714
vn -0.2985 -0.8977 0.3240
vn -0.3721 -0.9131 0.1668
vn -0.4345 -0.9007 0.0044
vn -0.4836 -0.8609 -0.1580
vn -0.5181 -0.7950 -0.3156
vn -0.5368 -0.7049 -0.4637
vn -0.5392 -0.5934 -0.5976
vn -0.5252 -0.4638 -0.7134
vn -0.4953 -0.3202 -0.8076
vn -0.4503 -0.1668 -0.8771
vn -0.3916 -0.0084 -0.9201
vn -0.4623 0.2187 -0.8593
vn -0.3831 0.3705 -0.8461
vn -0.2968 0.5132 -0.8053
vn -0.2060 0.6425 -0.7381
vn -0.1133 0.7543 -0.6467
vn -0.0215 0.8454 -0.5338
vn 0.0664 0.9129 -0.4027
vn 0.1477 0.9549 -0.2575
vn 0.2203 0.9700 -0.1027
vn 0.2819 0.9578 0.0571
vn 0.3303 0.9186 0.2171
vn 0.3642 0.8536 0.3723
vn 0.3825 0.7650 0.5182
vn 0.3849 0.6552 0.6501
vn 0.3711 0.5276 0.7642
vn 0.3416 0.3861 0.8569
vn 0.2975 0.2350 0.9253
vn 0.2395 0.0791 0.9677
vn 0.1700 -0.0772 0.9824
vn 0.0910 -0.2290 0.9692
vn 0.0047 -0.3717 0.9284
vn -0.0863 -0.5008 0.8612
vn -0.1790 -0.6127 0.7698
vn -0.2706 -0.7039 0.6568
vn -0.3586 -0.7713 0.5258
vn -0.4401 -0.8133 0.3806
vn -0.5125 -0.8285 0.2257
vn -0.5739 -0.8163 0.0659
vn -0.6224 -0.7770 -0.0940
vn -0.6564 -0.7121 -0.2493
vn -0.6747 -0.6234 -0.3951
vn -0.6772 -0.5135 -0.5270
vn -0.6633 -0.3860 -0.6411
vn -0.6339 -0.2445 -0.7337
vn -0.5895 -0.0936 -0.8023
vn -0.5318 0.0625 -0.8445
vn -0.5895 0.2806 -0.7574
vn -0.5140 0.4255 -0.7448
vn -0.4317 0.5616 -0.7059
vn -0.3450 0.6849 -0.6418
vn -0.2565 0.7916 -0.5545
vn -0.1690 0.8785 -0.4468
vn -0.0851 0.9430 -0.3217
vn -0.0073 0.9830 -0.1832
vn 0.0619 0.9975 -0.0355
vn 0.1205 0.9858 0.1170
vn 0.1667 0.9484 0.2697
vn 0.1991 0.8865 0.4178
vn 0.2166 0.8018 0.5570
vn 0.2188 0.6970 0.6828
vn 0.2058 0.5753 0.7916
vn 0.1776 0.4403 0.8801
vn 0.1353 0.2962 0.9455
vn 0.0802 0.1473 0.9858
vn 0.0139 -0.0018 0.9999
vn -0.0616 -0.1466 0.9873
vn -0.1440 -0.2827 0.9483
vn -0.2307 -0.4060 0.8843
vn -0.3192 -0.5127 0.7970
vn -0.4066 -0.5997 0.6892
vn -0.4906 -0.6641 0.5642
vn -0.5683 -0.7041 0.4257
vn -0.6375 -0.7186 0.2779
vn -0.6961 -0.7069 0.1254
vn -0.7423 -0.6696 -0.0272
vn -0.7747 -0.6076 -0.1754
vn -0.7922 -0.5229 -0.3145
vn -0.7945 -0.4181 -0.4403
vn -0.7814 -0.2964 -0.5492
vn -0.7533 -0.1614 -0.6376
vn -0.7109 -0.0174 -0.7030
vn -0.6558 0.1315 -0.7434
vn -0.6988 0.3340 -0.6325
vn -0.6292 0.4674 -0.6209
vn -0.5534 0.5929 -0.5850
vn -0.4734 0.7065 -0.5260
vn -0.3919 0.8049 -0.4456
vn -0.3113 0.8850 -0.3462
vn -0.2339 0.9444 -0.2310
vn -0.1623 0.9813 -0.1033
vn -0.0985 0.9946 0.0328
vn -0.0445 0.9838 0.1734
vn -0.0019 0.9494 0.3140
vn 0.0280 0.8923 0.4506
vn 0.0442 0.8143 0.5788
vn 0.0462 0.7177 0.6948
vn 0.0341 0.6055 0.7951
vn 0.0082 0.4811 0.8766
vn -0.0308 0.3483 0.9369
vn -0.0816 0.2111 0.9740
vn -0.1427 0.0737 0.9870
vn -0.2122 -0.0598 0.9754
vn -0.2882 -0.1852 0.9395
vn -0.3681 -0.2988 0.8804
vn -0.4496 -0.3972 0.8000
vn -0.5303 -0.4773 0.7007
vn -0.6076 -0.5367 0.5855
vn -0.6792 -0.5737 0.4578
vn -0.7430 -0.5869 0.3216
vn -0.7970 -0.5761 0.1811
vn -0.8396 -0.5417 0.0404
vn -0.8694 -0.4846 -0.0961
vn -0.8857 -0.4066 -0.2243
vn -0.8877 -0.3100 -0.3403
vn -0.8756 -0.1978 -0.4406
vn -0.8497 -0.0735 -0.5221
vn -0.8107 0.0594 -0.5824
vn -0.7599 0.1966 -0.6196
vn -0.7869 0.3772 -0.4884
vn -0.7253 0.4952 -0.4781
vn -0.6582 0.6062 -0.4464
vn -0.5875 0.7067 -0.3942
vn -0.5154 0.7937 -0.3230
vn -0.4440 0.8646 -0.2352
vn -0.3757 0.9171 -0.1332
vn -0.3123 0.9498 -0.0203
vn -0.2559 0.9615 0.1001
vn -0.2081 0.9520 0.2244
vn -0.1705 0.9215 0.3489
vn -0.1441 0.8710 0.4696
vn -0.1297 0.8020 0.5830
vn -0.1279 0.7166 0.6857
vn -0.1386 0.6174 0.7744
vn -0.1615 0.5073 0.8465
vn -0.1960 0.3899 0.8998
vn -0.2409 0.2685 0.9327
vn -0.2950 0.1470 0.9441
vn -0.3565 0.0289 0.9338
vn -0.4237 -0.0821 0.9021
vn -0.4943 -0.1826 0.8499
vn -0.5665 -0.2696 0.7787
vn -0.6378 -0.3404 0.6909
vn -0.7062 -0.3930 0.5889
vn -0.7695 -0.4257 0.4760
vn -0.8260 -0.4374 0.3556
vn -0.8737 -0.4279 0.2312
vn -0.9114 -0.3974 0.1068
vn -0.9378 -0.3469 -0.0139
vn -0.9521 -0.2779 -0.1273
vn -0.9540 -0.1925 -0.2300
vn -0.9433 -0.0932 -0.3187
vn -0.9203 0.0168 -0.3908
vn -0.8859 0.1343 -0.4441
vn -0.8409 0.2556 -0.4770
vn -0.8510 0.4089 -0.3295
vn -0.7994 0.5080 -0.3209
vn -0.7431 0.6011 -0.2942
vn -0.6837 0.6854 -0.2504
vn -0.6232 0.7584 -0.1907
vn -0.5634 0.8179 -0.1170
vn -0.5060 0.8620 -0.0315
vn -0.4528 0.8894 0.0633
vn -0.4055 0.8992 0.1644
vn -0.3654 0.8912 0.2687
vn -0.3338 0.8657 0.3731
vn -0.3116 0.8233 0.4744
vn -0.2996 0.7654 0.5696
vn -0.2981 0.6937 0.6557
vn -0.3070 0.6105 0.7301
vn -0.3263 0.5181 0.7906
vn -0.3552 0.4196 0.8353
vn -0.3929 0.3177 0.8629
vn -0.4383 0.2157 0.8726
vn -0.4899 0.1167 0.8639
vn -0.5462 0.0236 0.8373
vn -0.6056 -0.0608 0.7935
vn -0.6661 -0.1338 0.7338
vn -0.7259 -0.1933 0.6601
vn -0.7833 -0.2373 0.5745
vn -0.8365 -0.2647 0.4798
vn -0.8838 -0.2746 0.3787
vn -0.9239 -0.2666 0.2744
vn -0.9555 -0.2410 0.1700
vn -0.9777 -0.1987 0.0687
vn -0.9897 -0.1408 -0.0265
vn -0.9912 -0.0691 -0.1126
vn -0.9823 0.0142 -0.1870
vn -0.9630 0.1065 -0.2475
vn -0.9341 0.2051 -0.2923
vn -0.8964 0.3069 -0.3199
vn -0.8893 0.4282 -0.1605
vn -0.8491 0.5053 -0.1538
vn -0.8053 0.5777 -0.1331
vn -0.7592 0.6433 -0.0990
vn -0.7121 0.7001 -0.0526
vn -0.6656 0.7463 0.0048
vn -0.6209 0.7806 0.0713
vn -0.5796 0.8019 0.1450
vn -0.5427 0.8096 0.2236
vn -0.5115 0.8034 0.3048
vn -0.4870 0.7835 0.3860
vn -0.4697 0.7505 0.4648
vn -0.4604 0.7055 0.5388
vn -0.4592 0.6497 0.6058
vn -0.4662 0.5850 0.6637
vn -0.4811 0.5132 0.7107
vn -0.5036 0.4365 0.7455
vn -0.5330 0.3573 0.7670
vn -0.5683 0.2779 0.7745
vn -0.6084 0.2009 0.7678
vn -0.6522 0.1285 0.7471
vn -0.6984 0.0629 0.7130
vn -0.7454 0.0061 0.6665
vn -0.7920 -0.0402 0.6092
vn -0.8366 -0.0745 0.5427
vn -0.8780 -0.0958 0.4690
vn -0.9148 -0.1034 0.3903
vn -0.9460 -0.0972 0.3092
vn -0.9706 -0.0774 0.2280
vn -0.9878 -0.0444 0.1492
vn -0.9972 0.0007 0.0751
vn -0.9984 0.0564 0.0082
vn -0.9914 0.1212 -0.0497
vn -0.9764 0.1930 -0.0968
vn -0.9539 0.2697 -0.1316
vn -0.9246 0.3489 -0.1531
vn -0.9006 0.4345 0.0133
vn -0.8731 0.4872 0.0179
vn -0.8431 0.5367 0.0321
vn -0.8116 0.5816 0.0554
vn -0.7794 0.6205 0.0871
vn -0.7475 0.6521 0.1263
vn -0.7170 0.6756 0.1719
vn -0.6887 0.6901 0.2223
vn -0.6635 0.6954 0.2761
vn -0.6422 0.6911 0.3316
vn -0.6254 0.6775 0.3871
vn -0.6136 0.6550 0.4410
vn -0.6072 0.6242 0.4917
vn -0.6064 0.5860 0.5375
vn -0.6112 0.5417 0.5771
vn -0.6214 0.4926 0.6093
vn -0.6367 0.4402 0.6331
vn -0.6568 0.3860 0.6477
vn -0.6810 0.3317 0.6529
vn -0.7084 0.2790 0.6483
vn -0.7384 0.2294 0.6341
vn -0.7700 0.1846 0.6108
vn -0.8022 0.1457 0.5791
vn -0.8340 0.1141 0.5398
vn -0.8645 0.0906 0.4943
vn -0.8928 0.0760 0.4439
vn -0.9180 0.0709 0.3901
vn -0.9394 0.0750 0.3346
vn -0.9562 0.0887 0.2790
vn -0.9680 0.1112 0.2251
vn -0.9744 0.1420 0.1745
vn -0.9752 0.1802 0.1287
vn -0.9704 0.2245 0.0891
vn -0.9602 0.2736 0.0569
vn -0.9448 0.3261 0.0331
vn -0.9247 0.3802 0.0184
vn -0.8845 0.4276 0.1867
vn -0.8705 0.4544 0.1890
vn -0.8553 0.4795 0.1963
vn -0.8393 0.5023 0.2081
vn -0.8229 0.5220 0.2242
vn -0.8068 0.5381 0.2441
vn -0.7913 0.5500 0.2672
vn -0.7769 0.5574 0.2928
vn -0.7641 0.5601 0.3201
vn -0.7533 0.5579 0.3483
vn -0.7447 0.5510 0.3765
vn -0.7388 0.5395 0.4039
vn -0.7355 0.5239 0.4296
vn -0.7351 0.5045 0.4528
vn -0.7375 0.4820 0.4730
vn -0.7427 0.4571 0.4893
vn -0.7505 0.4305 0.5014
vn -0.7607 0.4030 0.5089
vn -0.7730 0.3754 0.5115
vn -0.7869 0.3487 0.5091
vn -0.8021 0.3235 0.5019
vn -0.8182 0.3007 0.4900
vn -0.8345 0.2810 0.4740
vn -0.8507 0.2650 0.4540
vn -0.8662 0.2530 0.4309
vn -0.8806 0.2456 0.4053
vn -0.8933 0.2429 0.3780
vn -0.9042 0.2451 0.3498
vn -0.9127 0.2520 0.3216
vn -0.9187 0.2634 0.2943
vn -0.9219 0.2791 0.2686
vn -0.9224 0.2985 0.2453
vn -0.9199 0.3210 0.2252
vn -0.9147 0.3459 0.2088
vn -0.9069 0.3725 0.1968
vn -0.8967 0.4000 0.1893
vn 0.8415 -0.4077 -0.3545
vn -0.8415 0.4077 0.3545
vt 0.027778 0.055556
vt 0.027778 0.111111
vt 0.000000 0.111111
vt 0.000000 0.055556
vt 0.055556 0.055556
vt 0.055556 0.111111
vt 0.083333 0.055556
vt 0.083333 0.111111
vt 0.111111 0.055556
vt 0.111111 0.111111
vt 0.138889 0.055556
vt 0.138889 0.111111
vt 0.166667 0.055556
vt 0.166667 0.111111
vt 0.194444 0.055556
vt 0.194444 0.111111
vt 0.222222 0.055556
vt 0.222222 0.111111
vt 0.250000 0.055556
vt 0.250000 0.111111
vt 0.277778 0.055556
vt 0.277778 0.111111
vt 0.305556 0.055556
vt 0.305556 0.111111
vt 0.333333 0.055556
vt 0.333333 0.111111
vt 0.361111 0.055556
vt 0.361111 0.111111
vt 0.388889 0.055556
vt 0.388889 0.111111
vt 0.416667 0.055556
vt 0.416667 0.111111
vt 0.444444 0.055556
vt 0.444444 0.111111
vt 0.472222 0.055556
vt 0.472222 0.111111
vt 0.500000 0.055556
vt 0.500000 0.111111
vt 0.527778 0.055556
vt 0.527778 0.111111
vt 0.555556 0.055556
vt 0.555556 0.111111
vt 0.583333 0.055556
vt 0.583333 0.111111
vt 0.611111 0.055556
vt 0.611111 0.111111
vt 0.638889 0.055556
vt 0.638889 0.111111
vt 0.666667 0.055556
vt 0.666667 0.111111
vt 0.694444 0.055556
vt 0.694444 0.111111
vt 0.722222 0.055556
vt 0.722222 0.111111
vt 0.750000 0.055556
vt 0.750000 0.111111
vt 0.777778 0.055556
vt 0.777778 0.111111
vt 0.805556 0.055556
vt 0.805556 0.111111
vt 0.833333 0.055556
vt 0.833333 0.111111
vt 0.861111 0.055556
vt 0.861111 0.111111
vt 0.888889 0.055556
vt 0.888889 0.111111
vt 0.916667 0.055556
vt 0.916667 0.111111
vt 0.944444 0.055556
vt 0.944444 0.111111
vt 0.972222 0.055556
vt 0.972222 0.111111
vt 1.000000 0.055556
vt 1.000000 0.111111
vt 0.027778 0.166667
vt 0.000000 0.166667
vt 0.055556 0.166667
vt 0.083333 0.166667
vt 0.111111 0.166667
vt 0.138889 0.166667
vt 0.166667 0.166667
vt 0.194444 0.166667
vt 0.222222 0.166667
vt 0.250000 0.166667
vt 0.277778 0.166667
vt 0.305556 0.166667
vt 0.333333 0.166667
vt 0.361111 0.166667
vt 0.388889 0.166667
vt 0.416667 0.166667
vt 0.444444 0.166667
vt 0.472222 0.166667
vt 0.500000 0.166667
vt 0.527778 0.166667
vt 0.555556 0.166667
vt 0.583333 0.166667
vt 0.611111 0.166667
vt 0.638889 0.166667
vt 0.666667 0.166667
vt 0.694444 0.166667
vt 0.722222 0.166667
vt 0.750000 0.166667
vt 0.777778 0.166667
vt 0.805556 0.166667
vt 0.833333 0.166667
vt 0.861111 0.166667
vt 0.888889 0.166667
vt 0.916667 0.166667
vt 0.944444 0.166667
vt 0.972222 0.166667
vt 1.000000 0.166667
vt 0.027778 0.222222
vt 0.000000 0.222222
vt 0.055556 0.222222
vt 0.083333 0.222222
vt 0.111111 0.222222
vt 0.138889 0.222222
vt 0.166667 0.222222
vt 0.194444 0.222222
vt 0.222222 0.222222
vt 0.250000 0.222222
vt 0.277778 0.222222
vt 0.305556 0.222222
vt 0.333333 0.222222
vt 0.361111 0.222222
vt 0.388889 0.222222
vt 0.416667 0.222222
vt 0.444444 0.222222
vt 0.472222 0.222222
vt 0.500000 0.222222
vt 0.527778 0.222222
vt 0.555556 0.222222
vt 0.583333 0.222222
vt 0.611111 0.222222
vt 0.638889 0.222222
vt 0.666667 0.222222
vt 0.694444 0.222222
vt 0.722222 0.222222
vt 0.750000 0.222222
vt 0.777778 0.222222
vt 0.805556 0.222222
vt 0.833333 0.222222
vt 0.861111 0.222222
vt 0.888889 0.222222
vt 0.916667 0.222222
vt 0.944444 0.222222
vt 0.972222 0.222222
vt 1.000000 0.222222
vt 0.027778 0.277778
vt 0.000000 0.277778
vt 0.055556 0.277778
vt 0.083333 0.277778
vt 0.111111 0.277778
vt 0.138889 0.277778
vt 0.166667 0.277778
vt 0.194444 0.277778
vt 0.222222 0.277778
vt 0.250000 0.277778
vt 0.277778 0.277778
vt 0.305556 0.277778
vt 0.333333 0.277778
vt 0.361111 0.277778
vt 0.388889 0.277778
vt 0.416667 0.277778
vt 0.444444 0.277778
vt 0.472222 0.277778
vt 0.500000 0.277778
vt 0.527778 0.277778
vt 0.555556 0.277778
vt 0.583333 0.277778
vt 0.611111 0.277778
vt 0.638889 0.277778
vt 0.666667 0.277778
vt 0.694444 0.277778
vt 0.722222 0.277778
vt 0.750000 0.277778
vt 0.777778 0.277778
vt 0.805556 0.277778
vt 0.833333 0.277778
vt 0.861111 0.277778
vt 0.888889 0.277778
vt 0.916667 0.277778
vt 0.944444 0.277778
vt 0.972222 0.277778
vt 1.000000 0.277778
vt 0.027778 0.333333
vt 0.000000 0.333333
vt 0.055556 0.333333
vt 0.083333 0.333333
vt 0.111111 0.333333
vt 0.138889 0.333333
vt 0.166667 0.333333
vt 0.194444 0.333333
vt 0.222222 0.333333
vt 0.250000 0.333333
vt 0.277778 0.333333
vt 0.305556 0.333333
vt 0.333333 0.333333
vt 0.361111 0.333333
vt 0.388889 0.333333
vt 0.416667 0.333333
vt 0.444444 0.333333
vt 0.472222 0.333333
vt 0.500000 0.333333
vt 0.527778 0.333333
vt 0.555556 0.333333
vt 0.583333 0.333333
vt 0.611111 0.333333
vt 0.638889 0.333333
vt 0.666667 0.333333
vt 0.694444 0.333333
vt 0.722222 0.333333
vt 0.750000 0.333333
vt 0.777778 0.333333
vt 0.805556 0.333333
vt 0.833333 0.333333
vt 0.861111 0.333333
vt 0.888889 0.333333
vt 0.916667 0.333333
vt 0.944444 0.333333
vt 0.972222 0.333333
vt 1.000000 0.333333
vt 0.027778 0.388889
vt 0.000000 0.388889
vt 0.055556 0.388889
vt 0.083333 0.388889
vt 0.111111 0.388889
vt 0.138889 0.388889
vt 0.166667 0.388889
vt 0.194444 0.388889
vt 0.222222 0.388889
vt 0.250000 0.388889
vt 0.277778 0.388889
vt 0.305556 0.388889
vt 0.333333 0.388889
vt 0.361111 0.388889
vt 0.388889 0.388889
vt 0.416667 0.388889
vt 0.444444 0.388889
vt 0.472222 0.388889
vt 0.500000 0.388889
vt 0.527778 0.388889
vt 0.555556 0.388889
vt 0.583333 0.388889
vt 0.611111 0.388889
vt 0.638889 0.388889
vt 0.666667 0.388889
vt 0.694444 0.388889
vt 0.722222 0.388889
vt 0.750000 0.388889
vt 0.777778 0.388889
vt 0.805556 0.388889
vt 0.833333 0.388889
vt 0.861111 0.388889
vt 0.888889 0.388889
vt 0.916667 0.388889
vt 0.944444 0.388889
vt 0.972222 0.388889
vt 1.000000 0.388889
vt 0.027778 0.444444
vt 0.000000 0.444444
vt 0.055556 0.444444
vt 0.083333 0.444444
vt 0.111111 0.444444
vt 0.138889 0.444444
vt 0.166667 0.444444
vt 0.194444 0.444444
vt 0.222222 0.444444
vt 0.250000 0.444444
vt 0.277778 0.444444
vt 0.305556 0.444444
vt 0.333333 0.444444
vt 0.361111 0.444444
vt 0.388889 0.444444
vt 0.416667 0.444444
vt 0.444444 0.444444
vt 0.472222 0.444444
vt 0.500000 0.444444
vt 0.527778 0.444444
vt 0.555556 0.444444
vt 0.583333 0.444444
vt 0.611111 0.444444
vt 0.638889 0.444444
vt 0.666667 0.444444
vt 0.694444 0.444444
vt 0.722222 0.444444
vt 0.750000 0.444444
vt 0.777778 0.444444
vt 0.805556 0.444444
vt 0.833333 0.444444
vt 0.861111 0.444444
vt 0.888889 0.444444
vt 0.916667 0.444444
vt 0.944444 0.444444
vt 0.972222 0.444444
vt 1.000000 0.444444
vt 0.027778 0.500000
vt 0.000000 0.500000
vt 0.055556 0.500000
vt 0.083333 0.500000
vt 0.111111 0.500000
vt 0.138889 0.500000
vt 0.166667 0.500000
vt 0.194444 0.500000
vt 0.222222 0.500000
vt 0.250000 0.500000
vt 0.277778 0.500000
vt 0.305556 0.500000
vt 0.333333 0.500000
vt 0.361111 0.500000
vt 0.388889 0.500000
vt 0.416667 0.500000
vt 0.444444 0.500000
vt 0.472222 0.500000
vt 0.500000 0.500000
vt 0.527778 0.500000
vt 0.555556 0.500000
vt 0.583333 0.500000
vt 0.611111 0.500000
vt 0.638889 0.500000
vt 0.666667 0.500000
vt 0.694444 0.500000
vt 0.722222 0.500000
vt 0.750000 0.500000
vt 0.777778 0.500000
vt 0.805556 0.500000
vt 0.833333 0.500000
vt 0.861111 0.500000
vt 0.888889 0.500000
vt 0.916667 0.500000
vt 0.944444 0.500000
vt 0.972222 0.500000
vt 1.000000 0.500000
vt 0.027778 0.555556
vt 0.000000 0.555556
vt 0.055556 0.555556
vt 0.083333 0.555556
vt 0.111111 0.555556
vt 0.138889 0.555556
vt 0.166667 0.555556
vt 0.194444 0.555556
vt 0.222222 0.555556
vt 0.250000 0.555556
vt 0.277778 0.555556
vt 0.305556 0.555556
vt 0.333333 0.555556
vt 0.361111 0.555556
vt 0.388889 0.555556
vt 0.416667 0.555556
vt 0.444444 0.555556
vt 0.472222 0.555556
vt 0.500000 0.555556
vt 0.527778 0.555556
vt 0.555556 0.555556
vt 0.583333 0.555556
vt 0.611111 0.555556
vt 0.638889 0.555556
vt 0.666667 0.555556
vt 0.694444 0.555556
vt 0.722222 0.555556
vt 0.750000 0.555556
vt 0.777778 0.555556
vt 0.805556 0.555556
vt 0.833333 0.555556
vt 0.861111 0.555556
vt 0.888889 0.555556
vt 0.916667 0.555556
vt 0.944444 0.555556
vt 0.972222 0.555556
vt 1.000000 0.555556
vt 0.027778 0.611111
vt 0.000000 0.611111
vt 0.055556 0.611111
vt 0.083333 0.611111
vt 0.111111 0.611111
vt 0.138889 0.611111
vt 0.166667 0.611111
vt 0.194444 0.611111
vt 0.222222 0.611111
vt 0.250000 0.611111
vt 0.277778 0.611111
vt 0.305556 0.611111
vt 0.333333 0.611111
vt 0.361111 0.611111
vt 0.388889 0.611111
vt 0.416667 0.611111
vt 0.444444 0.611111
vt 0.472222 0.611111
vt 0.500000 0.611111
vt 0.527778 0.611111
vt 0.555556 0.611111
vt 0.583333 0.611111
vt 0.611111 0.611111
vt 0.638889 0.611111
vt 0.666667 0.611111
vt 0.694444 0.611111
vt 0.722222 0.611111
vt 0.750000 0.611111
vt 0.777778 0.611111
vt 0.805556 0.611111
vt 0.833333 0.611111
vt 0.861111 0.611111
vt 0.888889 0.611111
vt 0.916667 0.611111
vt 0.944444 0.611111
vt 0.972222 0.611111
vt 1.000000 0.611111
vt 0.027778 0.666667
vt 0.000000 0.666667
vt 0.055556 0.666667
vt 0.083333 0.666667
vt 0.111111 0.666667
vt 0.138889 0.666667
vt 0.166667 0.666667
vt 0.194444 0.666667
vt 0.222222 0.666667
vt 0.250000 0.666667
vt 0.277778 0.666667
vt 0.305556 0.666667
vt 0.333333 0.666667
vt 0.361111 0.666667
vt 0.388889 0.666667
vt 0.416667 0.666667
vt 0.444444 0.666667
vt 0.472222 0.666667
vt 0.500000 0.666667
vt 0.527778 0.666667
vt 0.555556 0.666667
vt 0.583333 0.666667
vt 0.611111 0.666667
vt 0.638889 0.666667
vt 0.666667 0.666667
vt 0.694444 0.666667
vt 0.722222 0.666667
vt 0.750000 0.666667
vt 0.777778 0.666667
vt 0.805556 0.666667
vt 0.833333 0.666667
vt 0.861111 0.666667
vt 0.888889 0.666667
vt 0.916667 0.666667
vt 0.944444 0.666667
vt 0.972222 0.666667
vt 1.000000 0.666667
vt 0.027778 0.722222
vt 0.000000 0.722222
vt 0.055556 0.722222
vt 0.083333 0.722222
vt 0.111111 0.722222
vt 0.138889 0.722222
vt 0.166667 0.722222
vt 0.194444 0.722222
vt 0.222222 0.722222
vt 0.250000 0.722222
vt 0.277778 0.722222
vt 0.305556 0.722222
vt 0.333333 0.722222
vt 0.361111 0.722222
vt 0.388889 0.722222
vt 0.416667 0.722222
vt 0.444444 0.722222
vt 0.472222 0.722222
vt 0.500000 0.722222
vt 0.527778 0.722222
vt 0.555556 0.722222
vt 0.583333 0.722222
vt 0.611111 0.722222
vt 0.638889 0.722222
vt 0.666667 0.722222
vt 0.694444 0.722222
vt 0.722222 0.722222
vt 0.750000 0.722222
vt 0.777778 0.722222
vt 0.805556 0.722222
vt 0.833333 0.722222
vt 0.861111 0.722222
vt 0.888889 0.722222
vt 0.916667 0.722222
vt 0.944444 0.722222
vt 0.972222 0.722222
vt 1.000000 0.722222
vt 0.027778 0.777778
vt 0.000000 0.777778
vt 0.055556 0.777778
vt 0.083333 0.777778
vt 0.111111 0.777778
vt 0.138889 0.777778
vt 0.166667 0.777778
vt 0.194444 0.777778
vt 0.222222 0.777778
vt 0.250000 0.777778
vt 0.277778 0.777778
vt 0.305556 0.777778
vt 0.333333 0.777778
vt 0.361111 0.777778
vt 0.388889 0.777778
vt 0.416667 0.777778
vt 0.444444 0.777778
vt 0.472222 0.777778
vt 0.500000 0.777778
vt 0.527778 0.777778
vt 0.555556 0.777778
vt 0.583333 0.777778
vt 0.611111 0.777778
vt 0.638889 0.777778
vt 0.666667 0.777778
vt 0.694444 0.777778
vt 0.722222 0.777778
vt 0.750000 0.777778
vt 0.777778 0.777778
vt 0.805556 0.777778
vt 0.833333 0.777778
vt 0.861111 0.777778
vt 0.888889 0.777778
vt 0.916667 0.777778
vt 0.944444 0.777778
vt 0.972222 0.777778
vt 1.000000 0.777778
vt 0.027778 0.833333
vt 0.000000 0.833333
vt 0.055556 0.833333
vt 0.083333 0.833333
vt 0.111111 0.833333
vt 0.138889 0.833333
vt 0.166667 0.833333
vt 0.194444 0.833333
vt 0.222222 0.833333
vt 0.250000 0.833333
vt 0.277778 0.833333
vt 0.305556 0.833333
vt 0.333333 0.833333
vt 0.361111 0.833333
vt 0.388889 0.833333
vt 0.416667 0.833333
vt 0.444444 0.833333
vt 0.472222 0.833333
vt 0.500000 0.833333
vt 0.527778 0.833333
vt 0.555556 0.833333
vt 0.583333 0.833333
vt 0.611111 0.833333
vt 0.638889 0.833333
vt 0.666667 0.833333
vt 0.694444 0.833333
vt 0.722222 0.833333
vt 0.750000 0.833333
vt 0.777778 0.833333
vt 0.805556 0.833333
vt 0.833333 0.833333
vt 0.861111 0.833333
vt 0.888889 0.833333
vt 0.916667 0.833333
vt 0.944444 0.833333
vt 0.972222 0.833333
vt 1.000000 0.833333
vt 0.027778 0.888889
vt 0.000000 0.888889
vt 0.055556 0.888889
vt 0.083333 0.888889
vt 0.111111 0.888889
vt 0.138889 0.888889
vt 0.166667 0.888889
vt 0.194444 0.888889
vt 0.222222 0.888889
vt 0.250000 0.888889
vt 0.277778 0.888889
vt 0.305556 0.888889
vt 0.333333 0.888889
vt 0.361111 0.888889
vt 0.388889 0.888889
vt 0.416667 0.888889
vt 0.444444 0.888889
vt 0.472222 0.888889
vt 0.500000 0.888889
vt 0.527778 0.888889
vt 0.555556 0.888889
vt 0.583333 0.888889
vt 0.611111 0.888889
vt 0.638889 0.888889
vt 0.666667 0.888889
vt 0.694444 0.888889
vt 0.722222 0.888889
vt 0.750000 0.888889
vt 0.777778 0.888889
vt 0.805556 0.888889
vt 0.833333 0.888889
vt 0.861111 0.888889
vt 0.888889 0.888889
vt 0.916667 0.888889
vt 0.944444 0.888889
vt 0.972222 0.888889
vt 1.000000 0.888889
vt 0.027778 0.944444
vt 0.000000 0.944444
vt 0.055556 0.944444
vt 0.083333 0.944444
vt 0.111111 0.944444
vt 0.138889 0.944444
vt 0.166667 0.944444
vt 0.194444 0.944444
vt 0.222222 0.944444
vt 0.250000 0.944444
vt 0.277778 0.944444
vt 0.305556 0.944444
vt 0.333333 0.944444
vt 0.361111 0.944444
vt 0.388889 0.944444
vt 0.416667 0.944444
vt 0.444444 0.944444
vt 0.472222 0.944444
vt 0.500000 0.944444
vt 0.527778 0.944444
vt 0.555556 0.944444
vt 0.583333 0.944444
vt 0.611111 0.944444
vt 0.638889 0.944444
vt 0.666667 0.944444
vt 0.694444 0.944444
vt 0.722222 0.944444
vt 0.750000 0.944444
vt 0.777778 0.944444
vt 0.805556 0.944444
vt 0.833333 0.944444
vt 0.861111 0.944444
vt 0.888889 0.944444
vt 0.916667 0.944444
vt 0.944444 0.944444
vt 0.972222 0.944444
vt 1.000000 0.944444
vt 0.000000 0.000000
vt 0.000000 1.000000
vt 0.027778 0.000000
vt 0.027778 1.000000
vt 0.055556 0.000000
vt 0.055556 1.000000
vt 0.083333 0.000000
vt 0.083333 1.000000
vt 0.111111 0.000000
vt 0.111111 1.000000
vt 0.138889 0.000000
vt 0.138889 1.000000
vt 0.166667 0.000000
vt 0.166667 1.000000
vt 0.194444 0.000000
vt 0.194444 1.000000
vt 0.222222 0.000000
vt 0.222222 1.000000
vt 0.250000 0.000000
vt 0.250000 1.000000
vt 0.277778 0.000000
vt 0.277778 1.000000
vt 0.305556 0.000000
vt 0.305556 1.000000
vt 0.333333 0.000000
vt 0.333333 1.000000
vt 0.361111 0.000000
vt 0.361111 1.000000
vt 0.388889 0.000000
vt 0.388889 1.000000
vt 0.416667 0.000000
vt 0.416667 1.000000
vt 0.444444 0.000000
vt 0.444444 1.000000
vt 0.472222 0.000000
vt 0.472222 1.000000
vt 0.500000 0.000000
vt 0.500000 1.000000
vt 0.527778 0.000000
vt 0.527778 1.000000
vt 0.555556 0.000000
vt 0.555556 1.000000
vt 0.583333 0.000000
vt 0.583333 1.000000
vt 0.611111 0.000000
vt 0.611111 1.000000
vt 0.638889 0.000000
vt 0.638889 1.000000
vt 0.666667 0.000000
vt 0.666667 1.000000
vt 0.694444 0.000000
vt 0.694444 1.000000
vt 0.722222 0.000000
vt 0.722222 1.000000
vt 0.750000 0.000000
vt 0.750000 1.000000
vt 0.777778 0.000000
vt 0.777778 1.000000
vt 0.805556 0.000000
vt 0.805556 1.000000
vt 0.833333 0.000000
vt 0.833333 1.000000
vt 0.861111 0.000000
vt 0.861111 1.000000
vt 0.888889 0.000000
vt 0.888889 1.000000
vt 0.916667 0.000000
vt 0.916667 1.000000
vt 0.944444 0.000000
vt 0.944444 1.000000
vt 0.972222 0.000000
vt 0.972222 1.000000
s 1
usemtl WeißL
f 566/351/563 602/352/564 601/353/565 565/354/566
f 567/355/567 603/356/568 602/352/564 566/351/563
f 568/357/569 604/358/570 603/356/568 567/355/567
f 569/359/571 605/360/572 604/358/570 568/357/569
f 570/361/573 606/362/574 605/360/572 569/359/571
f 571/363/575 607/364/576 606/362/574 570/361/573
f 572/365/577 608/366/578 607/364/576 571/363/575
f 573/367/579 609/368/580 608/366/578 572/365/577
f 574/369/581 610/370/582 609/368/580 573/367/579
f 575/371/583 611/372/584 610/370/582 574/369/581
f 576/373/585 612/374/586 611/372/584 575/371/583
f 577/375/587 613/376/588 612/374/586 576/373/585
f 578/377/589 614/378/590 613/376/588 577/375/587
f 579/379/591 615/380/592 614/378/590 578/377/589
f 580/381/593 616/382/594 615/380/592 579/379/591
f 581/383/595 617/384/596 616/382/594 580/381/593
f 582/385/597 618/386/598 617/384/596 581/383/595
f 583/387/599 619/388/600 618/386/598 582/385/597
f 584/389/601 620/390/602 619/388/600 583/387/599
f 585/391/603 621/392/604 620/390/602 584/389/601
f 586/393/605 622/394/606 621/392/604 585/391/603
f 587/395/607 623/396/608 622/394/606 586/393/605
f 588/397/609 624/398/610 623/396/608 587/395/607
f 589/399/611 625/400/612 624/398/610 588/397/609
f 590/401/613 626/402/614 625/400/612 589/399/611
f 591/403/615 627/404/616 626/402/614 590/401/613
f 592/405/617 628/406/618 627/404/616 591/403/615
f 593/407/619 629/408/620 628/406/618 592/405/617
f 594/409/621 630/410/622 629/408/620 593/407/619
f 595/411/623 631/412/624 630/410/622 594/409/621
f 596/413/625 632/414/626 631/412/624 595/411/623
f 597/415/627 633/416/628 632/414/626 596/413/625
f 598/417/629 634/418/630 633/416/628 597/415/627
f 599/419/631 635/420/632 634/418/630 598/417/629
f 600/421/633 636/422/634 635/420/632 599/419/631
f 565/423/566 601/424/565 636/422/634 600/421/633
f 602/352/564 638/425/635 637/426/636 601/353/565
f 603/356/568 639/427/637 638/425/635 602/352/564
f 604/358/570 640/428/638 639/427/637 603/356/568
f 605/360/572 641/429/639 640/428/638 604/358/570
f 606/362/574 642/430/640 641/429/639 605/360/572
f 607/364/576 643/431/641 642/430/640 606/362/574
f 608/366/578 644/432/642 643/431/641 607/364/576
f 609/368/580 645/433/643 644/432/642 608/366/578
f 610/370/582 646/434/644 645/433/643 609/368/580
f 611/372/584 647/435/645 646/434/644 610/370/582
f 612/374/586 648/436/646 647/435/645 611/372/584
f 613/376/588 649/437/647 648/436/646 612/374/586
f 614/378/590 650/438/648 649/437/647 613/376/588
f 615/380/592 651/439/649 650/438/648 614/378/590
f 616/382/594 652/440/650 651/439/649 615/380/592
f 617/384/596 653/441/651 652/440/650 616/382/594
f 618/386/598 654/442/652 653/441/651 617/384/596
f 619/388/600 655/443/653 654/442/652 618/386/598
f 620/390/602 656/444/654 655/443/653 619/388/600
f 621/392/604 657/445/655 656/444/654 620/390/602
f 622/394/606 658/446/656 657/445/655 621/392/604
f 623/396/608 659/447/657 658/446/656 622/394/606
f 624/398/610 660/448/658 659/447/657 623/396/608
f 625/400/612 661/449/659 660/448/658 624/398/610
f 626/402/614 662/450/660 661/449/659 625/400/612
f 627/404/616 663/451/661 662/450/660 626/402/614
f 628/406/618 664/452/662 663/451/661 627/404/616
f 629/408/620 665/453/663 664/452/662 628/406/618
f 630/410/622 666/454/664 665/453/663 629/408/620
f 631/412/624 667/455/665 666/454/664 630/410/622
f 632/414/626 668/456/666 667/455/665 631/412/624
f 633/416/628 669/457/667 668/456/666 632/414/626
f 634/418/630 670/458/668 669/457/667 633/416/628
f 635/420/632 671/459/669 670/458/668 634/418/630
f 636/422/634 672/460/670 671/459/669 635/420/632
f 601/424/565 637/461/636 672/460/670 636/422/634
f 638/425/635 674/462/671 673/463/672 637/426/636
f 639/427/637 675/464/673 674/462/671 638/425/635
f 640/428/638 676/465/674 675/464/673 639/427/637
f 641/429/639 677/466/675 676/465/674 640/428/638
f 642/430/640 678/467/676 677/466/675 641/429/639
f 643/431/641 679/468/677 678/467/676 642/430/640
f 644/432/642 680/469/678 679/468/677 643/431/641
f 645/433/643 681/470/679 680/469/678 644/432/642
f 646/434/644 682/471/680 681/470/679 645/433/643
f 647/435/645 683/472/681 682/471/680 646/434/644
f 648/436/646 684/473/682 683/472/681 647/435/645
f 649/437/647 685/474/683 684/473/682 648/436/646
f 650/438/648 686/475/684 685/474/683 649/437/647
f 651/439/649 687/476/685 686/475/684 650/438/648
f 652/440/650 688/477/686 687/476/685 651/439/649
f 653/441/651 689/478/687 688/477/686 652/440/650
f 654/442/652 690/479/688 689/478/687 653/441/651
f 655/443/653 691/480/689 690/479/688 654/442/652
f 656/444/654 692/481/690 691/480/689 655/443/653
f 657/445/655 693/482/691 692/481/690 656/444/654
f 658/446/656 694/483/692 693/482/691 657/445/655
f 659/447/657 695/484/693 694/483/692 658/446/656
f 660/448/658 696/485/694 695/484/693 659/447/657
f 661/449/659 697/486/695 696/485/694 660/448/658
f 662/450/660 698/487/696 697/486/695 661/449/659
f 663/451/661 699/488/697 698/487/696 662/450/660
f 664/452/662 700/489/698 699/488/697 663/451/661
f 665/453/663 701/490/699 700/489/698 664/452/662
f 666/454/664 702/491/700 701/490/699 665/453/663
f 667/455/665 703/492/701 702/491/700 666/454/664
f 668/456/666 704/493/702 703/492/701 667/455/665
f 669/457/667 705/494/703 704/493/702 668/456/666
f 670/458/668 706/495/704 705/494/703 669/457/667
f 671/459/669 707/496/705 706/495/704 670/458/668
f 672/460/670 708/497/706 707/496/705 671/459/669
f 637/461/636 673/498/672 708/497/706 672/460/670
f 674/462/671 710/499/707 709/500/708 673/463/672
f 675/464/673 711/501/709 710/499/707 674/462/671
f 676/465/674 712/502/710 711/501/709 675/464/673
f 677/466/675 713/503/711 712/502/710 676/465/674
f 678/467/676 714/504/712 713/503/711 677/466/675
f 679/468/677 715/505/713 714/504/712 678/467/676
f 680/469/678 716/506/714 715/505/713 679/468/677
f 681/470/679 717/507/715 716/506/714 680/469/678
f 682/471/680 718/508/716 717/507/715 681/470/679
f 683/472/681 719/509/717 718/508/716 682/471/680
f 684/473/682 720/510/718 719/509/717 683/472/681
f 685/474/683 721/511/719 720/510/718 684/473/682
f 686/475/684 722/512/720 721/511/719 685/474/683
f 687/476/685 723/513/721 722/512/720 686/475/684
f 688/477/686 724/514/722 723/513/721 687/476/685
f 689/478/687 725/515/723 724/514/722 688/477/686
f 690/479/688 726/516/724 725/515/723 689/478/687
f 691/480/689 727/517/725 726/516/724 690/479/688
f 692/481/690 728/518/726 727/517/725 691/480/689
f 693/482/691 729/519/727 728/518/726 692/481/690
f 694/483/692 730/520/728 729/519/727 693/482/691
f 695/484/693 731/521/729 730/520/728 694/483/692
f 696/485/694 732/522/730 731/521/729 695/484/693
f 697/486/695 733/523/731 732/522/730 696/485/694
f 698/487/696 734/524/732 733/523/731 697/486/695
f 699/488/697 735/525/733 734/524/732 698/487/696
f 700/489/698 736/526/734 735/525/733 699/488/697
f 701/490/699 737/527/735 736/526/734 700/489/698
f 702/491/700 738/528/736 737/527/735 701/490/699
f 703/492/701 739/529/737 738/528/736 702/491/700
f 704/493/702 740/530/738 739/529/737 703/492/701
f 705/494/703 741/531/739 740/530/738 704/493/702
f 706/495/704 742/532/740 741/531/739 705/494/703
f 707/496/705 743/533/741 742/532/740 706/495/704
f 708/497/706 744/534/742 743/533/741 707/496/705
f 673/498/672 709/535/708 744/534/742 708/497/706
f 710/499/707 746/536/743 745/537/744 709/500/708
f 711/501/709 747/538/745 746/536/743 710/499/707
f 712/502/710 748/539/746 747/538/745 711/501/709
f 713/503/711 749/540/747 748/539/746 712/502/710
f 714/504/712 750/541/748 749/540/747 713/503/711
f 715/505/713 751/542/749 750/541/748 714/504/712
f 716/506/714 752/543/750 751/542/749 715/505/713
f 717/507/715 753/544/751 752/543/750 716/506/714
f 718/508/716 754/545/752 753/544/751 717/507/715
f 719/509/717 755/546/753 754/545/752 718/508/716
f 720/510/718 756/547/754 755/546/753 719/509/717
f 721/511/719 757/548/755 756/547/754 720/510/718
f 722/512/720 758/549/756 757/548/755 721/511/719
f 723/513/721 759/550/757 758/549/756 722/512/720
f 724/514/722 760/551/758 759/550/757 723/513/721
f 725/515/723 761/552/759 760/551/758 724/514/722
f 726/516/724 762/553/760 761/552/759 725/515/723
f 727/517/725 763/554/761 762/553/760 726/516/724
f 728/518/726 764/555/762 763/554/761 727/517/725
f 729/519/727 765/556/763 764/555/762 728/518/726
f 730/520/728 766/557/764 765/556/763 729/519/727
f 731/521/729 767/558/765 766/557/764 730/520/728
f 732/522/730 768/559/766 767/558/765 731/521/729
f 733/523/731 769/560/767 768/559/766 732/522/730
f 734/524/732 770/561/768 769/560/767 733/523/731
f 735/525/733 771/562/769 770/561/768 734/524/732
f 736/526/734 772/563/770 771/562/769 735/525/733
f 737/527/735 773/564/771 772/563/770 736/526/734
f 738/528/736 774/565/772 773/564/771 737/527/735
f 739/529/737 775/566/773 774/565/772 738/528/736
f 740/530/738 776/567/774 775/566/773 739/529/737
f 741/531/739 777/568/775 776/567/774 740/530/738
f 742/532/740 778/569/776 777/568/775 741/531/739
f 743/533/741 779/570/777 778/569/776 742/532/740
f 744/534/742 780/571/778 779/570/777 743/533/741
f 709/535/708 745/572/744 780/571/778 744/534/742
f 746/536/743 782/573/779 781/574/780 745/537/744
f 747/538/745 783/575/781 782/573/779 746/536/743
f 748/539/746 784/576/782 783/575/781 747/538/745
f 749/540/747 785/577/783 784/576/782 748/539/746
f 750/541/748 786/578/784 785/577/783 749/540/747
f 751/542/749 787/579/785 786/578/784 750/541/748
f 752/543/750 788/580/786 787/579/785 751/542/749
f 753/544/751 789/581/787 788/580/786 752/543/750
f 754/545/752 790/582/788 789/581/787 753/544/751
f 755/546/753 791/583/789 790/582/788 754/545/752
f 756/547/754 792/584/790 791/583/789 755/546/753
f 757/548/755 793/585/791 792/584/790 756/547/754
f 758/549/756 794/586/792 793/585/791 757/548/755
f 759/550/757 795/587/793 794/586/792 758/549/756
f 760/551/758 796/588/794 795/587/793 759/550/757
f 761/552/759 797/589/795 796/588/794 760/551/758
f 762/553/760 798/590/796 797/589/795 761/552/759
f 763/554/761 799/591/797 798/590/796 762/553/760
f 764/555/762 800/592/798 799/591/797 763/554/761
f 765/556/763 801/593/799 800/592/798 764/555/762
f 766/557/764 802/594/800 801/593/799 765/556/763
f 767/558/765 803/595/801 802/594/800 766/557/764
f 768/559/766 804/596/802 803/595/801 767/558/765
f 769/560/767 805/597/803 804/596/802 768/559/766
f 770/561/768 806/598/804 805/597/803 769/560/767
f 771/562/769 807/599/805 806/598/804 770/561/768
f 772/563/770 808/600/806 807/599/805 771/562/769
f 773/564/771 809/601/807 808/600/806 772/563/770
f 774/565/772 810/602/808 809/601/807 773/564/771
f 775/566/773 811/603/809 810/602/808 774/565/772
f 776/567/774 812/604/810 811/603/809 775/566/773
f 777/568/775 813/605/811 812/604/810 776/567/774
f 778/569/776 814/606/812 813/605/811 777/568/775
f 779/570/777 815/607/813 814/606/812 778/569/776
f 780/571/778 816/608/814 815/607/813 779/570/777
f 745/572/744 781/609/780 816/608/814 780/571/778
f 782/573/779 818/610/815 817/611/816 781/574/780
f 783/575/781 819/612/817 818/610/815 782/573/779
f 784/576/782 820/613/818 819/612/817 783/575/781
f 785/577/783 821/614/819 820/613/818 784/576/782
f 786/578/784 822/615/820 821/614/819 785/577/783
f 787/579/785 823/616/821 822/615/820 786/578/784
f 788/580/786 824/617/822 823/616/821 787/579/785
f 789/581/787 825/618/823 824/617/822 788/580/786
f 790/582/788 826/619/824 825/618/823 789/581/787
f 791/583/789 827/620/825 826/619/824 790/582/788
f 792/584/790 828/621/826 827/620/825 791/583/789
f 793/585/791 829/622/827 828/621/826 792/584/790
f 794/586/792 830/623/828 829/622/827 793/585/791
f 795/587/793 831/624/829 830/623/828 794/586/792
f 796/588/794 832/625/830 831/624/829 795/587/793
f 797/589/795 833/626/831 832/625/830 796/588/794
f 798/590/796 834/627/832 833/626/831 797/589/795
f 799/591/797 835/628/833 834/627/832 798/590/796
f 800/592/798 836/629/834 835/628/833 799/591/797
f 801/593/799 837/630/835 836/629/834 800/592/798
f 802/594/800 838/631/836 837/630/835 801/593/799
f 803/595/801 839/632/837 838/631/836 802/594/800
f 804/596/802 840/633/838 839/632/837 803/595/801
f 805/597/803 841/634/839 840/633/838 804/596/802
f 806/598/804 842/635/840 841/634/839 805/597/803
f 807/599/805 843/636/841 842/635/840 806/598/804
f 808/600/806 844/637/842 843/636/841 807/599/805
f 809/601/807 845/638/843 844/637/842 808/600/806
f 810/602/808 846/639/844 845/638/843 809/601/807
f 811/603/809 847/640/845 846/639/844 810/602/808
f 812/604/810 848/641/846 847/640/845 811/603/809
f 813/605/811 849/642/847 848/641/846 812/604/810
f 814/606/812 850/643/848 849/642/847 813/605/811
f 815/607/813 851/644/849 850/643/848 814/606/812
f 816/608/814 852/645/850 851/644/849 815/607/813
f 781/609/780 817/646/816 852/645/850 816/608/814
f 818/610/815 854/647/851 853/648/852 817/611/816
f 819/612/817 855/649/853 854/647/851 818/610/815
f 820/613/818 856/650/854 855/649/853 819/612/817
f 821/614/819 857/651/855 856/650/854 820/613/818
f 822/615/820 858/652/856 857/651/855 821/614/819
f 823/616/821 859/653/857 858/652/856 822/615/820
f 824/617/822 860/654/858 859/653/857 823/616/821
f 825/618/823 861/655/859 860/654/858 824/617/822
f 826/619/824 862/656/860 861/655/859 825/618/823
f 827/620/825 863/657/861 862/656/860 826/619/824
f 828/621/826 864/658/862 863/657/861 827/620/825
f 829/622/827 865/659/863 864/658/862 828/621/826
f 830/623/828 866/660/864 865/659/863 829/622/827
f 831/624/829 867/661/865 866/660/864 830/623/828
f 832/625/830 868/662/866 867/661/865 831/624/829
f 833/626/831 869/663/867 868/662/866 832/625/830
f 834/627/832 870/664/868 869/663/867 833/626/831
f 835/628/833 871/665/869 870/664/868 834/627/832
f 836/629/834 872/666/870 871/665/869 835/628/833
f 837/630/835 873/667/871 872/666/870 836/629/834
f 838/631/836 874/668/872 873/667/871 837/630/835
f 839/632/837 875/669/873 874/668/872 838/631/836
f 840/633/838 876/670/874 875/669/873 839/632/837
f 841/634/839 877/671/875 876/670/874 840/633/838
f 842/635/840 878/672/876 877/671/875 841/634/839
f 843/636/841 879/673/877 878/672/876 842/635/840
f 844/637/842 880/674/878 879/673/877 843/636/841
f 845/638/843 881/675/879 880/674/878 844/637/842
f 846/639/844 882/676/880 881/675/879 845/638/843
f 847/640/845 883/677/881 882/676/880 846/639/844
f 848/641/846 884/678/882 883/677/881 847/640/845
f 849/642/847 885/679/883 884/678/882 848/641/846
f 850/643/848 886/680/884 885/679/883 849/642/847
f 851/644/849 887/681/885 886/680/884 850/643/848
f 852/645/850 888/682/886 887/681/885 851/644/849
f 817/646/816 853/683/852 888/682/886 852/645/850
f 854/647/851 890/684/887 889/685/888 853/648/852
f 855/649/853 891/686/889 890/684/887 854/647/851
f 856/650/854 892/687/890 891/686/889 855/649/853
f 857/651/855 893/688/891 892/687/890 856/650/854
f 858/652/856 894/689/892 893/688/891 857/651/855
f 859/653/857 895/690/893 894/689/892 858/652/856
f 860/654/858 896/691/894 895/690/893 859/653/857
f 861/655/859 897/692/895 896/691/894 860/654/858
f 862/656/860 898/693/896 897/692/895 861/655/859
f 863/657/861 899/694/897 898/693/896 862/656/860
f 864/658/862 900/695/898 899/694/897 863/657/861
f 865/659/863 901/696/899 900/695/898 864/658/862
f 866/660/864 902/697/900 901/696/899 865/659/863
f 867/661/865 903/698/901 902/697/900 866/660/864
f 868/662/866 904/699/902 903/698/901 867/661/865
f 869/663/867 905/700/903 904/699/902 868/662/866
f 870/664/868 906/701/904 905/700/903 869/663/867
f 871/665/869 907/702/905 906/701/904 870/664/868
f 872/666/870 908/703/906 907/702/905 871/665/869
f 873/667/871 909/704/907 908/703/906 872/666/870
f 874/668/872 910/705/908 909/704/907 873/667/871
f 875/669/873 911/706/909 910/705/908 874/668/872
f 876/670/874 912/707/910 911/706/909 875/669/873
f 877/671/875 913/708/911 912/707/910 876/670/874
f 878/672/876 914/709/912 913/708/911 877/671/875
f 879/673/877 915/710/913 914/709/912 878/672/876
f 880/674/878 916/711/914 915/710/913 879/673/877
f 881/675/879 917/712/915 916/711/914 880/674/878
f 882/676/880 918/713/916 917/712/915 881/675/879
f 883/677/881 919/714/917 918/713/916 882/676/880
f 884/678/882 920/715/918 919/714/917 883/677/881
f 885/679/883 921/716/919 920/715/918 884/678/882
f 886/680/884 922/717/920 921/716/919 885/679/883
f 887/681/885 923/718/921 922/717/920 886/680/884
f 888/682/886 924/719/922 923/718/921 887/681/885
f 853/683/852 889/720/888 924/719/922 888/682/886
f 890/684/887 926/721/923 925/722/924 889/685/888
f 891/686/889 927/723/925 926/721/923 890/684/887
f 892/687/890 928/724/926 927/723/925 891/686/889
f 893/688/891 929/725/927 928/724/926 892/687/890
f 894/689/892 930/726/928 929/725/927 893/688/891
f 895/690/893 931/727/929 930/726/928 894/689/892
f 896/691/894 932/728/930 931/727/929 895/690/893
f 897/692/895 933/729/931 932/728/930 896/691/894
f 898/693/896 934/730/932 933/729/931 897/692/895
f 899/694/897 935/731/933 934/730/932 898/693/896
f 900/695/898 936/732/934 935/731/933 899/694/897
f 901/696/899 937/733/935 936/732/934 900/695/898
f 902/697/900 938/734/936 937/733/935 901/696/899
f 903/698/901 939/735/937 938/734/936 902/697/900
f 904/699/902 940/736/938 939/735/937 903/698/901
f 905/700/903 941/737/939 940/736/938 904/699/902
f 906/701/904 942/738/940 941/737/939 905/700/903
f 907/702/905 943/739/941 942/738/940 906/701/904
f 908/703/906 944/740/942 943/739/941 907/702/905
f 909/704/907 945/741/943 944/740/942 908/703/906
f 910/705/908 946/742/944 945/741/943 909/704/907
f 911/706/909 947/743/945 946/742/944 910/705/908
f 912/707/910 948/744/946 947/743/945 911/706/909
f 913/708/911 949/745/947 948/744/946 912/707/910
f 914/709/912 950/746/948 949/745/947 913/708/911
f 915/710/913 951/747/949 950/746/948 914/709/912
f 916/711/914 952/748/950 951/747/949 915/710/913
f 917/712/915 953/749/951 952/748/950 916/711/914
f 918/713/916 954/750/952 953/749/951 917/712/915
f 919/714/917 955/751/953 954/750/952 918/713/916
f 920/715/918 956/752/954 955/751/953 919/714/917
f 921/716/919 957/753/955 956/752/954 920/715/918
f 922/717/920 958/754/956 957/753/955 921/716/919
f 923/718/921 959/755/957 958/754/956 922/717/920
f 924/719/922 960/756/958 959/755/957 923/718/921
f 889/720/888 925/757/924 960/756/958 924/719/922
f 926/721/923 962/758/959 961/759/960 925/722/924
f 927/723/925 963/760/961 962/758/959 926/721/923
f 928/724/926 964/761/962 963/760/961 927/723/925
f 929/725/927 965/762/963 964/761/962 928/724/926
f 930/726/928 966/763/964 965/762/963 929/725/927
f 931/727/929 967/764/965 966/763/964 930/726/928
f 932/728/930 968/765/966 967/764/965 931/727/929
f 933/729/931 969/766/967 968/765/966 932/728/930
f 934/730/932 970/767/968 969/766/967 933/729/931
f 935/731/933 971/768/969 970/767/968 934/730/932
f 936/732/934 972/769/970 971/768/969 935/731/933
f 937/733/935 973/770/971 972/769/970 936/732/934
f 938/734/936 974/771/972 973/770/971 937/733/935
f 939/735/937 975/772/973 974/771/972 938/734/936
f 940/736/938 976/773/974 975/772/973 939/735/937
f 941/737/939 977/774/975 976/773/974 940/736/938
f 942/738/940 978/775/976 977/774/975 941/737/939
f 943/739/941 979/776/977 978/775/976 942/738/940
f 944/740/942 980/777/978 979/776/977 943/739/941
f 945/741/943 981/778/979 980/777/978 944/740/942
f 946/742/944 982/779/980 981/778/979 945/741/943
f 947/743/945 983/780/981 982/779/980 946/742/944
f 948/744/946 984/781/982 983/780/981 947/743/945
f 949/745/947 985/782/983 984/781/982 948/744/946
f 950/746/948 986/783/984 985/782/983 949/745/947
f 951/747/949 987/784/985 986/783/984 950/746/948
f 952/748/950 988/785/986 987/784/985 951/747/949
f 953/749/951 989/786/987 988/785/986 952/748/950
f 954/750/952 990/787/988 989/786/987 953/749/951
f 955/751/953 991/788/989 990/787/988 954/750/952
f 956/752/954 992/789/990 991/788/989 955/751/953
f 957/753/955 993/790/991 992/789/990 956/752/954
f 958/754/956 994/791/992 993/790/991 957/753/955
f 959/755/957 995/792/993 994/791/992 958/754/956
f 960/756/958 996/793/994 995/792/993 959/755/957
f 925/757/924 961/794/960 996/793/994 960/756/958
f 962/758/959 998/795/995 997/796/996 961/759/960
f 963/760/961 999/797/997 998/795/995 962/758/959
f 964/761/962 1000/798/998 999/797/997 963/760/961
f 965/762/963 1001/799/999 1000/798/998 964/761/962
f 966/763/964 1002/800/1000 1001/799/999 965/762/963
f 967/764/965 1003/801/1001 1002/800/1000 966/763/964
f 968/765/966 1004/802/1002 1003/801/1001 967/764/965
f 969/766/967 1005/803/1003 1004/802/1002 968/765/966
f 970/767/968 1006/804/1004 1005/803/1003 969/766/967
f 971/768/969 1007/805/1005 1006/804/1004 970/767/968
f 972/769/970 1008/806/1006 1007/805/1005 971/768/969
f 973/770/971 1009/807/1007 1008/806/1006 972/769/970
f 974/771/972 1010/808/1008 1009/807/1007 973/770/971
f 975/772/973 1011/809/1009 1010/808/1008 974/771/972
f 976/773/974 1012/810/1010 1011/809/1009 975/772/973
f 977/774/975 1013/811/1011 1012/810/1010 976/773/974
f 978/775/976 1014/812/1012 1013/811/1011 977/774/975
f 979/776/977 1015/813/1013 1014/812/1012 978/775/976
f 980/777/978 1016/814/1014 1015/813/1013 979/776/977
f 981/778/979 1017/815/1015 1016/814/1014 980/777/978
f 982/779/980 1018/816/1016 1017/815/1015 981/778/979
f 983/780/981 1019/817/1017 1018/816/1016 982/779/980
f 984/781/982 1020/818/1018 1019/817/1017 983/780/981
f 985/782/983 1021/819/1019 1020/818/1018 984/781/982
f 986/783/984 1022/820/1020 1021/819/1019 985/782/983
f 987/784/985 1023/821/1021 1022/820/1020 986/783/984
f 988/785/986 1024/822/1022 1023/821/1021 987/784/985
f 989/786/987 1025/823/1023 1024/822/1022 988/785/986
f 990/787/988 1026/824/1024 1025/823/1023 989/786/987
f 991/788/989 1027/825/1025 1026/824/1024 990/787/988
f 992/789/990 1028/826/1026 1027/825/1025 991/788/989
f 993/790/991 1029/827/1027 1028/826/1026 992/789/990
f 994/791/992 1030/828/1028 1029/827/1027 993/790/991
f 995/792/993 1031/829/1029 1030/828/1028 994/791/992
f 996/793/994 1032/830/1030 1031/829/1029 995/792/993
f 961/794/960 997/831/996 1032/830/1030 996/793/994
f 998/795/995 1034/832/1031 1033/833/1032 997/796/996
f 999/797/997 1035/834/1033 1034/832/1031 998/795/995
f 1000/798/998 1036/835/1034 1035/834/1033 999/797/997
f 1001/799/999 1037/836/1035 1036/835/1034 1000/798/998
f 1002/800/1000 1038/837/1036 1037/836/1035 1001/799/999
f 1003/801/1001 1039/838/1037 1038/837/1036 1002/800/1000
f 1004/802/1002 1040/839/1038 1039/838/1037 1003/801/1001
f 1005/803/1003 1041/840/1039 1040/839/1038 1004/802/1002
f 1006/804/1004 1042/841/1040 1041/840/1039 1005/803/1003
f 1007/805/1005 1043/842/1041 1042/841/1040 1006/804/1004
f 1008/806/1006 1044/843/1042 1043/842/1041 1007/805/1005
f 1009/807/1007 1045/844/1043 1044/843/1042 1008/806/1006
f 1010/808/1008 1046/845/1044 1045/844/1043 1009/807/1007
f 1011/809/1009 1047/846/1045 1046/845/1044 1010/808/1008
f 1012/810/1010 1048/847/1046 1047/846/1045 1011/809/1009
f 1013/811/1011 1049/848/1047 1048/847/1046 1012/810/1010
f 1014/812/1012 1050/849/1048 1049/848/1047 1013/811/1011
f 1015/813/1013 1051/850/1049 1050/849/1048 1014/812/1012
f 1016/814/1014 1052/851/1050 1051/850/1049 1015/813/1013
f 1017/815/1015 1053/852/1051 1052/851/1050 1016/814/1014
f 1018/816/1016 1054/853/1052 1053/852/1051 1017/815/1015
f 1019/817/1017 1055/854/1053 1054/853/1052 1018/816/1016
f 1020/818/1018 1056/855/1054 1055/854/1053 1019/817/1017
f 1021/819/1019 1057/856/1055 1056/855/1054 1020/818/1018
f 1022/820/1020 1058/857/1056 1057/856/1055 1021/819/1019
f 1023/821/1021 1059/858/1057 1058/857/1056 1022/820/1020
f 1024/822/1022 1060/859/1058 1059/858/1057 1023/821/1021
f 1025/823/1023 1061/860/1059 1060/859/1058 1024/822/1022
f 1026/824/1024 1062/861/1060 1061/860/1059 1025/823/1023
f 1027/825/1025 1063/862/1061 1062/861/1060 1026/824/1024
f 1028/826/1026 1064/863/1062 1063/862/1061 1027/825/1025
f 1029/827/1027 1065/864/1063 1064/863/1062 1028/826/1026
f 1030/828/1028 1066/865/1064 1065/864/1063 1029/827/1027
f 1031/829/1029 1067/866/1065 1066/865/1064 1030/828/1028
f 1032/830/1030 1068/867/1066 1067/866/1065 1031/829/1029
f 997/831/996 1033/868/1032 1068/867/1066 1032/830/1030
f 566/351/563 565/354/566 563/980/1175
f 567/355/567 566/351/563 563/982/1175
f 568/357/569 567/355/567 563/984/1175
f 569/359/571 568/357/569 563/986/1175
f 570/361/573 569/359/571 563/988/1175
f 571/363/575 570/361/573 563/990/1175
f 572/365/577 571/363/575 563/992/1175
f 573/367/579 572/365/577 563/994/1175
f 574/369/581 573/367/579 563/996/1175
f 575/371/583 574/369/581 563/998/1175
f 576/373/585 575/371/583 563/1000/1175
f 577/375/587 576/373/585 563/1002/1175
f 578/377/589 577/375/587 563/1004/1175
f 579/379/591 578/377/589 563/1006/1175
f 580/381/593 579/379/591 563/1008/1175
f 581/383/595 580/381/593 563/1010/1175
f 582/385/597 581/383/595 563/1012/1175
f 583/387/599 582/385/597 563/1014/1175
f 584/389/601 583/387/599 563/1016/1175
f 585/391/603 584/389/601 563/1018/1175
f 586/393/605 585/391/603 563/1020/1175
f 587/395/607 586/393/605 563/1022/1175
f 588/397/609 587/395/607 563/1024/1175
f 589/399/611 588/397/609 563/1026/1175
f 590/401/613 589/399/611 563/1028/1175
f 591/403/615 590/401/613 563/1030/1175
f 592/405/617 591/403/615 563/1032/1175
f 593/407/619 592/405/617 563/1034/1175
f 594/409/621 593/407/619 563/1036/1175
f 595/411/623 594/409/621 563/1038/1175
f 596/413/625 595/411/623 563/1040/1175
f 597/415/627 596/413/625 563/1042/1175
f 598/417/629 597/415/627 563/1044/1175
f 599/419/631 598/417/629 563/1046/1175
f 600/421/633 599/419/631 563/1048/1175
f 565/423/566 600/421/633 563/1050/1175
f 1215/353/1177 1216/352/1178 1180/351/1179 1179/354/1180
f 1216/352/1178 1217/356/1181 1181/355/1182 1180/351/1179
f 1217/356/1181 1218/358/1183 1182/357/1184 1181/355/1182
f 1218/358/1183 1219/360/1185 1183/359/1186 1182/357/1184
f 1219/360/1185 1220/362/1187 1184/361/1188 1183/359/1186
f 1220/362/1187 1221/364/1189 1185/363/1190 1184/361/1188
f 1221/364/1189 1222/366/1191 1186/365/1192 1185/363/1190
f 1222/366/1191 1223/368/1193 1187/367/1194 1186/365/1192
f 1223/368/1193 1224/370/1195 1188/369/1196 1187/367/1194
f 1224/370/1195 1225/372/1197 1189/371/1198 1188/369/1196
f 1225/372/1197 1226/374/1199 1190/373/1200 1189/371/1198
f 1226/374/1199 1227/376/1201 1191/375/1202 1190/373/1200
f 1227/376/1201 1228/378/1203 1192/377/1204 1191/375/1202
f 1228/378/1203 1229/380/1205 1193/379/1206 1192/377/1204
f 1229/380/1205 1230/382/1207 1194/381/1208 1193/379/1206
f 1230/382/1207 1231/384/1209 1195/383/1210 1194/381/1208
f 1231/384/1209 1232/386/1211 1196/385/1212 1195/383/1210
f 1232/386/1211 1233/388/1213 1197/387/1214 1196/385/1212
f 1233/388/1213 1234/390/1215 1198/389/1216 1197/387/1214
f 1234/390/1215 1235/392/1217 1199/391/1218 1198/389/1216
f 1235/392/1217 1236/394/1219 1200/393/1220 1199/391/1218
f 1236/394/1219 1237/396/1221 1201/395/1222 1200/393/1220
f 1237/396/1221 1238/398/1223 1202/397/1224 1201/395/1222
f 1238/398/1223 1239/400/1225 1203/399/1226 1202/397/1224
f 1239/400/1225 1240/402/1227 1204/401/1228 1203/399/1226
f 1240/402/1227 1241/404/1229 1205/403/1230 1204/401/1228
f 1241/404/1229 1242/406/1231 1206/405/1232 1205/403/1230
f 1242/406/1231 1243/408/1233 1207/407/1234 1206/405/1232
f 1243/408/1233 1244/410/1235 1208/409/1236 1207/407/1234
f 1244/410/1235 1245/412/1237 1209/411/1238 1208/409/1236
f 1245/412/1237 1246/414/1239 1210/413/1240 1209/411/1238
f 1246/414/1239 1247/416/1241 1211/415/1242 1210/413/1240
f 1247/416/1241 1248/418/1243 1212/417/1244 1211/415/1242
f 1248/418/1243 1249/420/1245 1213/419/1246 1212/417/1244
f 1249/420/1245 1250/422/1247 1214/421/1248 1213/419/1246
f 1250/422/1247 1215/424/1177 1179/423/1180 1214/421/1248
f 1251/426/1249 1252/425/1250 1216/352/1178 1215/353/1177
f 1252/425/1250 1253/427/1251 1217/356/1181 1216/352/1178
f 1253/427/1251 1254/428/1252 1218/358/1183 1217/356/1181
f 1254/428/1252 1255/429/1253 1219/360/1185 1218/358/1183
f 1255/429/1253 1256/430/1254 1220/362/1187 1219/360/1185
f 1256/430/1254 1257/431/1255 1221/364/1189 1220/362/1187
f 1257/431/1255 1258/432/1256 1222/366/1191 1221/364/1189
f 1258/432/1256 1259/433/1257 1223/368/1193 1222/366/1191
f 1259/433/1257 1260/434/1258 1224/370/1195 1223/368/1193
f 1260/434/1258 1261/435/1259 1225/372/1197 1224/370/1195
f 1261/435/1259 1262/436/1260 1226/374/1199 1225/372/1197
f 1262/436/1260 1263/437/1261 1227/376/1201 1226/374/1199
f 1263/437/1261 1264/438/1262 1228/378/1203 1227/376/1201
f 1264/438/1262 1265/439/1263 1229/380/1205 1228/378/1203
f 1265/439/1263 1266/440/1264 1230/382/1207 1229/380/1205
f 1266/440/1264 1267/441/1265 1231/384/1209 1230/382/1207
f 1267/441/1265 1268/442/1266 1232/386/1211 1231/384/1209
f 1268/442/1266 1269/443/1267 1233/388/1213 1232/386/1211
f 1269/443/1267 1270/444/1268 1234/390/1215 1233/388/1213
f 1270/444/1268 1271/445/1269 1235/392/1217 1234/390/1215
f 1271/445/1269 1272/446/1270 1236/394/1219 1235/392/1217
f 1272/446/1270 1273/447/1271 1237/396/1221 1236/394/1219
f 1273/447/1271 1274/448/1272 1238/398/1223 1237/396/1221
f 1274/448/1272 1275/449/1273 1239/400/1225 1238/398/1223
f 1275/449/1273 1276/450/1274 1240/402/1227 1239/400/1225
f 1276/450/1274 1277/451/1275 1241/404/1229 1240/402/1227
f 1277/451/1275 1278/452/1276 1242/406/1231 1241/404/1229
f 1278/452/1276 1279/453/1277 1243/408/1233 1242/406/1231
f 1279/453/1277 1280/454/1278 1244/410/1235 1243/408/1233
f 1280/454/1278 1281/455/1279 1245/412/1237 1244/410/1235
f 1281/455/1279 1282/456/1280 1246/414/1239 1245/412/1237
f 1282/456/1280 1283/457/1281 1247/416/1241 1246/414/1239
f 1283/457/1281 1284/458/1282 1248/418/1243 1247/416/1241
f 1284/458/1282 1285/459/1283 1249/420/1245 1248/418/1243
f 1285/459/1283 1286/460/1284 1250/422/1247 1249/420/1245
f 1286/460/1284 1251/461/1249 1215/424/1177 1250/422/1247
f 1287/463/1285 1288/462/1286 1252/425/1250 1251/426/1249
f 1288/462/1286 1289/464/1287 1253/427/1251 1252/425/1250
f 1289/464/1287 1290/465/1288 1254/428/1252 1253/427/1251
f 1290/465/1288 1291/466/1289 1255/429/1253 1254/428/1252
f 1291/466/1289 1292/467/1290 1256/430/1254 1255/429/1253
f 1292/467/1290 1293/468/1291 1257/431/1255 1256/430/1254
f 1293/468/1291 1294/469/1292 1258/432/1256 1257/431/1255
f 1294/469/1292 1295/470/1293 1259/433/1257 1258/432/1256
f 1295/470/1293 1296/471/1294 1260/434/1258 1259/433/1257
f 1296/471/1294 1297/472/1295 1261/435/1259 1260/434/1258
f 1297/472/1295 1298/473/1296 1262/436/1260 1261/435/1259
f 1298/473/1296 1299/474/1297 1263/437/1261 1262/436/1260
f 1299/474/1297 1300/475/1298 1264/438/1262 1263/437/1261
f 1300/475/1298 1301/476/1299 1265/439/1263 1264/438/1262
f 1301/476/1299 1302/477/1300 1266/440/1264 1265/439/1263
f 1302/477/1300 1303/478/1301 1267/441/1265 1266/440/1264
f 1303/478/1301 1304/479/1302 1268/442/1266 1267/441/1265
f 1304/479/1302 1305/480/1303 1269/443/1267 1268/442/1266
f 1305/480/1303 1306/481/1304 1270/444/1268 1269/443/1267
f 1306/481/1304 1307/482/1305 1271/445/1269 1270/444/1268
f 1307/482/1305 1308/483/1306 1272/446/1270 1271/445/1269
f 1308/483/1306 1309/484/1307 1273/447/1271 1272/446/1270
f 1309/484/1307 1310/485/1308 1274/448/1272 1273/447/1271
f 1310/485/1308 1311/486/1309 1275/449/1273 1274/448/1272
f 1311/486/1309 1312/487/1310 1276/450/1274 1275/449/1273
f 1312/487/1310 1313/488/1311 1277/451/1275 1276/450/1274
f 1313/488/1311 1314/489/1312 1278/452/1276 1277/451/1275
f 1314/489/1312 1315/490/1313 1279/453/1277 1278/452/1276
f 1315/490/1313 1316/491/1314 1280/454/1278 1279/453/1277
f 1316/491/1314 1317/492/1315 1281/455/1279 1280/454/1278
f 1317/492/1315 1318/493/1316 1282/456/1280 1281/455/1279
f 1318/493/1316 1319/494/1317 1283/457/1281 1282/456/1280
f 1319/494/1317 1320/495/1318 1284/458/1282 1283/457/1281
f 1320/495/1318 1321/496/1319 1285/459/1283 1284/458/1282
f 1321/496/1319 1322/497/1320 1286/460/1284 1285/459/1283
f 1322/497/1320 1287/498/1285 1251/461/1249 1286/460/1284
f 1323/500/1321 1324/499/1322 1288/462/1286 1287/463/1285
f 1324/499/1322 1325/501/1323 1289/464/1287 1288/462/1286
f 1325/501/1323 1326/502/1324 1290/465/1288 1289/464/1287
f 1326/502/1324 1327/503/1325 1291/466/1289 1290/465/1288
f 1327/503/1325 1328/504/1326 1292/467/1290 1291/466/1289
f 1328/504/1326 1329/505/1327 1293/468/1291 1292/467/1290
f 1329/505/1327 1330/506/1328 1294/469/1292 1293/468/1291
f 1330/506/1328 1331/507/1329 1295/470/1293 1294/469/1292
f 1331/507/1329 1332/508/1330 1296/471/1294 1295/470/1293
f 1332/508/1330 1333/509/1331 1297/472/1295 1296/471/1294
f 1333/509/1331 1334/510/1332 1298/473/1296 1297/472/1295
f 1334/510/1332 1335/511/1333 1299/474/1297 1298/473/1296
f 1335/511/1333 1336/512/1334 1300/475/1298 1299/474/1297
f 1336/512/1334 1337/513/1335 1301/476/1299 1300/475/1298
f 1337/513/1335 1338/514/1336 1302/477/1300 1301/476/1299
f 1338/514/1336 1339/515/1337 1303/478/1301 1302/477/1300
f 1339/515/1337 1340/516/1338 1304/479/1302 1303/478/1301
f 1340/516/1338 1341/517/1339 1305/480/1303 1304/479/1302
f 1341/517/1339 1342/518/1340 1306/481/1304 1305/480/1303
f 1342/518/1340 1343/519/1341 1307/482/1305 1306/481/1304
f 1343/519/1341 1344/520/1342 1308/483/1306 1307/482/1305
f 1344/520/1342 1345/521/1343 1309/484/1307 1308/483/1306
f 1345/521/1343 1346/522/1344 1310/485/1308 1309/484/1307
f 1346/522/1344 1347/523/1345 1311/486/1309 1310/485/1308
f 1347/523/1345 1348/524/1346 1312/487/1310 1311/486/1309
f 1348/524/1346 1349/525/1347 1313/488/1311 1312/487/1310
f 1349/525/1347 1350/526/1348 1314/489/1312 1313/488/1311
f 1350/526/1348 1351/527/1349 1315/490/1313 1314/489/1312
f 1351/527/1349 1352/528/1350 1316/491/1314 1315/490/1313
f 1352/528/1350 1353/529/1351 1317/492/1315 1316/491/1314
f 1353/529/1351 1354/530/1352 1318/493/1316 1317/492/1315
f 1354/530/1352 1355/531/1353 1319/494/1317 1318/493/1316
f 1355/531/1353 1356/532/1354 1320/495/1318 1319/494/1317
f 1356/532/1354 1357/533/1355 1321/496/1319 1320/495/1318
f 1357/533/1355 1358/534/1356 1322/497/1320 1321/496/1319
f 1358/534/1356 1323/535/1321 1287/498/1285 1322/497/1320
f 1359/537/1357 1360/536/1358 1324/499/1322 1323/500/1321
f 1360/536/1358 1361/538/1359 1325/501/1323 1324/499/1322
f 1361/538/1359 1362/539/1360 1326/502/1324 1325/501/1323
f 1362/539/1360 1363/540/1361 1327/503/1325 1326/502/1324
f 1363/540/1361 1364/541/1362 1328/504/1326 1327/503/1325
f 1364/541/1362 1365/542/1363 1329/505/1327 1328/504/1326
f 1365/542/1363 1366/543/1364 1330/506/1328 1329/505/1327
f 1366/543/1364 1367/544/1365 1331/507/1329 1330/506/1328
f 1367/544/1365 1368/545/1366 1332/508/1330 1331/507/1329
f 1368/545/1366 1369/546/1367 1333/509/1331 1332/508/1330
f 1369/546/1367 1370/547/1368 1334/510/1332 1333/509/1331
f 1370/547/1368 1371/548/1369 1335/511/1333 1334/510/1332
f 1371/548/1369 1372/549/1370 1336/512/1334 1335/511/1333
f 1372/549/1370 1373/550/1371 1337/513/1335 1336/512/1334
f 1373/550/1371 1374/551/1372 1338/514/1336 1337/513/1335
f 1374/551/1372 1375/552/1373 1339/515/1337 1338/514/1336
f 1375/552/1373 1376/553/1374 1340/516/1338 1339/515/1337
f 1376/553/1374 1377/554/1375 1341/517/1339 1340/516/1338
f 1377/554/1375 1378/555/1376 1342/518/1340 1341/517/1339
f 1378/555/1376 1379/556/1377 1343/519/1341 1342/518/1340
f 1379/556/1377 1380/557/1378 1344/520/1342 1343/519/1341
f 1380/557/1378 1381/558/1379 1345/521/1343 1344/520/1342
f 1381/558/1379 1382/559/1380 1346/522/1344 1345/521/1343
f 1382/559/1380 1383/560/1381 1347/523/1345 1346/522/1344
f 1383/560/1381 1384/561/1382 1348/524/1346 1347/523/1345
f 1384/561/1382 1385/562/1383 1349/525/1347 1348/524/1346
f 1385/562/1383 1386/563/1384 1350/526/1348 1349/525/1347
f 1386/563/1384 1387/564/1385 1351/527/1349 1350/526/1348
f 1387/564/1385 1388/565/1386 1352/528/1350 1351/527/1349
f 1388/565/1386 1389/566/1387 1353/529/1351 1352/528/1350
f 1389/566/1387 1390/567/1388 1354/530/1352 1353/529/1351
f 1390/567/1388 1391/568/1389 1355/531/1353 1354/530/1352
f 1391/568/1389 1392/569/1390 1356/532/1354 1355/531/1353
f 1392/569/1390 1393/570/1391 1357/533/1355 1356/532/1354
f 1393/570/1391 1394/571/1392 1358/534/1356 1357/533/1355
f 1394/571/1392 1359/572/1357 1323/535/1321 1358/534/1356
f 1395/574/1393 1396/573/1394 1360/536/1358 1359/537/1357
f 1396/573/1394 1397/575/1395 1361/538/1359 1360/536/1358
f 1397/575/1395 1398/576/1396 1362/539/1360 1361/538/1359
f 1398/576/1396 1399/577/1397 1363/540/1361 1362/539/1360
f 1399/577/1397 1400/578/1398 1364/541/1362 1363/540/1361
f 1400/578/1398 1401/579/1399 1365/542/1363 1364/541/1362
f 1401/579/1399 1402/580/1400 1366/543/1364 1365/542/1363
f 1402/580/1400 1403/581/1401 1367/544/1365 1366/543/1364
f 1403/581/1401 1404/582/1402 1368/545/1366 1367/544/1365
f 1404/582/1402 1405/583/1403 1369/546/1367 1368/545/1366
f 1405/583/1403 1406/584/1404 1370/547/1368 1369/546/1367
f 1406/584/1404 1407/585/1405 1371/548/1369 1370/547/1368
f 1407/585/1405 1408/586/1406 1372/549/1370 1371/548/1369
f 1408/586/1406 1409/587/1407 1373/550/1371 1372/549/1370
f 1409/587/1407 1410/588/1408 1374/551/1372 1373/550/1371
f 1410/588/1408 1411/589/1409 1375/552/1373 1374/551/1372
f 1411/589/1409 1412/590/1410 1376/553/1374 1375/552/1373
f 1412/590/1410 1413/591/1411 1377/554/1375 1376/553/1374
f 1413/591/1411 1414/592/1412 1378/555/1376 1377/554/1375
f 1414/592/1412 1415/593/1413 1379/556/1377 1378/555/1376
f 1415/593/1413 1416/594/1414 1380/557/1378 1379/556/1377
f 1416/594/1414 1417/595/1415 1381/558/1379 1380/557/1378
f 1417/595/1415 1418/596/1416 1382/559/1380 1381/558/1379
f 1418/596/1416 1419/597/1417 1383/560/1381 1382/559/1380
f 1419/597/1417 1420/598/1418 1384/561/1382 1383/560/1381
f 1420/598/1418 1421/599/1419 1385/562/1383 1384/561/1382
f 1421/599/1419 1422/600/1420 1386/563/1384 1385/562/1383
f 1422/600/1420 1423/601/1421 1387/564/1385 1386/563/1384
f 1423/601/1421 1424/602/1422 1388/565/1386 1387/564/1385
f 1424/602/1422 1425/603/1423 1389/566/1387 1388/565/1386
f 1425/603/1423 1426/604/1424 1390/567/1388 1389/566/1387
f 1426/604/1424 1427/605/1425 1391/568/1389 1390/567/1388
f 1427/605/1425 1428/606/1426 1392/569/1390 1391/568/1389
f 1428/606/1426 1429/607/1427 1393/570/1391 1392/569/1390
f 1429/607/1427 1430/608/1428 1394/571/1392 1393/570/1391
f 1430/608/1428 1395/609/1393 1359/572/1357 1394/571/1392
f 1431/611/1429 1432/610/1430 1396/573/1394 1395/574/1393
f 1432/610/1430 1433/612/1431 1397/575/1395 1396/573/1394
f 1433/612/1431 1434/613/1432 1398/576/1396 1397/575/1395
f 1434/613/1432 1435/614/1433 1399/577/1397 1398/576/1396
f 1435/614/1433 1436/615/1434 1400/578/1398 1399/577/1397
f 1436/615/1434 1437/616/1435 1401/579/1399 1400/578/1398
f 1437/616/1435 1438/617/1436 1402/580/1400 1401/579/1399
f 1438/617/1436 1439/618/1437 1403/581/1401 1402/580/1400
f 1439/618/1437 1440/619/1438 1404/582/1402 1403/581/1401
f 1440/619/1438 1441/620/1439 1405/583/1403 1404/582/1402
f 1441/620/1439 1442/621/1440 1406/584/1404 1405/583/1403
f 1442/621/1440 1443/622/1441 1407/585/1405 1406/584/1404
f 1443/622/1441 1444/623/1442 1408/586/1406 1407/585/1405
f 1444/623/1442 1445/624/1443 1409/587/1407 1408/586/1406
f 1445/624/1443 1446/625/1444 1410/588/1408 1409/587/1407
f 1446/625/1444 1447/626/1445 1411/589/1409 1410/588/1408
f 1447/626/1445 1448/627/1446 1412/590/1410 1411/589/1409
f 1448/627/1446 1449/628/1447 1413/591/1411 1412/590/1410
f 1449/628/1447 1450/629/1448 1414/592/1412 1413/591/1411
f 1450/629/1448 1451/630/1449 1415/593/1413 1414/592/1412
f 1451/630/1449 1452/631/1450 1416/594/1414 1415/593/1413
f 1452/631/1450 1453/632/1451 1417/595/1415 1416/594/1414
f 1453/632/1451 1454/633/1452 1418/596/1416 1417/595/1415
f 1454/633/1452 1455/634/1453 1419/597/1417 1418/596/1416
f 1455/634/1453 1456/635/1454 1420/598/1418 1419/597/1417
f 1456/635/1454 1457/636/1455 1421/599/1419 1420/598/1418
f 1457/636/1455 1458/637/1456 1422/600/1420 1421/599/1419
f 1458/637/1456 1459/638/1457 1423/601/1421 1422/600/1420
f 1459/638/1457 1460/639/1458 1424/602/1422 1423/601/1421
f 1460/639/1458 1461/640/1459 1425/603/1423 1424/602/1422
f 1461/640/1459 1462/641/1460 1426/604/1424 1425/603/1423
f 1462/641/1460 1463/642/1461 1427/605/1425 1426/604/1424
f 1463/642/1461 1464/643/1462 1428/606/1426 1427/605/1425
f 1464/643/1462 1465/644/1463 1429/607/1427 1428/606/1426
f 1465/644/1463 1466/645/1464 1430/608/1428 1429/607/1427
f 1466/645/1464 1431/646/1429 1395/609/1393 1430/608/1428
f 1467/648/1465 1468/647/1466 1432/610/1430 1431/611/1429
f 1468/647/1466 1469/649/1467 1433/612/1431 1432/610/1430
f 1469/649/1467 1470/650/1468 1434/613/1432 1433/612/1431
f 1470/650/1468 1471/651/1469 1435/614/1433 1434/613/1432
f 1471/651/1469 1472/652/1470 1436/615/1434 1435/614/1433
f 1472/652/1470 1473/653/1471 1437/616/1435 1436/615/1434
f 1473/653/1471 1474/654/1472 1438/617/1436 1437/616/1435
f 1474/654/1472 1475/655/1473 1439/618/1437 1438/617/1436
f 1475/655/1473 1476/656/1474 1440/619/1438 1439/618/1437
f 1476/656/1474 1477/657/1475 1441/620/1439 1440/619/1438
f 1477/657/1475 1478/658/1476 1442/621/1440 1441/620/1439
f 1478/658/1476 1479/659/1477 1443/622/1441 1442/621/1440
f 1479/659/1477 1480/660/1478 1444/623/1442 1443/622/1441
f 1480/660/1478 1481/661/1479 1445/624/1443 1444/623/1442
f 1481/661/1479 1482/662/1480 1446/625/1444 1445/624/1443
f 1482/662/1480 1483/663/1481 1447/626/1445 1446/625/1444
f 1483/663/1481 1484/664/1482 1448/627/1446 1447/626/1445
f 1484/664/1482 1485/665/1483 1449/628/1447 1448/627/1446
f 1485/665/1483 1486/666/1484 1450/629/1448 1449/628/1447
f 1486/666/1484 1487/667/1485 1451/630/1449 1450/629/1448
f 1487/667/1485 1488/668/1486 1452/631/1450 1451/630/1449
f 1488/668/1486 1489/669/1487 1453/632/1451 1452/631/1450
f 1489/669/1487 1490/670/1488 1454/633/1452 1453/632/1451
f 1490/670/1488 1491/671/1489 1455/634/1453 1454/633/1452
f 1491/671/1489 1492/672/1490 1456/635/1454 1455/634/1453
f 1492/672/1490 1493/673/1491 1457/636/1455 1456/635/1454
f 1493/673/1491 1494/674/1492 1458/637/1456 1457/636/1455
f 1494/674/1492 1495/675/1493 1459/638/1457 1458/637/1456
f 1495/675/1493 1496/676/1494 1460/639/1458 1459/638/1457
f 1496/676/1494 1497/677/1495 1461/640/1459 1460/639/1458
f 1497/677/1495 1498/678/1496 1462/641/1460 1461/640/1459
f 1498/678/1496 1499/679/1497 1463/642/1461 1462/641/1460
f 1499/679/1497 1500/680/1498 1464/643/1462 1463/642/1461
f 1500/680/1498 1501/681/1499 1465/644/1463 1464/643/1462
f 1501/681/1499 1502/682/1500 1466/645/1464 1465/644/1463
f 1502/682/1500 1467/683/1465 1431/646/1429 1466/645/1464
f 1503/685/1501 1504/684/1502 1468/647/1466 1467/648/1465
f 1504/684/1502 1505/686/1503 1469/649/1467 1468/647/1466
f 1505/686/1503 1506/687/1504 1470/650/1468 1469/649/1467
f 1506/687/1504 1507/688/1505 1471/651/1469 1470/650/1468
f 1507/688/1505 1508/689/1506 1472/652/1470 1471/651/1469
f 1508/689/1506 1509/690/1507 1473/653/1471 1472/652/1470
f 1509/690/1507 1510/691/1508 1474/654/1472 1473/653/1471
f 1510/691/1508 1511/692/1509 1475/655/1473 1474/654/1472
f 1511/692/1509 1512/693/1510 1476/656/1474 1475/655/1473
f 1512/693/1510 1513/694/1511 1477/657/1475 1476/656/1474
f 1513/694/1511 1514/695/1512 1478/658/1476 1477/657/1475
f 1514/695/1512 1515/696/1513 1479/659/1477 1478/658/1476
f 1515/696/1513 1516/697/1514 1480/660/1478 1479/659/1477
f 1516/697/1514 1517/698/1515 1481/661/1479 1480/660/1478
f 1517/698/1515 1518/699/1516 1482/662/1480 1481/661/1479
f 1518/699/1516 1519/700/1517 1483/663/1481 1482/662/1480
f 1519/700/1517 1520/701/1518 1484/664/1482 1483/663/1481
f 1520/701/1518 1521/702/1519 1485/665/1483 1484/664/1482
f 1521/702/1519 1522/703/1520 1486/666/1484 1485/665/1483
f 1522/703/1520 1523/704/1521 1487/667/1485 1486/666/1484
f 1523/704/1521 1524/705/1522 1488/668/1486 1487/667/1485
f 1524/705/1522 1525/706/1523 1489/669/1487 1488/668/1486
f 1525/706/1523 1526/707/1524 1490/670/1488 1489/669/1487
f 1526/707/1524 1527/708/1525 1491/671/1489 1490/670/1488
f 1527/708/1525 1528/709/1526 1492/672/1490 1491/671/1489
f 1528/709/1526 1529/710/1527 1493/673/1491 1492/672/1490
f 1529/710/1527 1530/711/1528 1494/674/1492 1493/673/1491
f 1530/711/1528 1531/712/1529 1495/675/1493 1494/674/1492
f 1531/712/1529 1532/713/1530 1496/676/1494 1495/675/1493
f 1532/713/1530 1533/714/1531 1497/677/1495 1496/676/1494
f 1533/714/1531 1534/715/1532 1498/678/1496 1497/677/1495
f 1534/715/1532 1535/716/1533 1499/679/1497 1498/678/1496
f 1535/716/1533 1536/717/1534 1500/680/1498 1499/679/1497
f 1536/717/1534 1537/718/1535 1501/681/1499 1500/680/1498
f 1537/718/1535 1538/719/1536 1502/682/1500 1501/681/1499
f 1538/719/1536 1503/720/1501 1467/683/1465 1502/682/1500
f 1539/722/1537 1540/721/1538 1504/684/1502 1503/685/1501
f 1540/721/1538 1541/723/1539 1505/686/1503 1504/684/1502
f 1541/723/1539 1542/724/1540 1506/687/1504 1505/686/1503
f 1542/724/1540 1543/725/1541 1507/688/1505 1506/687/1504
f 1543/725/1541 1544/726/1542 1508/689/1506 1507/688/1505
f 1544/726/1542 1545/727/1543 1509/690/1507 1508/689/1506
f 1545/727/1543 1546/728/1544 1510/691/1508 1509/690/1507
f 1546/728/1544 1547/729/1545 1511/692/1509 1510/691/1508
f 1547/729/1545 1548/730/1546 1512/693/1510 1511/692/1509
f 1548/730/1546 1549/731/1547 1513/694/1511 1512/693/1510
f 1549/731/1547 1550/732/1548 1514/695/1512 1513/694/1511
f 1550/732/1548 1551/733/1549 1515/696/1513 1514/695/1512
f 1551/733/1549 1552/734/1550 1516/697/1514 1515/696/1513
f 1552/734/1550 1553/735/1551 1517/698/1515 1516/697/1514
f 1553/735/1551 1554/736/1552 1518/699/1516 1517/698/1515
f 1554/736/1552 1555/737/1553 1519/700/1517 1518/699/1516
f 1555/737/1553 1556/738/1554 1520/701/1518 1519/700/1517
f 1556/738/1554 1557/739/1555 1521/702/1519 1520/701/1518
f 1557/739/1555 1558/740/1556 1522/703/1520 1521/702/1519
f 1558/740/1556 1559/741/1557 1523/704/1521 1522/703/1520
f 1559/741/1557 1560/742/1558 1524/705/1522 1523/704/1521
f 1560/742/1558 1561/743/1559 1525/706/1523 1524/705/1522
f 1561/743/1559 1562/744/1560 1526/707/1524 1525/706/1523
f 1562/744/1560 1563/745/1561 1527/708/1525 1526/707/1524
f 1563/745/1561 1564/746/1562 1528/709/1526 1527/708/1525
f 1564/746/1562 1565/747/1563 1529/710/1527 1528/709/1526
f 1565/747/1563 1566/748/1564 1530/711/1528 1529/710/1527
f 1566/748/1564 1567/749/1565 1531/712/1529 1530/711/1528
f 1567/749/1565 1568/750/1566 1532/713/1530 1531/712/1529
f 1568/750/1566 1569/751/1567 1533/714/1531 1532/713/1530
f 1569/751/1567 1570/752/1568 1534/715/1532 1533/714/1531
f 1570/752/1568 1571/753/1569 1535/716/1533 1534/715/1532
f 1571/753/1569 1572/754/1570 1536/717/1534 1535/716/1533
f 1572/754/1570 1573/755/1571 1537/718/1535 1536/717/1534
f 1573/755/1571 1574/756/1572 1538/719/1536 1537/718/1535
f 1574/756/1572 1539/757/1537 1503/720/1501 1538/719/1536
f 1575/759/1573 1576/758/1574 1540/721/1538 1539/722/1537
f 1576/758/1574 1577/760/1575 1541/723/1539 1540/721/1538
f 1577/760/1575 1578/761/1576 1542/724/1540 1541/723/1539
f 1578/761/1576 1579/762/1577 1543/725/1541 1542/724/1540
f 1579/762/1577 1580/763/1578 1544/726/1542 1543/725/1541
f 1580/763/1578 1581/764/1579 1545/727/1543 1544/726/1542
f 1581/764/1579 1582/765/1580 1546/728/1544 1545/727/1543
f 1582/765/1580 1583/766/1581 1547/729/1545 1546/728/1544
f 1583/766/1581 1584/767/1582 1548/730/1546 1547/729/1545
f 1584/767/1582 1585/768/1583 1549/731/1547 1548/730/1546
f 1585/768/1583 1586/769/1584 1550/732/1548 1549/731/1547
f 1586/769/1584 1587/770/1585 1551/733/1549 1550/732/1548
f 1587/770/1585 1588/771/1586 1552/734/1550 1551/733/1549
f 1588/771/1586 1589/772/1587 1553/735/1551 1552/734/1550
f 1589/772/1587 1590/773/1588 1554/736/1552 1553/735/1551
f 1590/773/1588 1591/774/1589 1555/737/1553 1554/736/1552
f 1591/774/1589 1592/775/1590 1556/738/1554 1555/737/1553
f 1592/775/1590 1593/776/1591 1557/739/1555 1556/738/1554
f 1593/776/1591 1594/777/1592 1558/740/1556 1557/739/1555
f 1594/777/1592 1595/778/1593 1559/741/1557 1558/740/1556
f 1595/778/1593 1596/779/1594 1560/742/1558 1559/741/1557
f 1596/779/1594 1597/780/1595 1561/743/1559 1560/742/1558
f 1597/780/1595 1598/781/1596 1562/744/1560 1561/743/1559
f 1598/781/1596 1599/782/1597 1563/745/1561 1562/744/1560
f 1599/782/1597 1600/783/1598 1564/746/1562 1563/745/1561
f 1600/783/1598 1601/784/1599 1565/747/1563 1564/746/1562
f 1601/784/1599 1602/785/1600 1566/748/1564 1565/747/1563
f 1602/785/1600 1603/786/1601 1567/749/1565 1566/748/1564
f 1603/786/1601 1604/787/1602 1568/750/1566 1567/749/1565
f 1604/787/1602 1605/788/1603 1569/751/1567 1568/750/1566
f 1605/788/1603 1606/789/1604 1570/752/1568 1569/751/1567
f 1606/789/1604 1607/790/1605 1571/753/1569 1570/752/1568
f 1607/790/1605 1608/791/1606 1572/754/1570 1571/753/1569
f 1608/791/1606 1609/792/1607 1573/755/1571 1572/754/1570
f 1609/792/1607 1610/793/1608 1574/756/1572 1573/755/1571
f 1610/793/1608 1575/794/1573 1539/757/1537 1574/756/1572
f 1611/796/1609 1612/795/1610 1576/758/1574 1575/759/1573
f 1612/795/1610 1613/797/1611 1577/760/1575 1576/758/1574
f 1613/797/1611 1614/798/1612 1578/761/1576 1577/760/1575
f 1614/798/1612 1615/799/1613 1579/762/1577 1578/761/1576
f 1615/799/1613 1616/800/1614 1580/763/1578 1579/762/1577
f 1616/800/1614 1617/801/1615 1581/764/1579 1580/763/1578
f 1617/801/1615 1618/802/1616 1582/765/1580 1581/764/1579
f 1618/802/1616 1619/803/1617 1583/766/1581 1582/765/1580
f 1619/803/1617 1620/804/1618 1584/767/1582 1583/766/1581
f 1620/804/1618 1621/805/1619 1585/768/1583 1584/767/1582
f 1621/805/1619 1622/806/1620 1586/769/1584 1585/768/1583
f 1622/806/1620 1623/807/1621 1587/770/1585 1586/769/1584
f 1623/807/1621 1624/808/1622 1588/771/1586 1587/770/1585
f 1624/808/1622 1625/809/1623 1589/772/1587 1588/771/1586
f 1625/809/1623 1626/810/1624 1590/773/1588 1589/772/1587
f 1626/810/1624 1627/811/1625 1591/774/1589 1590/773/1588
f 1627/811/1625 1628/812/1626 1592/775/1590 1591/774/1589
f 1628/812/1626 1629/813/1627 1593/776/1591 1592/775/1590
f 1629/813/1627 1630/814/1628 1594/777/1592 1593/776/1591
f 1630/814/1628 1631/815/1629 1595/778/1593 1594/777/1592
f 1631/815/1629 1632/816/1630 1596/779/1594 1595/778/1593
f 1632/816/1630 1633/817/1631 1597/780/1595 1596/779/1594
f 1633/817/1631 1634/818/1632 1598/781/1596 1597/780/1595
f 1634/818/1632 1635/819/1633 1599/782/1597 1598/781/1596
f 1635/819/1633 1636/820/1634 1600/783/1598 1599/782/1597
f 1636/820/1634 1637/821/1635 1601/784/1599 1600/783/1598
f 1637/821/1635 1638/822/1636 1602/785/1600 1601/784/1599
f 1638/822/1636 1639/823/1637 1603/786/1601 1602/785/1600
f 1639/823/1637 1640/824/1638 1604/787/1602 1603/786/1601
f 1640/824/1638 1641/825/1639 1605/788/1603 1604/787/1602
f 1641/825/1639 1642/826/1640 1606/789/1604 1605/788/1603
f 1642/826/1640 1643/827/1641 1607/790/1605 1606/789/1604
f 1643/827/1641 1644/828/1642 1608/791/1606 1607/790/1605
f 1644/828/1642 1645/829/1643 1609/792/1607 1608/791/1606
f 1645/829/1643 1646/830/1644 1610/793/1608 1609/792/1607
f 1646/830/1644 1611/831/1609 1575/794/1573 1610/793/1608
f 1647/833/1645 1648/832/1646 1612/795/1610 1611/796/1609
f 1648/832/1646 1649/834/1647 1613/797/1611 1612/795/1610
f 1649/834/1647 1650/835/1648 1614/798/1612 1613/797/1611
f 1650/835/1648 1651/836/1649 1615/799/1613 1614/798/1612
f 1651/836/1649 1652/837/1650 1616/800/1614 1615/799/1613
f 1652/837/1650 1653/838/1651 1617/801/1615 1616/800/1614
f 1653/838/1651 1654/839/1652 1618/802/1616 1617/801/1615
f 1654/839/1652 1655/840/1653 1619/803/1617 1618/802/1616
f 1655/840/1653 1656/841/1654 1620/804/1618 1619/803/1617
f 1656/841/1654 1657/842/1655 1621/805/1619 1620/804/1618
f 1657/842/1655 1658/843/1656 1622/806/1620 1621/805/1619
f 1658/843/1656 1659/844/1657 1623/807/1621 1622/806/1620
f 1659/844/1657 1660/845/1658 1624/808/1622 1623/807/1621
f 1660/845/1658 1661/846/1659 1625/809/1623 1624/808/1622
f 1661/846/1659 1662/847/1660 1626/810/1624 1625/809/1623
f 1662/847/1660 1663/848/1661 1627/811/1625 1626/810/1624
f 1663/848/1661 1664/849/1662 1628/812/1626 1627/811/1625
f 1664/849/1662 1665/850/1663 1629/813/1627 1628/812/1626
f 1665/850/1663 1666/851/1664 1630/814/1628 1629/813/1627
f 1666/851/1664 1667/852/1665 1631/815/1629 1630/814/1628
f 1667/852/1665 1668/853/1666 1632/816/1630 1631/815/1629
f 1668/853/1666 1669/854/1667 1633/817/1631 1632/816/1630
f 1669/854/1667 1670/855/1668 1634/818/1632 1633/817/1631
f 1670/855/1668 1671/856/1669 1635/819/1633 1634/818/1632
f 1671/856/1669 1672/857/1670 1636/820/1634 1635/819/1633
f 1672/857/1670 1673/858/1671 1637/821/1635 1636/820/1634
f 1673/858/1671 1674/859/1672 1638/822/1636 1637/821/1635
f 1674/859/1672 1675/860/1673 1639/823/1637 1638/822/1636
f 1675/860/1673 1676/861/1674 1640/824/1638 1639/823/1637
f 1676/861/1674 1677/862/1675 1641/825/1639 1640/824/1638
f 1677/862/1675 1678/863/1676 1642/826/1640 1641/825/1639
f 1678/863/1676 1679/864/1677 1643/827/1641 1642/826/1640
f 1679/864/1677 1680/865/1678 1644/828/1642 1643/827/1641
f 1680/865/1678 1681/866/1679 1645/829/1643 1644/828/1642
f 1681/866/1679 1682/867/1680 1646/830/1644 1645/829/1643
f 1682/867/1680 1647/868/1645 1611/831/1609 1646/830/1644
f 1179/354/1180 1180/351/1179 1177/980/1789
f 1180/351/1179 1181/355/1182 1177/982/1789
f 1181/355/1182 1182/357/1184 1177/984/1789
f 1182/357/1184 1183/359/1186 1177/986/1789
f 1183/359/1186 1184/361/1188 1177/988/1789
f 1184/361/1188 1185/363/1190 1177/990/1789
f 1185/363/1190 1186/365/1192 1177/992/1789
f 1186/365/1192 1187/367/1194 1177/994/1789
f 1187/367/1194 1188/369/1196 1177/996/1789
f 1188/369/1196 1189/371/1198 1177/998/1789
f 1189/371/1198 1190/373/1200 1177/1000/1789
f 1190/373/1200 1191/375/1202 1177/1002/1789
f 1191/375/1202 1192/377/1204 1177/1004/1789
f 1192/377/1204 1193/379/1206 1177/1006/1789
f 1193/379/1206 1194/381/1208 1177/1008/1789
f 1194/381/1208 1195/383/1210 1177/1010/1789
f 1195/383/1210 1196/385/1212 1177/1012/1789
f 1196/385/1212 1197/387/1214 1177/1014/1789
f 1197/387/1214 1198/389/1216 1177/1016/1789
f 1198/389/1216 1199/391/1218 1177/1018/1789
f 1199/391/1218 1200/393/1220 1177/1020/1789
f 1200/393/1220 1201/395/1222 1177/1022/1789
f 1201/395/1222 1202/397/1224 1177/1024/1789
f 1202/397/1224 1203/399/1226 1177/1026/1789
f 1203/399/1226 1204/401/1228 1177/1028/1789
f 1204/401/1228 1205/403/1230 1177/1030/1789
f 1205/403/1230 1206/405/1232 1177/1032/1789
f 1206/405/1232 1207/407/1234 1177/1034/1789
f 1207/407/1234 1208/409/1236 1177/1036/1789
f 1208/409/1236 1209/411/1238 1177/1038/1789
f 1209/411/1238 1210/413/1240 1177/1040/1789
f 1210/413/1240 1211/415/1242 1177/1042/1789
f 1211/415/1242 1212/417/1244 1177/1044/1789
f 1212/417/1244 1213/419/1246 1177/1046/1789
f 1213/419/1246 1214/421/1248 1177/1048/1789
f 1214/421/1248 1179/423/1180 1177/1050/1789
usemtl Pupille
f 1034/832/1031 1070/869/1067 1069/870/1068 1033/833/1032
f 1035/834/1033 1071/871/1069 1070/869/1067 1034/832/1031
f 1036/835/1034 1072/872/1070 1071/871/1069 1035/834/1033
f 1037/836/1035 1073/873/1071 1072/872/1070 1036/835/1034
f 1038/837/1036 1074/874/1072 1073/873/1071 1037/836/1035
f 1039/838/1037 1075/875/1073 1074/874/1072 1038/837/1036
f 1040/839/1038 1076/876/1074 1075/875/1073 1039/838/1037
f 1041/840/1039 1077/877/1075 1076/876/1074 1040/839/1038
f 1042/841/1040 1078/878/1076 1077/877/1075 1041/840/1039
f 1043/842/1041 1079/879/1077 1078/878/1076 1042/841/1040
f 1044/843/1042 1080/880/1078 1079/879/1077 1043/842/1041
f 1045/844/1043 1081/881/1079 1080/880/1078 1044/843/1042
f 1046/845/1044 1082/882/1080 1081/881/1079 1045/844/1043
f 1047/846/1045 1083/883/1081 1082/882/1080 1046/845/1044
f 1048/847/1046 1084/884/1082 1083/883/1081 1047/846/1045
f 1049/848/1047 1085/885/1083 1084/884/1082 1048/847/1046
f 1050/849/1048 1086/886/1084 1085/885/1083 1049/848/1047
f 1051/850/1049 1087/887/1085 1086/886/1084 1050/849/1048
f 1052/851/1050 1088/888/1086 1087/887/1085 1051/850/1049
f 1053/852/1051 1089/889/1087 1088/888/1086 1052/851/1050
f 1054/853/1052 1090/890/1088 1089/889/1087 1053/852/1051
f 1055/854/1053 1091/891/1089 1090/890/1088 1054/853/1052
f 1056/855/1054 1092/892/1090 1091/891/1089 1055/854/1053
f 1057/856/1055 1093/893/1091 1092/892/1090 1056/855/1054
f 1058/857/1056 1094/894/1092 1093/893/1091 1057/856/1055
f 1059/858/1057 1095/895/1093 1094/894/1092 1058/857/1056
f 1060/859/1058 1096/896/1094 1095/895/1093 1059/858/1057
f 1061/860/1059 1097/897/1095 1096/896/1094 1060/859/1058
f 1062/861/1060 1098/898/1096 1097/897/1095 1061/860/1059
f 1063/862/1061 1099/899/1097 1098/898/1096 1062/861/1060
f 1064/863/1062 1100/900/1098 1099/899/1097 1063/862/1061
f 1065/864/1063 1101/901/1099 1100/900/1098 1064/863/1062
f 1066/865/1064 1102/902/1100 1101/901/1099 1065/864/1063
f 1067/866/1065 1103/903/1101 1102/902/1100 1066/865/1064
f 1068/867/1066 1104/904/1102 1103/903/1101 1067/866/1065
f 1033/868/1032 1069/905/1068 1104/904/1102 1068/867/1066
f 1070/869/1067 1106/906/1103 1105/907/1104 1069/870/1068
f 1071/871/1069 1107/908/1105 1106/906/1103 1070/869/1067
f 1072/872/1070 1108/909/1106 1107/908/1105 1071/871/1069
f 1073/873/1071 1109/910/1107 1108/909/1106 1072/872/1070
f 1074/874/1072 1110/911/1108 1109/910/1107 1073/873/1071
f 1075/875/1073 1111/912/1109 1110/911/1108 1074/874/1072
f 1076/876/1074 1112/913/1110 1111/912/1109 1075/875/1073
f 1077/877/1075 1113/914/1111 1112/913/1110 1076/876/1074
f 1078/878/1076 1114/915/1112 1113/914/1111 1077/877/1075
f 1079/879/1077 1115/916/1113 1114/915/1112 1078/878/1076
f 1080/880/1078 1116/917/1114 1115/916/1113 1079/879/1077
f 1081/881/1079 1117/918/1115 1116/917/1114 1080/880/1078
f 1082/882/1080 1118/919/1116 1117/918/1115 1081/881/1079
f 1083/883/1081 1119/920/1117 1118/919/1116 1082/882/1080
f 1084/884/1082 1120/921/1118 1119/920/1117 1083/883/1081
f 1085/885/1083 1121/922/1119 1120/921/1118 1084/884/1082
f 1086/886/1084 1122/923/1120 1121/922/1119 1085/885/1083
f 1087/887/1085 1123/924/1121 1122/923/1120 1086/886/1084
f 1088/888/1086 1124/925/1122 1123/924/1121 1087/887/1085
f 1089/889/1087 1125/926/1123 1124/925/1122 1088/888/1086
f 1090/890/1088 1126/927/1124 1125/926/1123 1089/889/1087
f 1091/891/1089 1127/928/1125 1126/927/1124 1090/890/1088
f 1092/892/1090 1128/929/1126 1127/928/1125 1091/891/1089
f 1093/893/1091 1129/930/1127 1128/929/1126 1092/892/1090
f 1094/894/1092 1130/931/1128 1129/930/1127 1093/893/1091
f 1095/895/1093 1131/932/1129 1130/931/1128 1094/894/1092
f 1096/896/1094 1132/933/1130 1131/932/1129 1095/895/1093
f 1097/897/1095 1133/934/1131 1132/933/1130 1096/896/1094
f 1098/898/1096 1134/935/1132 1133/934/1131 1097/897/1095
f 1099/899/1097 1135/936/1133 1134/935/1132 1098/898/1096
f 1100/900/1098 1136/937/1134 1135/936/1133 1099/899/1097
f 1101/901/1099 1137/938/1135 1136/937/1134 1100/900/1098
f 1102/902/1100 1138/939/1136 1137/938/1135 1101/901/1099
f 1103/903/1101 1139/940/1137 1138/939/1136 1102/902/1100
f 1104/904/1102 1140/941/1138 1139/940/1137 1103/903/1101
f 1069/905/1068 1105/942/1104 1140/941/1138 1104/904/1102
f 1106/906/1103 1142/943/1139 1141/944/1140 1105/907/1104
f 1107/908/1105 1143/945/1141 1142/943/1139 1106/906/1103
f 1108/909/1106 1144/946/1142 1143/945/1141 1107/908/1105
f 1109/910/1107 1145/947/1143 1144/946/1142 1108/909/1106
f 1110/911/1108 1146/948/1144 1145/947/1143 1109/910/1107
f 1111/912/1109 1147/949/1145 1146/948/1144 1110/911/1108
f 1112/913/1110 1148/950/1146 1147/949/1145 1111/912/1109
f 1113/914/1111 1149/951/1147 1148/950/1146 1112/913/1110
f 1114/915/1112 1150/952/1148 1149/951/1147 1113/914/1111
f 1115/916/1113 1151/953/1149 1150/952/1148 1114/915/1112
f 1116/917/1114 1152/954/1150 1151/953/1149 1115/916/1113
f 1117/918/1115 1153/955/1151 1152/954/1150 1116/917/1114
f 1118/919/1116 1154/956/1152 1153/955/1151 1117/918/1115
f 1119/920/1117 1155/957/1153 1154/956/1152 1118/919/1116
f 1120/921/1118 1156/958/1154 1155/957/1153 1119/920/1117
f 1121/922/1119 1157/959/1155 1156/958/1154 1120/921/1118
f 1122/923/1120 1158/960/1156 1157/959/1155 1121/922/1119
f 1123/924/1121 1159/961/1157 1158/960/1156 1122/923/1120
f 1124/925/1122 1160/962/1158 1159/961/1157 1123/924/1121
f 1125/926/1123 1161/963/1159 1160/962/1158 1124/925/1122
f 1126/927/1124 1162/964/1160 1161/963/1159 1125/926/1123
f 1127/928/1125 1163/965/1161 1162/964/1160 1126/927/1124
f 1128/929/1126 1164/966/1162 1163/965/1161 1127/928/1125
f 1129/930/1127 1165/967/1163 1164/966/1162 1128/929/1126
f 1130/931/1128 1166/968/1164 1165/967/1163 1129/930/1127
f 1131/932/1129 1167/969/1165 1166/968/1164 1130/931/1128
f 1132/933/1130 1168/970/1166 1167/969/1165 1131/932/1129
f 1133/934/1131 1169/971/1167 1168/970/1166 1132/933/1130
f 1134/935/1132 1170/972/1168 1169/971/1167 1133/934/1131
f 1135/936/1133 1171/973/1169 1170/972/1168 1134/935/1132
f 1136/937/1134 1172/974/1170 1171/973/1169 1135/936/1133
f 1137/938/1135 1173/975/1171 1172/974/1170 1136/937/1134
f 1138/939/1136 1174/976/1172 1173/975/1171 1137/938/1135
f 1139/940/1137 1175/977/1173 1174/976/1172 1138/939/1136
f 1140/941/1138 1176/978/1174 1175/977/1173 1139/940/1137
f 1105/942/1104 1141/979/1140 1176/978/1174 1140/941/1138
f 564/981/1176 1141/944/1140 1142/943/1139
f 564/983/1176 1142/943/1139 1143/945/1141
f 564/985/1176 1143/945/1141 1144/946/1142
f 564/987/1176 1144/946/1142 1145/947/1143
f 564/989/1176 1145/947/1143 1146/948/1144
f 564/991/1176 1146/948/1144 1147/949/1145
f 564/993/1176 1147/949/1145 1148/950/1146
f 564/995/1176 1148/950/1146 1149/951/1147
f 564/997/1176 1149/951/1147 1150/952/1148
f 564/999/1176 1150/952/1148 1151/953/1149
f 564/1001/1176 1151/953/1149 1152/954/1150
f 564/1003/1176 1152/954/1150 1153/955/1151
f 564/1005/1176 1153/955/1151 1154/956/1152
f 564/1007/1176 1154/956/1152 1155/957/1153
f 564/1009/1176 1155/957/1153 1156/958/1154
f 564/1011/1176 1156/958/1154 1157/959/1155
f 564/1013/1176 1157/959/1155 1158/960/1156
f 564/1015/1176 1158/960/1156 1159/961/1157
f 564/1017/1176 1159/961/1157 1160/962/1158
f 564/1019/1176 1160/962/1158 1161/963/1159
f 564/1021/1176 1161/963/1159 1162/964/1160
f 564/1023/1176 1162/964/1160 1163/965/1161
f 564/1025/1176 1163/965/1161 1164/966/1162
f 564/1027/1176 1164/966/1162 1165/967/1163
f 564/1029/1176 1165/967/1163 1166/968/1164
f 564/1031/1176 1166/968/1164 1167/969/1165
f 564/1033/1176 1167/969/1165 1168/970/1166
f 564/1035/1176 1168/970/1166 1169/971/1167
f 564/1037/1176 1169/971/1167 1170/972/1168
f 564/1039/1176 1170/972/1168 1171/973/1169
f 564/1041/1176 1171/973/1169 1172/974/1170
f 564/1043/1176 1172/974/1170 1173/975/1171
f 564/1045/1176 1173/975/1171 1174/976/1172
f 564/1047/1176 1174/976/1172 1175/977/1173
f 564/1049/1176 1175/977/1173 1176/978/1174
f 564/1051/1176 1176/978/1174 1141/979/1140
f 1683/870/1681 1684/869/1682 1648/832/1646 1647/833/1645
f 1684/869/1682 1685/871/1683 1649/834/1647 1648/832/1646
f 1685/871/1683 1686/872/1684 1650/835/1648 1649/834/1647
f 1686/872/1684 1687/873/1685 1651/836/1649 1650/835/1648
f 1687/873/1685 1688/874/1686 1652/837/1650 1651/836/1649
f 1688/874/1686 1689/875/1687 1653/838/1651 1652/837/1650
f 1689/875/1687 1690/876/1688 1654/839/1652 1653/838/1651
f 1690/876/1688 1691/877/1689 1655/840/1653 1654/839/1652
f 1691/877/1689 1692/878/1690 1656/841/1654 1655/840/1653
f 1692/878/1690 1693/879/1691 1657/842/1655 1656/841/1654
f 1693/879/1691 1694/880/1692 1658/843/1656 1657/842/1655
f 1694/880/1692 1695/881/1693 1659/844/1657 1658/843/1656
f 1695/881/1693 1696/882/1694 1660/845/1658 1659/844/1657
f 1696/882/1694 1697/883/1695 1661/846/1659 1660/845/1658
f 1697/883/1695 1698/884/1696 1662/847/1660 1661/846/1659
f 1698/884/1696 1699/885/1697 1663/848/1661 1662/847/1660
f 1699/885/1697 1700/886/1698 1664/849/1662 1663/848/1661
f 1700/886/1698 1701/887/1699 1665/850/1663 1664/849/1662
f 1701/887/1699 1702/888/1700 1666/851/1664 1665/850/1663
f 1702/888/1700 1703/889/1701 1667/852/1665 1666/851/1664
f 1703/889/1701 1704/890/1702 1668/853/1666 1667/852/1665
f 1704/890/1702 1705/891/1703 1669/854/1667 1668/853/1666
f 1705/891/1703 1706/892/1704 1670/855/1668 1669/854/1667
f 1706/892/1704 1707/893/1705 1671/856/1669 1670/855/1668
f 1707/893/1705 1708/894/1706 1672/857/1670 1671/856/1669
f 1708/894/1706 1709/895/1707 1673/858/1671 1672/857/1670
f 1709/895/1707 1710/896/1708 1674/859/1672 1673/858/1671
f 1710/896/1708 1711/897/1709 1675/860/1673 1674/859/1672
f 1711/897/1709 1712/898/1710 1676/861/1674 1675/860/1673
f 1712/898/1710 1713/899/1711 1677/862/1675 1676/861/1674
f 1713/899/1711 1714/900/1712 1678/863/1676 1677/862/1675
f 1714/900/1712 1715/901/1713 1679/864/1677 1678/863/1676
f 1715/901/1713 1716/902/1714 1680/865/1678 1679/864/1677
f 1716/902/1714 1717/903/1715 1681/866/1679 1680/865/1678
f 1717/903/1715 1718/904/1716 1682/867/1680 1681/866/1679
f 1718/904/1716 1683/905/1681 1647/868/1645 1682/867/1680
f 1719/907/1717 1720/906/1718 1684/869/1682 1683/870/1681
f 1720/906/1718 1721/908/1719 1685/871/1683 1684/869/1682
f 1721/908/1719 1722/909/1720 1686/872/1684 1685/871/1683
f 1722/909/1720 1723/910/1721 1687/873/1685 1686/872/1684
f 1723/910/1721 1724/911/1722 1688/874/1686 1687/873/1685
f 1724/911/1722 1725/912/1723 1689/875/1687 1688/874/1686
f 1725/912/1723 1726/913/1724 1690/876/1688 1689/875/1687
f 1726/913/1724 1727/914/1725 1691/877/1689 1690/876/1688
f 1727/914/1725 1728/915/1726 1692/878/1690 1691/877/1689
f 1728/915/1726 1729/916/1727 1693/879/1691 1692/878/1690
f 1729/916/1727 1730/917/1728 1694/880/1692 1693/879/1691
f 1730/917/1728 1731/918/1729 1695/881/1693 1694/880/1692
f 1731/918/1729 1732/919/1730 1696/882/1694 1695/881/1693
f 1732/919/1730 1733/920/1731 1697/883/1695 1696/882/1694
f 1733/920/1731 1734/921/1732 1698/884/1696 1697/883/1695
f 1734/921/1732 1735/922/1733 1699/885/1697 1698/884/1696
f 1735/922/1733 1736/923/1734 1700/886/1698 1699/885/1697
f 1736/923/1734 1737/924/1735 1701/887/1699 1700/886/1698
f 1737/924/1735 1738/925/1736 1702/888/1700 1701/887/1699
f 1738/925/1736 1739/926/1737 1703/889/1701 1702/888/1700
f 1739/926/1737 1740/927/1738 1704/890/1702 1703/889/1701
f 1740/927/1738 1741/928/1739 1705/891/1703 1704/890/1702
f 1741/928/1739 1742/929/1740 1706/892/1704 1705/891/1703
f 1742/929/1740 1743/930/1741 1707/893/1705 1706/892/1704
f 1743/930/1741 1744/931/1742 1708/894/1706 1707/893/1705
f 1744/931/1742 1745/932/1743 1709/895/1707 1708/894/1706
f 1745/932/1743 1746/933/1744 1710/896/1708 1709/895/1707
f 1746/933/1744 1747/934/1745 1711/897/1709 1710/896/1708
f 1747/934/1745 1748/935/1746 1712/898/1710 1711/897/1709
f 1748/935/1746 1749/936/1747 1713/899/1711 1712/898/1710
f 1749/936/1747 1750/937/1748 1714/900/1712 1713/899/1711
f 1750/937/1748 1751/938/1749 1715/901/1713 1714/900/1712
f 1751/938/1749 1752/939/1750 1716/902/1714 1715/901/1713
f 1752/939/1750 1753/940/1751 1717/903/1715 1716/902/1714
f 1753/940/1751 1754/941/1752 1718/904/1716 1717/903/1715
f 1754/941/1752 1719/942/1717 1683/905/1681 1718/904/1716
f 1755/944/1753 1756/943/1754 1720/906/1718 1719/907/1717
f 1756/943/1754 1757/945/1755 1721/908/1719 1720/906/1718
f 1757/945/1755 1758/946/1756 1722/909/1720 1721/908/1719
f 1758/946/1756 1759/947/1757 1723/910/1721 1722/909/1720
f 1759/947/1757 1760/948/1758 1724/911/1722 1723/910/1721
f 1760/948/1758 1761/949/1759 1725/912/1723 1724/911/1722
f 1761/949/1759 1762/950/1760 1726/913/1724 1725/912/1723
f 1762/950/1760 1763/951/1761 1727/914/1725 1726/913/1724
f 1763/951/1761 1764/952/1762 1728/915/1726 1727/914/1725
f 1764/952/1762 1765/953/1763 1729/916/1727 1728/915/1726
f 1765/953/1763 1766/954/1764 1730/917/1728 1729/916/1727
f 1766/954/1764 1767/955/1765 1731/918/1729 1730/917/1728
f 1767/955/1765 1768/956/1766 1732/919/1730 1731/918/1729
f 1768/956/1766 1769/957/1767 1733/920/1731 1732/919/1730
f 1769/957/1767 1770/958/1768 1734/921/1732 1733/920/1731
f 1770/958/1768 1771/959/1769 1735/922/1733 1734/921/1732
f 1771/959/1769 1772/960/1770 1736/923/1734 1735/922/1733
f 1772/960/1770 1773/961/1771 1737/924/1735 1736/923/1734
f 1773/961/1771 1774/962/1772 1738/925/1736 1737/924/1735
f 1774/962/1772 1775/963/1773 1739/926/1737 1738/925/1736
f 1775/963/1773 1776/964/1774 1740/927/1738 1739/926/1737
f 1776/964/1774 1777/965/1775 1741/928/1739 1740/927/1738
f 1777/965/1775 1778/966/1776 1742/929/1740 1741/928/1739
f 1778/966/1776 1779/967/1777 1743/930/1741 1742/929/1740
f 1779/967/1777 1780/968/1778 1744/931/1742 1743/930/1741
f 1780/968/1778 1781/969/1779 1745/932/1743 1744/931/1742
f 1781/969/1779 1782/970/1780 1746/933/1744 1745/932/1743
f 1782/970/1780 1783/971/1781 1747/934/1745 1746/933/1744
f 1783/971/1781 1784/972/1782 1748/935/1746 1747/934/1745
f 1784/972/1782 1785/973/1783 1749/936/1747 1748/935/1746
f 1785/973/1783 1786/974/1784 1750/937/1748 1749/936/1747
f 1786/974/1784 1787/975/1785 1751/938/1749 1750/937/1748
f 1787/975/1785 1788/976/1786 1752/939/1750 1751/938/1749
f 1788/976/1786 1789/977/1787 1753/940/1751 1752/939/1750
f 1789/977/1787 1790/978/1788 1754/941/1752 1753/940/1751
f 1790/978/1788 1755/979/1753 1719/942/1717 1754/941/1752
f 1755/944/1753 1178/981/1790 1756/943/1754
f 1756/943/1754 1178/983/1790 1757/945/1755
f 1757/945/1755 1178/985/1790 1758/946/1756
f 1758/946/1756 1178/987/1790 1759/947/1757
f 1759/947/1757 1178/989/1790 1760/948/1758
f 1760/948/1758 1178/991/1790 1761/949/1759
f 1761/949/1759 1178/993/1790 1762/950/1760
f 1762/950/1760 1178/995/1790 1763/951/1761
f 1763/951/1761 1178/997/1790 1764/952/1762
f 1764/952/1762 1178/999/1790 1765/953/1763
f 1765/953/1763 1178/1001/1790 1766/954/1764
f 1766/954/1764 1178/1003/1790 1767/955/1765
f 1767/955/1765 1178/1005/1790 1768/956/1766
f 1768/956/1766 1178/1007/1790 1769/957/1767
f 1769/957/1767 1178/1009/1790 1770/958/1768
f 1770/958/1768 1178/1011/1790 1771/959/1769
f 1771/959/1769 1178/1013/1790 1772/960/1770
f 1772/960/1770 1178/1015/1790 1773/961/1771
f 1773/961/1771 1178/1017/1790 1774/962/1772
f 1774/962/1772 1178/1019/1790 1775/963/1773
f 1775/963/1773 1178/1021/1790 1776/964/1774
f 1776/964/1774 1178/1023/1790 1777/965/1775
f 1777/965/1775 1178/1025/1790 1778/966/1776
f 1778/966/1776 1178/1027/1790 1779/967/1777
f 1779/967/1777 1178/1029/1790 1780/968/1778
f 1780/968/1778 1178/1031/1790 1781/969/1779
f 1781/969/1779 1178/1033/1790 1782/970/1780
f 1782/970/1780 1178/1035/1790 1783/971/1781
f 1783/971/1781 1178/1037/1790 1784/972/1782
f 1784/972/1782 1178/1039/1790 1785/973/1783
f 1785/973/1783 1178/1041/1790 1786/974/1784
f 1786/974/1784 1178/1043/1790 1787/975/1785
f 1787/975/1785 1178/1045/1790 1788/976/1786
f 1788/976/1786 1178/1047/1790 1789/977/1787
f 1789/977/1787 1178/1049/1790 1790/978/1788
f 1790/978/1788 1178/1051/1790 1755/979/1753
o AugenLieder
v 0.029797 0.122486 0.130558
v 0.077736 0.145711 0.150751
v 0.033295 0.124130 0.121584
v 0.032511 0.125634 0.121715
v 0.031656 0.127048 0.122119
v 0.030755 0.128329 0.122785
v 0.029836 0.129438 0.123691
v 0.028927 0.130341 0.124811
v 0.028055 0.131011 0.126110
v 0.027248 0.131427 0.127549
v 0.026528 0.131576 0.129084
v 0.025920 0.131455 0.130668
v 0.025440 0.131067 0.132254
v 0.025104 0.130423 0.133793
v 0.024921 0.129544 0.135238
v 0.024897 0.128455 0.136546
v 0.025034 0.127191 0.137676
v 0.025326 0.125789 0.138595
v 0.025765 0.124291 0.139275
v 0.026338 0.122745 0.139694
v 0.027027 0.121196 0.139840
v 0.027811 0.119691 0.139709
v 0.028667 0.118277 0.139304
v 0.029568 0.116996 0.138639
v 0.030486 0.115887 0.137732
v 0.031396 0.114984 0.136613
v 0.032267 0.114315 0.135313
v 0.033075 0.113899 0.133875
v 0.033794 0.113749 0.132340
v 0.034403 0.113870 0.130755
v 0.034882 0.114259 0.129169
v 0.035219 0.114902 0.127631
v 0.035401 0.115782 0.126185
v 0.035425 0.116870 0.124878
v 0.035288 0.118135 0.123747
v 0.034996 0.119537 0.122828
v 0.034557 0.121034 0.122149
v 0.033984 0.122580 0.121730
v 0.037416 0.126076 0.113188
v 0.035871 0.129039 0.113447
v 0.034186 0.131825 0.114243
v 0.032412 0.134348 0.115554
v 0.030602 0.136531 0.117340
v 0.028811 0.138310 0.119545
v 0.027094 0.139629 0.122104
v 0.025504 0.140448 0.124938
v 0.024087 0.140743 0.127961
v 0.022889 0.140504 0.131082
v 0.021944 0.139740 0.134205
v 0.021281 0.138472 0.137236
v 0.020921 0.136740 0.140083
v 0.020875 0.134596 0.142658
v 0.021144 0.132105 0.144885
v 0.021719 0.129343 0.146695
v 0.022584 0.126395 0.148033
v 0.023712 0.123349 0.148858
v 0.025069 0.120297 0.149146
v 0.026614 0.117334 0.148888
v 0.028299 0.114549 0.148091
v 0.030073 0.112026 0.146780
v 0.031883 0.109842 0.144995
v 0.033674 0.108063 0.142789
v 0.035391 0.106744 0.140231
v 0.036981 0.105925 0.137397
v 0.038398 0.105630 0.134374
v 0.039597 0.105869 0.131253
v 0.040542 0.106634 0.128130
v 0.041204 0.107901 0.125098
v 0.041564 0.109634 0.122252
v 0.041610 0.111778 0.119676
v 0.041341 0.114268 0.117450
v 0.040766 0.117030 0.115640
v 0.039901 0.119978 0.114302
v 0.038773 0.123025 0.113476
v 0.042033 0.128266 0.105628
v 0.039775 0.132598 0.106005
v 0.037312 0.136670 0.107170
v 0.034718 0.140358 0.109086
v 0.032072 0.143551 0.111696
v 0.029454 0.146151 0.114921
v 0.026944 0.148079 0.118661
v 0.024619 0.149277 0.122804
v 0.022548 0.149708 0.127224
v 0.020796 0.149359 0.131786
v 0.019414 0.148241 0.136352
v 0.018445 0.146388 0.140783
v 0.017919 0.143855 0.144945
v 0.017852 0.140721 0.148710
v 0.018245 0.137080 0.151965
v 0.019086 0.133043 0.154611
v 0.020351 0.128732 0.156567
v 0.022000 0.124279 0.157774
v 0.023984 0.119818 0.158195
v 0.026241 0.115486 0.157817
v 0.028705 0.111414 0.156652
v 0.031299 0.107726 0.154736
v 0.033945 0.104533 0.152126
v 0.036563 0.101933 0.148902
v 0.039072 0.100005 0.145161
v 0.041398 0.098807 0.141018
v 0.043468 0.098376 0.136598
v 0.045221 0.098725 0.132036
v 0.046603 0.099843 0.127470
v 0.047571 0.101697 0.123039
v 0.048097 0.104229 0.118878
v 0.048165 0.107363 0.115112
v 0.047772 0.111004 0.111857
v 0.046930 0.115041 0.109211
v 0.045666 0.119352 0.107255
v 0.044017 0.123805 0.106049
v 0.047007 0.130633 0.099131
v 0.044104 0.136202 0.099617
v 0.040937 0.141437 0.101114
v 0.037602 0.146179 0.103578
v 0.034200 0.150283 0.106933
v 0.030835 0.153626 0.111078
v 0.027609 0.156104 0.115887
v 0.024619 0.157644 0.121213
v 0.021958 0.158198 0.126895
v 0.019704 0.157750 0.132760
v 0.017928 0.156312 0.138630
v 0.016683 0.153930 0.144326
v 0.016007 0.150674 0.149676
v 0.015920 0.146645 0.154517
v 0.016425 0.141964 0.158701
v 0.017507 0.136774 0.162103
v 0.019133 0.131232 0.164617
v 0.021253 0.125507 0.166169
v 0.023803 0.119773 0.166710
v 0.026705 0.114204 0.166224
v 0.029872 0.108969 0.164727
v 0.033207 0.104227 0.162263
v 0.036609 0.100123 0.158908
v 0.039974 0.096781 0.154763
v 0.043201 0.094302 0.149954
v 0.046190 0.092762 0.144628
v 0.048852 0.092208 0.138946
v 0.051105 0.092656 0.133081
v 0.052881 0.094094 0.127211
v 0.054126 0.096476 0.121515
v 0.054803 0.099732 0.116165
v 0.054890 0.103761 0.111324
v 0.054384 0.108442 0.107140
v 0.053303 0.113632 0.103738
v 0.051677 0.119174 0.101224
v 0.049557 0.124899 0.099672
v 0.052186 0.133105 0.093896
v 0.048727 0.139743 0.094475
v 0.044953 0.145981 0.096259
v 0.040978 0.151632 0.099195
v 0.036924 0.156524 0.103194
v 0.032913 0.160507 0.108134
v 0.029068 0.163461 0.113865
v 0.025506 0.165296 0.120212
v 0.022334 0.165956 0.126984
v 0.019648 0.165422 0.133973
v 0.017532 0.163709 0.140969
v 0.016048 0.160870 0.147758
v 0.015242 0.156990 0.154133
v 0.015138 0.152188 0.159902
v 0.015740 0.146610 0.164889
v 0.017029 0.140424 0.168943
v 0.018967 0.133820 0.171940
v 0.021493 0.126997 0.173789
v 0.024532 0.120163 0.174434
v 0.027992 0.113526 0.173855
v 0.031766 0.107287 0.172071
v 0.035740 0.101636 0.169134
v 0.039794 0.096745 0.165136
v 0.043805 0.092762 0.160196
v 0.047650 0.089808 0.154465
v 0.051213 0.087973 0.148118
v 0.054385 0.087312 0.141346
v 0.057070 0.087847 0.134356
v 0.059187 0.089560 0.127361
v 0.060671 0.092399 0.120572
v 0.061477 0.096279 0.114197
v 0.061580 0.101081 0.108428
v 0.060978 0.106659 0.103441
v 0.059689 0.112845 0.099387
v 0.057752 0.119449 0.096390
v 0.055225 0.126272 0.094541
v 0.057413 0.135608 0.090082
v 0.053502 0.143111 0.090736
v 0.049236 0.150165 0.092754
v 0.044742 0.156553 0.096073
v 0.040159 0.162083 0.100594
v 0.035625 0.166586 0.106178
v 0.031278 0.169926 0.112657
v 0.027251 0.172000 0.119833
v 0.023664 0.172747 0.127488
v 0.020629 0.172143 0.135390
v 0.018236 0.170206 0.143298
v 0.016558 0.166996 0.150973
v 0.015647 0.162610 0.158181
v 0.015530 0.157181 0.164703
v 0.016210 0.150875 0.170341
v 0.017668 0.143882 0.174923
v 0.019858 0.136416 0.178311
v 0.022715 0.128703 0.180402
v 0.026150 0.120977 0.181131
v 0.030061 0.113474 0.180477
v 0.034328 0.106420 0.178459
v 0.038821 0.100032 0.175140
v 0.043404 0.094502 0.170619
v 0.047938 0.089999 0.165035
v 0.052285 0.086659 0.158556
v 0.056313 0.084585 0.151380
v 0.059899 0.083838 0.143725
v 0.062935 0.084442 0.135823
v 0.065328 0.086379 0.127915
v 0.067005 0.089589 0.120240
v 0.067916 0.093975 0.113032
v 0.068033 0.099404 0.106510
v 0.067353 0.105710 0.100872
v 0.065895 0.112703 0.096290
v 0.063705 0.120169 0.092902
v 0.060849 0.127883 0.090811
v 0.062529 0.138065 0.087805
v 0.058286 0.146207 0.088514
v 0.053656 0.153860 0.090703
v 0.048781 0.160792 0.094305
v 0.043808 0.166792 0.099210
v 0.038888 0.171678 0.105270
v 0.034172 0.175302 0.112300
v 0.029801 0.177553 0.120086
v 0.025910 0.178363 0.128392
v 0.022616 0.177707 0.136967
v 0.020019 0.175606 0.145548
v 0.018199 0.172123 0.153875
v 0.017211 0.167364 0.161696
v 0.017084 0.161473 0.168773
v 0.017822 0.154630 0.174891
v 0.019403 0.147043 0.179863
v 0.021780 0.138941 0.183539
v 0.024879 0.130572 0.185807
v 0.028607 0.122189 0.186598
v 0.032851 0.114048 0.185889
v 0.037480 0.106395 0.183700
v 0.042356 0.099463 0.180098
v 0.047329 0.093462 0.175193
v 0.052249 0.088576 0.169133
v 0.056965 0.084953 0.162103
v 0.061335 0.082701 0.154317
v 0.065227 0.081891 0.146011
v 0.068521 0.082547 0.137437
v 0.071117 0.084648 0.128855
v 0.072938 0.088131 0.120528
v 0.073926 0.092890 0.112707
v 0.074053 0.098781 0.105630
v 0.073315 0.105624 0.099512
v 0.071733 0.113211 0.094540
v 0.069357 0.121313 0.090864
v 0.066257 0.129682 0.088596
v 0.067379 0.140401 0.087133
v 0.062932 0.148934 0.087877
v 0.058080 0.156954 0.090171
v 0.052971 0.164219 0.093946
v 0.047759 0.170507 0.099086
v 0.042603 0.175628 0.105437
v 0.037660 0.179426 0.112804
v 0.033080 0.181785 0.120964
v 0.029002 0.182634 0.129669
v 0.025550 0.181947 0.138655
v 0.022829 0.179745 0.147648
v 0.020921 0.176094 0.156376
v 0.019885 0.171107 0.164572
v 0.019752 0.164933 0.171989
v 0.020526 0.157762 0.178400
v 0.022183 0.149810 0.183611
v 0.024674 0.141320 0.187464
v 0.027922 0.132549 0.189841
v 0.031829 0.123763 0.190670
v 0.036276 0.115231 0.189926
v 0.041128 0.107210 0.187632
v 0.046237 0.099946 0.183857
v 0.051449 0.093657 0.178717
v 0.056605 0.088537 0.172366
v 0.061548 0.084739 0.164999
v 0.066128 0.082380 0.156839
v 0.070206 0.081531 0.148134
v 0.073658 0.082218 0.139148
v 0.076380 0.084420 0.130155
v 0.078287 0.088070 0.121427
v 0.079323 0.093058 0.113231
v 0.079457 0.099231 0.105814
v 0.078683 0.106403 0.099403
v 0.077025 0.114355 0.094192
v 0.074535 0.122845 0.090339
v 0.071286 0.131616 0.087962
v 0.071816 0.142546 0.088088
v 0.067300 0.151210 0.088843
v 0.062373 0.159354 0.091172
v 0.057185 0.166731 0.095005
v 0.051893 0.173117 0.100225
v 0.046657 0.178316 0.106674
v 0.041638 0.182173 0.114155
v 0.036987 0.184568 0.122441
v 0.032846 0.185430 0.131280
v 0.029341 0.184732 0.140405
v 0.026578 0.182496 0.149537
v 0.024641 0.178790 0.158399
v 0.023589 0.173725 0.166722
v 0.023453 0.167457 0.174253
v 0.024239 0.160174 0.180763
v 0.025922 0.152100 0.186054
v 0.028451 0.143479 0.189966
v 0.031750 0.134572 0.192380
v 0.035717 0.125651 0.193222
v 0.040232 0.116987 0.192466
v 0.045159 0.108843 0.190137
v 0.050348 0.101466 0.186304
v 0.055640 0.095081 0.181084
v 0.060875 0.089881 0.174636
v 0.065895 0.086025 0.167155
v 0.070545 0.083630 0.158869
v 0.074686 0.082767 0.150029
v 0.078192 0.083465 0.140905
v 0.080955 0.085701 0.131773
v 0.082892 0.089408 0.122911
v 0.083944 0.094472 0.114588
v 0.084079 0.100741 0.107057
v 0.083293 0.108023 0.100547
v 0.081610 0.116098 0.095255
v 0.079081 0.124719 0.091343
v 0.075783 0.133625 0.088930
v 0.075704 0.144434 0.090640
v 0.071257 0.152967 0.091383
v 0.066405 0.160987 0.093677
v 0.061295 0.168252 0.097452
v 0.056084 0.174540 0.102593
v 0.050928 0.179661 0.108943
v 0.045985 0.183459 0.116310
v 0.041404 0.185818 0.124471
v 0.037326 0.186667 0.133176
v 0.033874 0.185980 0.142162
v 0.031153 0.183778 0.151155
v 0.029245 0.180127 0.159882
v 0.028209 0.175140 0.168079
v 0.028076 0.168966 0.175495
v 0.028850 0.161795 0.181906
v 0.030508 0.153843 0.187117
v 0.032998 0.145353 0.190970
v 0.036246 0.136582 0.193347
v 0.040153 0.127796 0.194176
v 0.044600 0.119264 0.193433
v 0.049452 0.111243 0.191138
v 0.054562 0.103979 0.187364
v 0.059774 0.097690 0.182223
v 0.064929 0.092570 0.175873
v 0.069873 0.088772 0.168505
v 0.074453 0.086413 0.160345
v 0.078531 0.085564 0.151640
v 0.081983 0.086251 0.142654
v 0.084704 0.088453 0.133661
v 0.086612 0.092103 0.124934
v 0.087648 0.097091 0.116737
v 0.087781 0.103264 0.109321
v 0.087007 0.110436 0.102909
v 0.085350 0.118388 0.097698
v 0.082859 0.126878 0.093846
v 0.079611 0.135649 0.091469
v 0.078925 0.146008 0.094711
v 0.074682 0.154150 0.095421
v 0.070052 0.161803 0.097610
v 0.065177 0.168735 0.101211
v 0.060204 0.174735 0.106117
v 0.055284 0.179621 0.112176
v 0.050568 0.183245 0.119206
v 0.046197 0.185496 0.126992
v 0.042306 0.186306 0.135299
v 0.039012 0.185651 0.143873
v 0.036415 0.183549 0.152454
v 0.034595 0.180066 0.160782
v 0.033607 0.175307 0.168603
v 0.033480 0.169417 0.175679
v 0.034218 0.162574 0.181797
v 0.035799 0.154986 0.186769
v 0.038176 0.146885 0.190445
v 0.041275 0.138515 0.192713
v 0.045003 0.130133 0.193505
v 0.049247 0.121991 0.192795
v 0.053876 0.114338 0.190606
v 0.058752 0.107406 0.187004
v 0.063725 0.101406 0.182099
v 0.068645 0.096520 0.176039
v 0.073361 0.092896 0.169010
v 0.077731 0.090645 0.161223
v 0.081623 0.089835 0.152917
v 0.084917 0.090490 0.144343
v 0.087513 0.092592 0.135762
v 0.089333 0.096075 0.127434
v 0.090322 0.100834 0.119613
v 0.090449 0.106724 0.112536
v 0.089711 0.113567 0.106419
v 0.088129 0.121155 0.101446
v 0.085753 0.129256 0.097770
v 0.082653 0.137626 0.095502
v 0.081382 0.147221 0.100179
v 0.077472 0.154724 0.100833
v 0.073205 0.161777 0.102850
v 0.068712 0.168166 0.106169
v 0.064128 0.173695 0.110690
v 0.059595 0.178199 0.116274
v 0.055248 0.181538 0.122753
v 0.051220 0.183613 0.129929
v 0.047634 0.184359 0.137584
v 0.044598 0.183755 0.145486
v 0.042205 0.181819 0.153395
v 0.040527 0.178609 0.161070
v 0.039616 0.174222 0.168277
v 0.039499 0.168794 0.174799
v 0.040180 0.162487 0.180437
v 0.041637 0.155495 0.185020
v 0.043828 0.148028 0.188408
v 0.046684 0.140315 0.190498
v 0.050120 0.132589 0.191227
v 0.054030 0.125086 0.190573
v 0.058297 0.118033 0.188556
v 0.062790 0.111644 0.185236
v 0.067374 0.106115 0.180716
v 0.071907 0.101612 0.175131
v 0.076254 0.098272 0.168653
v 0.080282 0.096197 0.161477
v 0.083868 0.095451 0.153821
v 0.086904 0.096055 0.145919
v 0.089297 0.097992 0.138011
v 0.090975 0.101202 0.130336
v 0.091886 0.105588 0.123128
v 0.092003 0.111016 0.116606
v 0.091322 0.117323 0.110968
v 0.089865 0.124316 0.106386
v 0.087674 0.131782 0.102998
v 0.084818 0.139495 0.100908
v 0.083000 0.148034 0.106876
v 0.079541 0.154671 0.107454
v 0.075767 0.160910 0.109239
v 0.071792 0.166561 0.112175
v 0.067738 0.171452 0.116174
v 0.063728 0.175436 0.121114
v 0.059883 0.178390 0.126844
v 0.056320 0.180225 0.133192
v 0.053148 0.180885 0.139963
v 0.050463 0.180351 0.146953
v 0.048346 0.178638 0.153948
v 0.046862 0.175798 0.160737
v 0.046056 0.171919 0.167113
v 0.045952 0.167117 0.172882
v 0.046554 0.161538 0.177869
v 0.047844 0.155353 0.181922
v 0.049781 0.148749 0.184919
v 0.052308 0.141926 0.186768
v 0.055347 0.135092 0.187413
v 0.058806 0.128455 0.186835
v 0.062580 0.122216 0.185050
v 0.066555 0.116565 0.182114
v 0.070609 0.111674 0.178115
v 0.074619 0.107691 0.173175
v 0.078464 0.104737 0.167445
v 0.082027 0.102901 0.161097
v 0.085199 0.102241 0.154326
v 0.087884 0.102776 0.147336
v 0.090001 0.104488 0.140341
v 0.091485 0.107328 0.133552
v 0.092291 0.111208 0.127176
v 0.092395 0.116010 0.121407
v 0.091793 0.121588 0.116420
v 0.090503 0.127773 0.112367
v 0.088566 0.134378 0.109370
v 0.086039 0.141200 0.107521
v 0.083730 0.148424 0.114600
v 0.080827 0.153994 0.115085
v 0.077660 0.159229 0.116582
v 0.074325 0.163970 0.119046
v 0.070924 0.168075 0.122401
v 0.067558 0.171417 0.126546
v 0.064332 0.173896 0.131355
v 0.061343 0.175435 0.136681
v 0.058681 0.175990 0.142363
v 0.056428 0.175541 0.148228
v 0.054651 0.174104 0.154098
v 0.053406 0.171721 0.159794
v 0.052730 0.168466 0.165144
v 0.052643 0.164436 0.169985
v 0.053148 0.159756 0.174170
v 0.054230 0.154565 0.177571
v 0.055856 0.149024 0.180086
v 0.057976 0.143299 0.181637
v 0.060526 0.137565 0.182178
v 0.063428 0.131995 0.181693
v 0.066595 0.126760 0.180196
v 0.069930 0.122019 0.177732
v 0.073332 0.117914 0.174376
v 0.076697 0.114572 0.170231
v 0.079924 0.112093 0.165423
v 0.082913 0.110553 0.160097
v 0.085575 0.109999 0.154415
v 0.087828 0.110448 0.148550
v 0.089604 0.111885 0.142680
v 0.090850 0.114268 0.136983
v 0.091526 0.117523 0.131633
v 0.091613 0.121553 0.126793
v 0.091108 0.126233 0.122608
v 0.090026 0.131424 0.119207
v 0.088400 0.136965 0.116692
v 0.086280 0.142690 0.115141
v 0.083549 0.148379 0.123115
v 0.081291 0.152711 0.123492
v 0.078828 0.156783 0.124657
v 0.076234 0.160472 0.126574
v 0.073588 0.163664 0.129184
v 0.070970 0.166264 0.132408
v 0.068460 0.168192 0.136148
v 0.066135 0.169390 0.140291
v 0.064064 0.169821 0.144711
v 0.062312 0.169472 0.149273
v 0.060930 0.168354 0.153839
v 0.059962 0.166501 0.158270
v 0.059436 0.163969 0.162432
v 0.059368 0.160834 0.166197
v 0.059761 0.157193 0.169452
v 0.060602 0.153156 0.172098
v 0.061867 0.148845 0.174054
v 0.063516 0.144392 0.175261
v 0.065500 0.139932 0.175682
v 0.067757 0.135600 0.175304
v 0.070221 0.131528 0.174139
v 0.072815 0.127839 0.172223
v 0.075461 0.124647 0.169613
v 0.078079 0.122047 0.166389
v 0.080589 0.120119 0.162648
v 0.082914 0.118921 0.158505
v 0.084984 0.118490 0.154086
v 0.086737 0.118839 0.149523
v 0.088119 0.119957 0.144957
v 0.089087 0.121810 0.140526
v 0.089613 0.124342 0.136365
v 0.089681 0.127477 0.132599
v 0.089288 0.131118 0.129344
v 0.088446 0.135155 0.126699
v 0.087182 0.139466 0.124743
v 0.085533 0.143919 0.123536
v 0.082463 0.147900 0.132163
v 0.080919 0.150863 0.132421
v 0.079234 0.153649 0.133218
v 0.077459 0.156172 0.134529
v 0.075649 0.158356 0.136314
v 0.073859 0.160134 0.138520
v 0.072142 0.161453 0.141079
v 0.070551 0.162272 0.143913
v 0.069135 0.162567 0.146936
v 0.067936 0.162329 0.150057
v 0.066991 0.161564 0.153180
v 0.066329 0.160296 0.156211
v 0.065969 0.158564 0.159058
v 0.065923 0.156420 0.161633
v 0.066191 0.153929 0.163860
v 0.066767 0.151168 0.165670
v 0.067632 0.148219 0.167008
v 0.068760 0.145173 0.167833
v 0.070117 0.142122 0.168121
v 0.071661 0.139159 0.167863
v 0.073346 0.136373 0.167066
v 0.075121 0.133850 0.165755
v 0.076931 0.131666 0.163970
v 0.078722 0.129888 0.161764
v 0.080438 0.128569 0.159206
v 0.082029 0.127749 0.156372
v 0.083445 0.127455 0.153348
v 0.084644 0.127693 0.150228
v 0.085589 0.128458 0.147104
v 0.086252 0.129726 0.144073
v 0.086612 0.131458 0.141227
v 0.086658 0.133602 0.138651
v 0.086389 0.136093 0.136424
v 0.085813 0.138854 0.134615
v 0.084948 0.141803 0.133277
v 0.083820 0.144849 0.132451
v 0.080506 0.147002 0.141469
v 0.079722 0.148506 0.141601
v 0.078866 0.149920 0.142005
v 0.077965 0.151201 0.142671
v 0.077046 0.152310 0.143577
v 0.076137 0.153213 0.144697
v 0.075266 0.153883 0.145996
v 0.074458 0.154299 0.147435
v 0.073739 0.154448 0.148970
v 0.073130 0.154327 0.150554
v 0.072650 0.153939 0.152140
v 0.072314 0.153295 0.153679
v 0.072131 0.152416 0.155124
v 0.072108 0.151327 0.156432
v 0.072244 0.150063 0.157562
v 0.072536 0.148661 0.158481
v 0.072976 0.147164 0.159160
v 0.073548 0.145617 0.159580
v 0.074237 0.144068 0.159726
v 0.075021 0.142564 0.159595
v 0.075877 0.141149 0.159190
v 0.076778 0.139868 0.158525
v 0.077697 0.138760 0.157618
v 0.078606 0.137857 0.156498
v 0.079478 0.137187 0.155199
v 0.080285 0.136771 0.153760
v 0.081004 0.136621 0.152225
v 0.081613 0.136742 0.150641
v 0.082093 0.137131 0.149055
v 0.082429 0.137774 0.147516
v 0.082612 0.138654 0.146071
v 0.082635 0.139742 0.144763
v 0.082499 0.141007 0.143633
v 0.082207 0.142409 0.142714
v 0.081767 0.143906 0.142035
v 0.081195 0.145453 0.141616
v -0.029797 0.122486 0.130558
v -0.077736 0.145711 0.150751
v -0.033295 0.124130 0.121584
v -0.032511 0.125634 0.121715
v -0.031656 0.127048 0.122119
v -0.030755 0.128329 0.122785
v -0.029836 0.129438 0.123691
v -0.028927 0.130341 0.124811
v -0.028055 0.131011 0.126110
v -0.027247 0.131427 0.127549
v -0.026528 0.131576 0.129084
v -0.025920 0.131455 0.130668
v -0.025440 0.131067 0.132254
v -0.025103 0.130423 0.133793
v -0.024921 0.129544 0.135238
v -0.024897 0.128455 0.136546
v -0.025034 0.127191 0.137676
v -0.025326 0.125789 0.138595
v -0.025765 0.124291 0.139275
v -0.026338 0.122745 0.139694
v -0.027027 0.121196 0.139840
v -0.027811 0.119691 0.139709
v -0.028667 0.118277 0.139304
v -0.029567 0.116996 0.138639
v -0.030486 0.115887 0.137732
v -0.031396 0.114984 0.136613
v -0.032267 0.114315 0.135313
v -0.033075 0.113899 0.133875
v -0.033794 0.113749 0.132340
v -0.034403 0.113870 0.130755
v -0.034882 0.114259 0.129169
v -0.035219 0.114902 0.127631
v -0.035401 0.115782 0.126185
v -0.035425 0.116870 0.124878
v -0.035288 0.118135 0.123747
v -0.034996 0.119537 0.122828
v -0.034557 0.121034 0.122149
v -0.033984 0.122580 0.121730
v -0.037416 0.126076 0.113188
v -0.035871 0.129039 0.113447
v -0.034186 0.131825 0.114243
v -0.032412 0.134348 0.115554
v -0.030602 0.136531 0.117340
v -0.028811 0.138310 0.119545
v -0.027094 0.139629 0.122104
v -0.025504 0.140448 0.124938
v -0.024087 0.140743 0.127961
v -0.022889 0.140504 0.131082
v -0.021943 0.139740 0.134205
v -0.021281 0.138472 0.137236
v -0.020921 0.136740 0.140083
v -0.020875 0.134596 0.142658
v -0.021144 0.132105 0.144885
v -0.021719 0.129343 0.146695
v -0.022584 0.126395 0.148033
v -0.023712 0.123349 0.148858
v -0.025069 0.120297 0.149146
v -0.026614 0.117334 0.148888
v -0.028299 0.114549 0.148091
v -0.030073 0.112026 0.146780
v -0.031883 0.109842 0.144995
v -0.033674 0.108063 0.142789
v -0.035391 0.106744 0.140231
v -0.036981 0.105925 0.137397
v -0.038398 0.105630 0.134374
v -0.039596 0.105869 0.131253
v -0.040542 0.106634 0.128130
v -0.041204 0.107901 0.125098
v -0.041564 0.109634 0.122252
v -0.041610 0.111778 0.119676
v -0.041341 0.114268 0.117450
v -0.040766 0.117030 0.115640
v -0.039901 0.119979 0.114302
v -0.038773 0.123025 0.113476
v -0.042033 0.128266 0.105628
v -0.039775 0.132598 0.106005
v -0.037312 0.136670 0.107170
v -0.034718 0.140358 0.109086
v -0.032071 0.143551 0.111696
v -0.029454 0.146151 0.114921
v -0.026944 0.148079 0.118661
v -0.024619 0.149277 0.122804
v -0.022548 0.149708 0.127224
v -0.020796 0.149359 0.131786
v -0.019414 0.148241 0.136352
v -0.018445 0.146388 0.140783
v -0.017919 0.143855 0.144945
v -0.017852 0.140721 0.148710
v -0.018245 0.137080 0.151965
v -0.019086 0.133043 0.154611
v -0.020351 0.128732 0.156567
v -0.022000 0.124279 0.157774
v -0.023983 0.119818 0.158195
v -0.026241 0.115486 0.157817
v -0.028705 0.111414 0.156652
v -0.031299 0.107726 0.154736
v -0.033945 0.104533 0.152126
v -0.036563 0.101933 0.148902
v -0.039072 0.100005 0.145161
v -0.041398 0.098807 0.141018
v -0.043468 0.098376 0.136598
v -0.045221 0.098725 0.132036
v -0.046603 0.099843 0.127470
v -0.047571 0.101697 0.123039
v -0.048097 0.104229 0.118878
v -0.048165 0.107363 0.115112
v -0.047772 0.111004 0.111857
v -0.046930 0.115041 0.109211
v -0.045666 0.119352 0.107255
v -0.044017 0.123805 0.106049
v -0.047007 0.130633 0.099131
v -0.044104 0.136202 0.099617
v -0.040937 0.141437 0.101114
v -0.037602 0.146179 0.103578
v -0.034200 0.150283 0.106933
v -0.030835 0.153626 0.111078
v -0.027609 0.156104 0.115887
v -0.024619 0.157644 0.121213
v -0.021958 0.158198 0.126895
v -0.019704 0.157750 0.132760
v -0.017928 0.156312 0.138630
v -0.016683 0.153930 0.144326
v -0.016007 0.150674 0.149676
v -0.015920 0.146645 0.154517
v -0.016425 0.141964 0.158701
v -0.017507 0.136774 0.162103
v -0.019133 0.131232 0.164617
v -0.021253 0.125507 0.166169
v -0.023803 0.119773 0.166710
v -0.026705 0.114204 0.166224
v -0.029872 0.108969 0.164727
v -0.033207 0.104227 0.162263
v -0.036609 0.100123 0.158908
v -0.039974 0.096781 0.154763
v -0.043201 0.094302 0.149954
v -0.046190 0.092762 0.144628
v -0.048852 0.092208 0.138946
v -0.051105 0.092656 0.133081
v -0.052881 0.094094 0.127211
v -0.054126 0.096476 0.121515
v -0.054803 0.099732 0.116165
v -0.054890 0.103761 0.111324
v -0.054384 0.108442 0.107140
v -0.053303 0.113632 0.103738
v -0.051677 0.119174 0.101224
v -0.049557 0.124899 0.099672
v -0.052186 0.133105 0.093896
v -0.048727 0.139743 0.094475
v -0.044953 0.145981 0.096259
v -0.040978 0.151632 0.099195
v -0.036924 0.156524 0.103194
v -0.032913 0.160507 0.108134
v -0.029068 0.163461 0.113865
v -0.025506 0.165296 0.120212
v -0.022333 0.165956 0.126984
v -0.019648 0.165422 0.133973
v -0.017531 0.163709 0.140969
v -0.016048 0.160870 0.147758
v -0.015242 0.156990 0.154133
v -0.015138 0.152188 0.159902
v -0.015740 0.146610 0.164889
v -0.017029 0.140424 0.168943
v -0.018967 0.133820 0.171940
v -0.021493 0.126997 0.173789
v -0.024532 0.120163 0.174434
v -0.027992 0.113526 0.173855
v -0.031766 0.107287 0.172071
v -0.035740 0.101636 0.169134
v -0.039794 0.096745 0.165136
v -0.043805 0.092762 0.160196
v -0.047650 0.089808 0.154465
v -0.051213 0.087973 0.148118
v -0.054385 0.087312 0.141346
v -0.057070 0.087847 0.134356
v -0.059187 0.089560 0.127361
v -0.060671 0.092399 0.120572
v -0.061477 0.096279 0.114197
v -0.061580 0.101081 0.108428
v -0.060978 0.106659 0.103441
v -0.059689 0.112845 0.099387
v -0.057752 0.119449 0.096390
v -0.055225 0.126272 0.094541
v -0.057413 0.135608 0.090082
v -0.053502 0.143111 0.090736
v -0.049236 0.150165 0.092754
v -0.044742 0.156553 0.096073
v -0.040159 0.162083 0.100594
v -0.035625 0.166586 0.106178
v -0.031278 0.169926 0.112657
v -0.027251 0.172000 0.119833
v -0.023664 0.172747 0.127488
v -0.020629 0.172143 0.135390
v -0.018236 0.170206 0.143298
v -0.016558 0.166996 0.150973
v -0.015647 0.162610 0.158181
v -0.015530 0.157181 0.164703
v -0.016210 0.150875 0.170341
v -0.017668 0.143882 0.174923
v -0.019858 0.136416 0.178311
v -0.022715 0.128703 0.180402
v -0.026150 0.120977 0.181131
v -0.030061 0.113474 0.180477
v -0.034328 0.106420 0.178459
v -0.038821 0.100032 0.175140
v -0.043404 0.094502 0.170619
v -0.047938 0.089999 0.165035
v -0.052285 0.086659 0.158556
v -0.056313 0.084585 0.151380
v -0.059899 0.083838 0.143725
v -0.062935 0.084442 0.135823
v -0.065328 0.086379 0.127915
v -0.067005 0.089589 0.120240
v -0.067916 0.093975 0.113032
v -0.068033 0.099404 0.106510
v -0.067353 0.105710 0.100872
v -0.065895 0.112703 0.096290
v -0.063705 0.120169 0.092902
v -0.060849 0.127883 0.090811
v -0.062529 0.138065 0.087805
v -0.058286 0.146207 0.088514
v -0.053656 0.153860 0.090703
v -0.048781 0.160792 0.094305
v -0.043808 0.166792 0.099210
v -0.038888 0.171678 0.105270
v -0.034172 0.175302 0.112300
v -0.029801 0.177553 0.120086
v -0.025910 0.178363 0.128392
v -0.022616 0.177707 0.136967
v -0.020019 0.175606 0.145548
v -0.018199 0.172123 0.153875
v -0.017210 0.167364 0.161696
v -0.017083 0.161473 0.168773
v -0.017822 0.154630 0.174891
v -0.019403 0.147043 0.179863
v -0.021780 0.138941 0.183539
v -0.024879 0.130572 0.185807
v -0.028607 0.122189 0.186598
v -0.032851 0.114048 0.185889
v -0.037480 0.106395 0.183700
v -0.042356 0.099463 0.180098
v -0.047329 0.093462 0.175193
v -0.052248 0.088576 0.169133
v -0.056965 0.084953 0.162103
v -0.061335 0.082701 0.154317
v -0.065227 0.081891 0.146011
v -0.068521 0.082547 0.137437
v -0.071117 0.084648 0.128855
v -0.072937 0.088131 0.120528
v -0.073926 0.092890 0.112707
v -0.074053 0.098781 0.105630
v -0.073315 0.105624 0.099512
v -0.071733 0.113211 0.094540
v -0.069357 0.121313 0.090864
v -0.066257 0.129682 0.088596
v -0.067379 0.140401 0.087133
v -0.062932 0.148934 0.087877
v -0.058080 0.156954 0.090171
v -0.052971 0.164219 0.093946
v -0.047759 0.170507 0.099086
v -0.042603 0.175628 0.105437
v -0.037660 0.179426 0.112804
v -0.033080 0.181785 0.120964
v -0.029002 0.182634 0.129669
v -0.025550 0.181947 0.138655
v -0.022829 0.179745 0.147648
v -0.020921 0.176094 0.156376
v -0.019885 0.171107 0.164572
v -0.019752 0.164933 0.171989
v -0.020526 0.157762 0.178400
v -0.022183 0.149810 0.183611
v -0.024674 0.141320 0.187464
v -0.027922 0.132549 0.189841
v -0.031829 0.123763 0.190670
v -0.036276 0.115231 0.189926
v -0.041128 0.107210 0.187632
v -0.046237 0.099946 0.183857
v -0.051449 0.093657 0.178717
v -0.056605 0.088537 0.172366
v -0.061548 0.084739 0.164999
v -0.066128 0.082380 0.156839
v -0.070206 0.081531 0.148134
v -0.073658 0.082218 0.139148
v -0.076380 0.084420 0.130155
v -0.078287 0.088070 0.121427
v -0.079323 0.093058 0.113231
v -0.079456 0.099231 0.105814
v -0.078683 0.106403 0.099403
v -0.077025 0.114355 0.094192
v -0.074534 0.122845 0.090339
v -0.071286 0.131616 0.087962
v -0.071816 0.142546 0.088088
v -0.067300 0.151210 0.088843
v -0.062373 0.159354 0.091172
v -0.057185 0.166731 0.095005
v -0.051893 0.173117 0.100225
v -0.046657 0.178316 0.106674
v -0.041638 0.182173 0.114155
v -0.036987 0.184568 0.122441
v -0.032846 0.185430 0.131280
v -0.029341 0.184732 0.140405
v -0.026578 0.182496 0.149537
v -0.024641 0.178790 0.158399
v -0.023589 0.173725 0.166722
v -0.023453 0.167457 0.174253
v -0.024239 0.160174 0.180763
v -0.025922 0.152100 0.186054
v -0.028451 0.143479 0.189966
v -0.031750 0.134572 0.192380
v -0.035717 0.125651 0.193222
v -0.040232 0.116987 0.192466
v -0.045159 0.108843 0.190137
v -0.050348 0.101466 0.186304
v -0.055640 0.095081 0.181084
v -0.060875 0.089881 0.174636
v -0.065894 0.086025 0.167155
v -0.070545 0.083630 0.158869
v -0.074686 0.082767 0.150029
v -0.078192 0.083465 0.140905
v -0.080955 0.085701 0.131773
v -0.082892 0.089408 0.122911
v -0.083944 0.094472 0.114588
v -0.084079 0.100741 0.107057
v -0.083293 0.108023 0.100547
v -0.081610 0.116098 0.095255
v -0.079081 0.124719 0.091343
v -0.075783 0.133625 0.088930
v -0.075704 0.144434 0.090640
v -0.071257 0.152967 0.091383
v -0.066405 0.160987 0.093677
v -0.061295 0.168252 0.097452
v -0.056083 0.174540 0.102593
v -0.050928 0.179661 0.108943
v -0.045985 0.183459 0.116310
v -0.041404 0.185818 0.124471
v -0.037326 0.186667 0.133176
v -0.033874 0.185980 0.142162
v -0.031153 0.183778 0.151155
v -0.029245 0.180127 0.159882
v -0.028209 0.175140 0.168079
v -0.028076 0.168966 0.175495
v -0.028850 0.161795 0.181906
v -0.030507 0.153843 0.187117
v -0.032998 0.145353 0.190970
v -0.036246 0.136582 0.193347
v -0.040153 0.127796 0.194176
v -0.044600 0.119264 0.193433
v -0.049452 0.111243 0.191138
v -0.054562 0.103979 0.187364
v -0.059774 0.097690 0.182223
v -0.064929 0.092570 0.175873
v -0.069872 0.088772 0.168505
v -0.074453 0.086413 0.160345
v -0.078531 0.085564 0.151640
v -0.081983 0.086251 0.142654
v -0.084704 0.088453 0.133661
v -0.086612 0.092103 0.124934
v -0.087648 0.097091 0.116737
v -0.087781 0.103264 0.109321
v -0.087007 0.110436 0.102909
v -0.085350 0.118388 0.097698
v -0.082859 0.126878 0.093846
v -0.079611 0.135649 0.091469
v -0.078925 0.146008 0.094711
v -0.074682 0.154150 0.095421
v -0.070052 0.161803 0.097610
v -0.065177 0.168735 0.101211
v -0.060204 0.174735 0.106117
v -0.055284 0.179621 0.112176
v -0.050568 0.183245 0.119206
v -0.046197 0.185496 0.126992
v -0.042306 0.186306 0.135299
v -0.039012 0.185651 0.143873
v -0.036415 0.183549 0.152454
v -0.034595 0.180066 0.160782
v -0.033606 0.175307 0.168603
v -0.033479 0.169417 0.175679
v -0.034218 0.162574 0.181797
v -0.035799 0.154986 0.186769
v -0.038176 0.146885 0.190445
v -0.041275 0.138515 0.192713
v -0.045003 0.130133 0.193505
v -0.049247 0.121991 0.192795
v -0.053876 0.114338 0.190606
v -0.058752 0.107406 0.187004
v -0.063725 0.101406 0.182099
v -0.068644 0.096520 0.176039
v -0.073361 0.092896 0.169010
v -0.077731 0.090645 0.161223
v -0.081623 0.089835 0.152917
v -0.084917 0.090490 0.144343
v -0.087513 0.092592 0.135762
v -0.089333 0.096075 0.127434
v -0.090322 0.100834 0.119613
v -0.090449 0.106724 0.112536
v -0.089711 0.113567 0.106419
v -0.088129 0.121155 0.101446
v -0.085753 0.129256 0.097770
v -0.082653 0.137626 0.095502
v -0.081382 0.147221 0.100179
v -0.077472 0.154724 0.100833
v -0.073205 0.161777 0.102850
v -0.068712 0.168166 0.106169
v -0.064128 0.173695 0.110690
v -0.059595 0.178199 0.116274
v -0.055248 0.181538 0.122753
v -0.051220 0.183613 0.129929
v -0.047634 0.184359 0.137584
v -0.044598 0.183755 0.145486
v -0.042205 0.181819 0.153395
v -0.040527 0.178609 0.161070
v -0.039616 0.174222 0.168277
v -0.039499 0.168794 0.174799
v -0.040180 0.162487 0.180437
v -0.041637 0.155495 0.185020
v -0.043828 0.148028 0.188408
v -0.046684 0.140315 0.190498
v -0.050120 0.132589 0.191227
v -0.054030 0.125086 0.190573
v -0.058297 0.118033 0.188556
v -0.062790 0.111644 0.185236
v -0.067374 0.106115 0.180716
v -0.071907 0.101612 0.175131
v -0.076254 0.098272 0.168653
v -0.080282 0.096197 0.161477
v -0.083868 0.095451 0.153821
v -0.086904 0.096055 0.145919
v -0.089297 0.097992 0.138011
v -0.090975 0.101202 0.130336
v -0.091886 0.105588 0.123128
v -0.092003 0.111016 0.116606
v -0.091322 0.117323 0.110968
v -0.089865 0.124316 0.106386
v -0.087674 0.131782 0.102998
v -0.084818 0.139495 0.100908
v -0.083000 0.148034 0.106876
v -0.079541 0.154671 0.107454
v -0.075767 0.160910 0.109239
v -0.071792 0.166561 0.112175
v -0.067738 0.171452 0.116174
v -0.063728 0.175436 0.121114
v -0.059883 0.178390 0.126844
v -0.056320 0.180225 0.133192
v -0.053148 0.180885 0.139963
v -0.050463 0.180351 0.146953
v -0.048346 0.178638 0.153948
v -0.046862 0.175798 0.160737
v -0.046056 0.171919 0.167113
v -0.045952 0.167117 0.172882
v -0.046554 0.161538 0.177869
v -0.047844 0.155353 0.181922
v -0.049781 0.148749 0.184919
v -0.052308 0.141926 0.186768
v -0.055347 0.135092 0.187413
v -0.058806 0.128455 0.186835
v -0.062580 0.122216 0.185050
v -0.066555 0.116565 0.182114
v -0.070609 0.111674 0.178115
v -0.074619 0.107691 0.173175
v -0.078464 0.104737 0.167445
v -0.082027 0.102901 0.161097
v -0.085199 0.102241 0.154326
v -0.087884 0.102776 0.147336
v -0.090001 0.104488 0.140341
v -0.091485 0.107328 0.133552
v -0.092291 0.111208 0.127176
v -0.092395 0.116010 0.121407
v -0.091793 0.121588 0.116420
v -0.090503 0.127773 0.112367
v -0.088566 0.134378 0.109370
v -0.086039 0.141201 0.107521
v -0.083730 0.148424 0.114600
v -0.080827 0.153994 0.115085
v -0.077660 0.159229 0.116582
v -0.074325 0.163970 0.119046
v -0.070924 0.168075 0.122401
v -0.067558 0.171417 0.126546
v -0.064332 0.173896 0.131355
v -0.061343 0.175436 0.136681
v -0.058681 0.175990 0.142363
v -0.056428 0.175541 0.148228
v -0.054651 0.174104 0.154098
v -0.053406 0.171721 0.159795
v -0.052730 0.168466 0.165144
v -0.052643 0.164436 0.169985
v -0.053148 0.159756 0.174170
v -0.054230 0.154565 0.177571
v -0.055856 0.149024 0.180086
v -0.057976 0.143299 0.181637
v -0.060526 0.137565 0.182178
v -0.063428 0.131995 0.181693
v -0.066595 0.126760 0.180196
v -0.069930 0.122019 0.177732
v -0.073332 0.117914 0.174376
v -0.076697 0.114572 0.170231
v -0.079924 0.112093 0.165423
v -0.082913 0.110553 0.160097
v -0.085575 0.109999 0.154415
v -0.087828 0.110448 0.148550
v -0.089604 0.111885 0.142680
v -0.090849 0.114268 0.136983
v -0.091526 0.117523 0.131633
v -0.091613 0.121553 0.126793
v -0.091108 0.126233 0.122608
v -0.090026 0.131424 0.119207
v -0.088400 0.136965 0.116692
v -0.086280 0.142690 0.115141
v -0.083549 0.148379 0.123115
v -0.081291 0.152711 0.123492
v -0.078828 0.156783 0.124657
v -0.076234 0.160472 0.126574
v -0.073588 0.163664 0.129184
v -0.070970 0.166264 0.132408
v -0.068460 0.168192 0.136148
v -0.066135 0.169390 0.140291
v -0.064064 0.169821 0.144711
v -0.062312 0.169472 0.149273
v -0.060930 0.168354 0.153839
v -0.059962 0.166501 0.158270
v -0.059435 0.163969 0.162432
v -0.059368 0.160834 0.166197
v -0.059761 0.157193 0.169452
v -0.060602 0.153156 0.172098
v -0.061867 0.148845 0.174054
v -0.063516 0.144392 0.175261
v -0.065500 0.139932 0.175682
v -0.067757 0.135600 0.175304
v -0.070221 0.131528 0.174139
v -0.072815 0.127839 0.172223
v -0.075461 0.124647 0.169613
v -0.078079 0.122047 0.166389
v -0.080588 0.120119 0.162648
v -0.082914 0.118921 0.158505
v -0.084984 0.118490 0.154086
v -0.086737 0.118839 0.149523
v -0.088119 0.119957 0.144957
v -0.089087 0.121810 0.140526
v -0.089613 0.124342 0.136365
v -0.089681 0.127477 0.132599
v -0.089288 0.131118 0.129344
v -0.088446 0.135155 0.126699
v -0.087182 0.139466 0.124743
v -0.085533 0.143919 0.123536
v -0.082463 0.147900 0.132163
v -0.080919 0.150863 0.132421
v -0.079234 0.153649 0.133218
v -0.077459 0.156172 0.134529
v -0.075649 0.158356 0.136314
v -0.073859 0.160134 0.138520
v -0.072142 0.161453 0.141079
v -0.070551 0.162272 0.143913
v -0.069135 0.162567 0.146936
v -0.067936 0.162329 0.150057
v -0.066991 0.161564 0.153180
v -0.066329 0.160296 0.156211
v -0.065969 0.158564 0.159058
v -0.065922 0.156420 0.161633
v -0.066191 0.153929 0.163860
v -0.066767 0.151168 0.165670
v -0.067632 0.148219 0.167008
v -0.068760 0.145173 0.167833
v -0.070117 0.142122 0.168121
v -0.071661 0.139159 0.167863
v -0.073346 0.136373 0.167066
v -0.075121 0.133850 0.165755
v -0.076931 0.131666 0.163970
v -0.078721 0.129888 0.161764
v -0.080438 0.128569 0.159206
v -0.082029 0.127749 0.156372
v -0.083445 0.127455 0.153348
v -0.084644 0.127693 0.150228
v -0.085589 0.128458 0.147104
v -0.086252 0.129726 0.144073
v -0.086612 0.131458 0.141227
v -0.086658 0.133602 0.138651
v -0.086389 0.136093 0.136424
v -0.085813 0.138854 0.134615
v -0.084948 0.141803 0.133277
v -0.083820 0.144849 0.132451
v -0.080506 0.147002 0.141469
v -0.079722 0.148506 0.141601
v -0.078866 0.149920 0.142005
v -0.077965 0.151201 0.142671
v -0.077046 0.152310 0.143577
v -0.076137 0.153213 0.144697
v -0.075265 0.153883 0.145996
v -0.074458 0.154299 0.147435
v -0.073739 0.154448 0.148970
v -0.073130 0.154327 0.150554
v -0.072650 0.153939 0.152140
v -0.072314 0.153295 0.153679
v -0.072131 0.152416 0.155124
v -0.072108 0.151327 0.156432
v -0.072244 0.150063 0.157562
v -0.072536 0.148661 0.158481
v -0.072976 0.147164 0.159160
v -0.073548 0.145617 0.159580
v -0.074237 0.144068 0.159726
v -0.075021 0.142564 0.159595
v -0.075877 0.141149 0.159190
v -0.076778 0.139868 0.158525
v -0.077697 0.138760 0.157618
v -0.078606 0.137857 0.156498
v -0.079478 0.137187 0.155199
v -0.080285 0.136771 0.153760
v -0.081004 0.136621 0.152225
v -0.081613 0.136742 0.150641
v -0.082093 0.137131 0.149055
v -0.082429 0.137774 0.147516
v -0.082612 0.138654 0.146071
v -0.082635 0.139742 0.144763
v -0.082499 0.141007 0.143633
v -0.082207 0.142409 0.142714
v -0.081767 0.143906 0.142035
v -0.081195 0.145453 0.141616
vn -0.8166 -0.3788 -0.4355
vn -0.7835 -0.3453 -0.5167
vn -0.7688 -0.3734 -0.5191
vn -0.8094 -0.3926 -0.4367
vn -0.8244 -0.3658 -0.4318
vn -0.7995 -0.3189 -0.5091
vn -0.8327 -0.3541 -0.4257
vn -0.8163 -0.2950 -0.4966
vn -0.8411 -0.3439 -0.4174
vn -0.8335 -0.2742 -0.4797
vn -0.8495 -0.3356 -0.4071
vn -0.8505 -0.2573 -0.4588
vn -0.8574 -0.3295 -0.3952
vn -0.8667 -0.2449 -0.4345
vn -0.8649 -0.3257 -0.3820
vn -0.8819 -0.2370 -0.4076
vn -0.8714 -0.3243 -0.3680
vn -0.8953 -0.2342 -0.3789
vn -0.8770 -0.3254 -0.3534
vn -0.9067 -0.2365 -0.3493
vn -0.8814 -0.3290 -0.3389
vn -0.9156 -0.2437 -0.3197
vn -0.8845 -0.3349 -0.3248
vn -0.9219 -0.2558 -0.2909
vn -0.8862 -0.3430 -0.3115
vn -0.9253 -0.2722 -0.2639
vn -0.8864 -0.3529 -0.2995
vn -0.9258 -0.2926 -0.2395
vn -0.8852 -0.3645 -0.2892
vn -0.9232 -0.3162 -0.2183
vn -0.8825 -0.3774 -0.2807
vn -0.9177 -0.3424 -0.2012
vn -0.8784 -0.3911 -0.2745
vn -0.9095 -0.3704 -0.1885
vn -0.8732 -0.4053 -0.2707
vn -0.8989 -0.3993 -0.1806
vn -0.8669 -0.4195 -0.2693
vn -0.8860 -0.4283 -0.1779
vn -0.8597 -0.4333 -0.2705
vn -0.8713 -0.4564 -0.1804
vn -0.8518 -0.4463 -0.2742
vn -0.8553 -0.4828 -0.1879
vn -0.8436 -0.4580 -0.2803
vn -0.8385 -0.5067 -0.2004
vn -0.8352 -0.4682 -0.2887
vn -0.8213 -0.5275 -0.2173
vn -0.8268 -0.4765 -0.2989
vn -0.8043 -0.5444 -0.2382
vn -0.8188 -0.4826 -0.3108
vn -0.7880 -0.5568 -0.2625
vn -0.8114 -0.4864 -0.3240
vn -0.7729 -0.5647 -0.2894
vn -0.8048 -0.4878 -0.3381
vn -0.7595 -0.5675 -0.3181
vn -0.7992 -0.4867 -0.3526
vn -0.7481 -0.5652 -0.3477
vn -0.7948 -0.4831 -0.3672
vn -0.7391 -0.5580 -0.3773
vn -0.7918 -0.4772 -0.3813
vn -0.7328 -0.5459 -0.4061
vn -0.7901 -0.4692 -0.3945
vn -0.7295 -0.5295 -0.4331
vn -0.7899 -0.4592 -0.4065
vn -0.7290 -0.5091 -0.4575
vn -0.7911 -0.4476 -0.4169
vn -0.7316 -0.4855 -0.4787
vn -0.7938 -0.4347 -0.4253
vn -0.7371 -0.4593 -0.4958
vn -0.7978 -0.4210 -0.4316
vn -0.7452 -0.4313 -0.5085
vn -0.8031 -0.4068 -0.4354
vn -0.7559 -0.4024 -0.5164
vn -0.7392 -0.3051 -0.6004
vn -0.7165 -0.3486 -0.6043
vn -0.7639 -0.2641 -0.5888
vn -0.7900 -0.2271 -0.5695
vn -0.8166 -0.1949 -0.5432
vn -0.8429 -0.1688 -0.5108
vn -0.8682 -0.1495 -0.4732
vn -0.8916 -0.1374 -0.4316
vn -0.9124 -0.1330 -0.3871
vn -0.9300 -0.1365 -0.3413
vn -0.9439 -0.1478 -0.2954
vn -0.9536 -0.1664 -0.2508
vn -0.9589 -0.1919 -0.2090
vn -0.9596 -0.2234 -0.1711
vn -0.9556 -0.2600 -0.1384
vn -0.9472 -0.3006 -0.1118
vn -0.9345 -0.3439 -0.0921
vn -0.9179 -0.3887 -0.0800
vn -0.8979 -0.4335 -0.0758
vn -0.8752 -0.4771 -0.0796
vn -0.8505 -0.5180 -0.0913
vn -0.8244 -0.5551 -0.1106
vn -0.7978 -0.5872 -0.1368
vn -0.7715 -0.6134 -0.1692
vn -0.7463 -0.6327 -0.2068
vn -0.7229 -0.6447 -0.2485
vn -0.7020 -0.6491 -0.2929
vn -0.6844 -0.6456 -0.3388
vn -0.6706 -0.6343 -0.3847
vn -0.6608 -0.6157 -0.4292
vn -0.6555 -0.5902 -0.4710
vn -0.6548 -0.5588 -0.5089
vn -0.6588 -0.5222 -0.5416
vn -0.6673 -0.4816 -0.5682
vn -0.6800 -0.4382 -0.5879
vn -0.6965 -0.3935 -0.6000
vn -0.6786 -0.2548 -0.6889
vn -0.6469 -0.3155 -0.6942
vn -0.7131 -0.1977 -0.6726
vn -0.7495 -0.1460 -0.6457
vn -0.7866 -0.1013 -0.6091
vn -0.8233 -0.0648 -0.5639
vn -0.8584 -0.0378 -0.5115
vn -0.8910 -0.0210 -0.4534
vn -0.9201 -0.0150 -0.3915
vn -0.9446 -0.0198 -0.3275
vn -0.9640 -0.0355 -0.2635
vn -0.9776 -0.0615 -0.2014
vn -0.9849 -0.0970 -0.1431
vn -0.9859 -0.1409 -0.0903
vn -0.9804 -0.1920 -0.0447
vn -0.9686 -0.2485 -0.0076
vn -0.9509 -0.3090 0.0198
vn -0.9277 -0.3714 0.0367
vn -0.8999 -0.4339 0.0426
vn -0.8683 -0.4946 0.0373
vn -0.8338 -0.5517 0.0210
vn -0.7974 -0.6034 -0.0058
vn -0.7603 -0.6482 -0.0424
vn -0.7236 -0.6846 -0.0876
vn -0.6884 -0.7116 -0.1401
vn -0.6558 -0.7284 -0.1981
vn -0.6268 -0.7345 -0.2601
vn -0.6023 -0.7296 -0.3240
vn -0.5829 -0.7139 -0.3880
vn -0.5693 -0.6879 -0.4501
vn -0.5619 -0.6524 -0.5085
vn -0.5610 -0.6085 -0.5613
vn -0.5665 -0.5575 -0.6069
vn -0.5783 -0.5009 -0.6440
vn -0.5960 -0.4405 -0.6714
vn -0.6191 -0.3780 -0.6883
vn -0.5931 -0.1896 -0.7825
vn -0.5513 -0.2698 -0.7895
vn -0.6387 -0.1142 -0.7609
vn -0.6868 -0.0458 -0.7254
vn -0.7358 0.0133 -0.6771
vn -0.7843 0.0615 -0.6174
vn -0.8308 0.0972 -0.5481
vn -0.8738 0.1194 -0.4713
vn -0.9122 0.1274 -0.3894
vn -0.9447 0.1209 -0.3049
vn -0.9703 0.1002 -0.2204
vn -0.9882 0.0659 -0.1383
vn -0.9979 0.0189 -0.0612
vn -0.9992 -0.0391 0.0086
vn -0.9919 -0.1066 0.0689
vn -0.9763 -0.1813 0.1179
vn -0.9529 -0.2612 0.1541
vn -0.9224 -0.3437 0.1765
vn -0.8856 -0.4263 0.1843
vn -0.8438 -0.5066 0.1773
vn -0.7982 -0.5820 0.1557
vn -0.7501 -0.6503 0.1202
vn -0.7011 -0.7094 0.0718
vn -0.6526 -0.7576 0.0121
vn -0.6061 -0.7933 -0.0572
vn -0.5630 -0.8155 -0.1339
vn -0.5247 -0.8235 -0.2158
vn -0.4922 -0.8170 -0.3003
vn -0.4666 -0.7963 -0.3849
vn -0.4487 -0.7620 -0.4670
vn -0.4389 -0.7151 -0.5440
vn -0.4377 -0.6570 -0.6138
vn -0.4450 -0.5896 -0.6741
vn -0.4606 -0.5148 -0.7231
vn -0.4840 -0.4349 -0.7593
vn -0.5145 -0.3525 -0.7817
vn -0.4691 -0.1025 -0.8772
vn -0.4157 -0.2049 -0.8861
vn -0.5273 -0.0063 -0.8497
vn -0.5886 0.0809 -0.8044
vn -0.6511 0.1564 -0.7427
vn -0.7130 0.2178 -0.6665
vn -0.7723 0.2634 -0.5781
vn -0.8273 0.2917 -0.4802
vn -0.8762 0.3019 -0.3757
vn -0.9176 0.2936 -0.2679
vn -0.9503 0.2672 -0.1600
vn -0.9732 0.2234 -0.0552
vn -0.9856 0.1635 0.0431
vn -0.9872 0.0895 0.1321
vn -0.9779 0.0034 0.2090
vn -0.9580 -0.0920 0.2716
vn -0.9281 -0.1939 0.3178
vn -0.8892 -0.2991 0.3463
vn -0.8423 -0.4045 0.3563
vn -0.7889 -0.5069 0.3473
vn -0.7307 -0.6032 0.3198
vn -0.6694 -0.6903 0.2745
vn -0.6068 -0.7658 0.2128
vn -0.5450 -0.8273 0.1366
vn -0.4856 -0.8728 0.0482
vn -0.4307 -0.9011 -0.0497
vn -0.3817 -0.9113 -0.1542
vn -0.3403 -0.9031 -0.2620
vn -0.3077 -0.8767 -0.3699
vn -0.2848 -0.8328 -0.4746
vn -0.2724 -0.7730 -0.5730
vn -0.2707 -0.6989 -0.6620
vn -0.2800 -0.6129 -0.7389
vn -0.2999 -0.5174 -0.8014
vn -0.3298 -0.4156 -0.8477
vn -0.3688 -0.3103 -0.8762
vn -0.2891 0.0133 -0.9572
vn -0.2235 -0.1126 -0.9682
vn -0.3607 0.1316 -0.9234
vn -0.4360 0.2387 -0.8677
vn -0.5129 0.3315 -0.7919
vn -0.5890 0.4070 -0.6982
vn -0.6619 0.4630 -0.5895
vn -0.7294 0.4978 -0.4692
vn -0.7896 0.5103 -0.3408
vn -0.8405 0.5002 -0.2082
vn -0.8806 0.4677 -0.0756
vn -0.9088 0.4139 0.0532
vn -0.9241 0.3403 0.1741
vn -0.9260 0.2493 0.2835
vn -0.9146 0.1435 0.3780
vn -0.8902 0.0262 0.4549
vn -0.8534 -0.0991 0.5117
vn -0.8055 -0.2284 0.5468
vn -0.7479 -0.3580 0.5590
vn -0.6823 -0.4839 0.5480
vn -0.6107 -0.6022 0.5142
vn -0.5354 -0.7093 0.4585
vn -0.4585 -0.8021 0.3827
vn -0.3824 -0.8776 0.2890
vn -0.3095 -0.9336 0.1804
vn -0.2420 -0.9684 0.0600
vn -0.1818 -0.9810 -0.0684
vn -0.1309 -0.9708 -0.2009
vn -0.0908 -0.9383 -0.3336
vn -0.0626 -0.8845 -0.4623
vn -0.0473 -0.8109 -0.5832
vn -0.0454 -0.7199 -0.6926
vn -0.0568 -0.6141 -0.7872
vn -0.0812 -0.4968 -0.8641
vn -0.1180 -0.3716 -0.9209
vn -0.1659 -0.2422 -0.9559
vn -0.0438 0.1565 -0.9867
vn 0.0321 0.0106 -0.9994
vn -0.1268 0.2935 -0.9475
vn -0.2142 0.4177 -0.8830
vn -0.3033 0.5252 -0.7951
vn -0.3914 0.6128 -0.6865
vn -0.4759 0.6777 -0.5606
vn -0.5542 0.7180 -0.4211
vn -0.6239 0.7325 -0.2723
vn -0.6829 0.7208 -0.1186
vn -0.7294 0.6831 0.0351
vn -0.7621 0.6207 0.1843
vn -0.7798 0.5355 0.3244
vn -0.7820 0.4299 0.4512
vn -0.7688 0.3074 0.5608
vn -0.7405 0.1714 0.6499
vn -0.6979 0.0263 0.7157
vn -0.6424 -0.1237 0.7563
vn -0.5756 -0.2739 0.7705
vn -0.4995 -0.4197 0.7578
vn -0.4166 -0.5568 0.7186
vn -0.3293 -0.6810 0.6541
vn -0.2402 -0.7885 0.5662
vn -0.1520 -0.8760 0.4577
vn -0.0675 -0.9410 0.3317
vn 0.0108 -0.9813 0.1922
vn 0.0805 -0.9958 0.0434
vn 0.1395 -0.9841 -0.1102
vn 0.1860 -0.9464 -0.2640
vn 0.2186 -0.8840 -0.4132
vn 0.2363 -0.7988 -0.5533
vn 0.2386 -0.6932 -0.6801
vn 0.2254 -0.5706 -0.7897
vn 0.1970 -0.4347 -0.8788
vn 0.1545 -0.2896 -0.9446
vn 0.0989 -0.1396 -0.9853
vn 0.2407 0.3044 -0.9216
vn 0.3211 0.1503 -0.9351
vn 0.1531 0.4492 -0.8802
vn 0.0608 0.5805 -0.8120
vn -0.0333 0.6940 -0.7192
vn -0.1265 0.7865 -0.6045
vn -0.2157 0.8551 -0.4714
vn -0.2985 0.8977 -0.3240
vn -0.3721 0.9131 -0.1668
vn -0.4345 0.9007 -0.0044
vn -0.4836 0.8609 0.1580
vn -0.5181 0.7950 0.3156
vn -0.5368 0.7049 0.4637
vn -0.5392 0.5934 0.5976
vn -0.5252 0.4638 0.7134
vn -0.4953 0.3202 0.8076
vn -0.4503 0.1668 0.8771
vn -0.3916 0.0084 0.9201
vn -0.3211 -0.1503 0.9351
vn -0.2407 -0.3044 0.9216
vn -0.1531 -0.4492 0.8802
vn -0.0608 -0.5805 0.8120
vn 0.0333 -0.6940 0.7192
vn 0.1265 -0.7865 0.6045
vn 0.2157 -0.8551 0.4714
vn 0.2985 -0.8977 0.3240
vn 0.3721 -0.9131 0.1668
vn 0.4345 -0.9007 0.0044
vn 0.4836 -0.8609 -0.1580
vn 0.5181 -0.7950 -0.3156
vn 0.5368 -0.7049 -0.4637
vn 0.5392 -0.5934 -0.5976
vn 0.5252 -0.4638 -0.7134
vn 0.4953 -0.3202 -0.8076
vn 0.4503 -0.1668 -0.8771
vn 0.3916 -0.0084 -0.9201
vn 0.4995 0.4197 -0.7578
vn 0.5756 0.2739 -0.7705
vn 0.4166 0.5568 -0.7186
vn 0.3292 0.6810 -0.6541
vn 0.2402 0.7885 -0.5662
vn 0.1520 0.8761 -0.4576
vn 0.0675 0.9410 -0.3317
vn -0.0108 0.9813 -0.1922
vn -0.0805 0.9958 -0.0434
vn -0.1394 0.9841 0.1103
vn -0.1860 0.9464 0.2640
vn -0.2186 0.8840 0.4132
vn -0.2363 0.7988 0.5533
vn -0.2386 0.6932 0.6801
vn -0.2254 0.5706 0.7897
vn -0.1970 0.4347 0.8788
vn -0.1545 0.2896 0.9446
vn -0.0989 0.1396 0.9853
vn -0.0321 -0.0106 0.9994
vn 0.0438 -0.1565 0.9867
vn 0.1268 -0.2935 0.9475
vn 0.2141 -0.4178 0.8830
vn 0.3033 -0.5252 0.7951
vn 0.3914 -0.6128 0.6865
vn 0.4759 -0.6777 0.5606
vn 0.5542 -0.7180 0.4211
vn 0.6239 -0.7325 0.2723
vn 0.6830 -0.7208 0.1187
vn 0.7294 -0.6831 -0.0351
vn 0.7621 -0.6207 -0.1843
vn 0.7798 -0.5355 -0.3244
vn 0.7820 -0.4299 -0.4512
vn 0.7688 -0.3074 -0.5608
vn 0.7405 -0.1714 -0.6499
vn 0.6979 -0.0263 -0.7157
vn 0.6424 0.1237 -0.7563
vn 0.6823 0.4839 -0.5480
vn 0.7479 0.3580 -0.5590
vn 0.6107 0.6022 -0.5142
vn 0.5354 0.7093 -0.4585
vn 0.4585 0.8021 -0.3827
vn 0.3824 0.8776 -0.2890
vn 0.3095 0.9336 -0.1804
vn 0.2420 0.9684 -0.0600
vn 0.1818 0.9810 0.0684
vn 0.1309 0.9708 0.2009
vn 0.0908 0.9383 0.3336
vn 0.0626 0.8845 0.4623
vn 0.0473 0.8109 0.5832
vn 0.0454 0.7199 0.6926
vn 0.0568 0.6141 0.7872
vn 0.0812 0.4968 0.8641
vn 0.1180 0.3716 0.9209
vn 0.1659 0.2422 0.9559
vn 0.2235 0.1126 0.9682
vn 0.2891 -0.0133 0.9572
vn 0.3607 -0.1316 0.9234
vn 0.4360 -0.2387 0.8677
vn 0.5129 -0.3315 0.7919
vn 0.5890 -0.4070 0.6982
vn 0.6619 -0.4630 0.5895
vn 0.7294 -0.4978 0.4692
vn 0.7896 -0.5103 0.3408
vn 0.8405 -0.5002 0.2082
vn 0.8806 -0.4677 0.0756
vn 0.9088 -0.4139 -0.0532
vn 0.9241 -0.3403 -0.1741
vn 0.9260 -0.2493 -0.2835
vn 0.9146 -0.1435 -0.3780
vn 0.8902 -0.0262 -0.4549
vn 0.8534 0.0991 -0.5117
vn 0.8055 0.2284 -0.5468
vn 0.7889 0.5069 -0.3473
vn 0.8423 0.4045 -0.3563
vn 0.7307 0.6032 -0.3198
vn 0.6694 0.6903 -0.2745
vn 0.6068 0.7658 -0.2128
vn 0.5450 0.8273 -0.1366
vn 0.4856 0.8728 -0.0482
vn 0.4307 0.9011 0.0497
vn 0.3818 0.9113 0.1542
vn 0.3403 0.9031 0.2620
vn 0.3077 0.8766 0.3699
vn 0.2848 0.8328 0.4746
vn 0.2724 0.7730 0.5730
vn 0.2707 0.6989 0.6620
vn 0.2800 0.6129 0.7389
vn 0.3000 0.5174 0.8014
vn 0.3299 0.4156 0.8476
vn 0.3688 0.3103 0.8762
vn 0.4157 0.2049 0.8861
vn 0.4691 0.1025 0.8772
vn 0.5273 0.0063 0.8497
vn 0.5886 -0.0809 0.8044
vn 0.6511 -0.1564 0.7427
vn 0.7130 -0.2178 0.6665
vn 0.7723 -0.2634 0.5781
vn 0.8273 -0.2917 0.4802
vn 0.8762 -0.3018 0.3757
vn 0.9176 -0.2936 0.2679
vn 0.9503 -0.2672 0.1600
vn 0.9732 -0.2234 0.0553
vn 0.9856 -0.1635 -0.0431
vn 0.9872 -0.0895 -0.1321
vn 0.9779 -0.0034 -0.2090
vn 0.9580 0.0920 -0.2715
vn 0.9281 0.1939 -0.3178
vn 0.8892 0.2991 -0.3463
vn 0.8438 0.5066 -0.1773
vn 0.8856 0.4263 -0.1843
vn 0.7982 0.5820 -0.1557
vn 0.7501 0.6503 -0.1202
vn 0.7011 0.7095 -0.0719
vn 0.6526 0.7576 -0.0121
vn 0.6061 0.7933 0.0572
vn 0.5630 0.8155 0.1339
vn 0.5247 0.8235 0.2158
vn 0.4922 0.8170 0.3003
vn 0.4666 0.7963 0.3849
vn 0.4487 0.7620 0.4670
vn 0.4389 0.7151 0.5440
vn 0.4377 0.6570 0.6138
vn 0.4450 0.5896 0.6741
vn 0.4606 0.5148 0.7231
vn 0.4839 0.4349 0.7594
vn 0.5145 0.3525 0.7817
vn 0.5513 0.2698 0.7895
vn 0.5931 0.1896 0.7825
vn 0.6387 0.1142 0.7609
vn 0.6868 0.0458 0.7254
vn 0.7358 -0.0134 0.6771
vn 0.7843 -0.0615 0.6173
vn 0.8308 -0.0972 0.5481
vn 0.8738 -0.1194 0.4713
vn 0.9122 -0.1274 0.3894
vn 0.9447 -0.1209 0.3049
vn 0.9703 -0.1002 0.2204
vn 0.9882 -0.0659 0.1383
vn 0.9979 -0.0189 0.0612
vn 0.9992 0.0391 -0.0086
vn 0.9919 0.1066 -0.0689
vn 0.9763 0.1813 -0.1179
vn 0.9529 0.2612 -0.1541
vn 0.9224 0.3437 -0.1765
vn 0.8683 0.4946 -0.0373
vn 0.8999 0.4339 -0.0426
vn 0.8338 0.5517 -0.0210
vn 0.7974 0.6034 0.0058
vn 0.7603 0.6482 0.0424
vn 0.7236 0.6846 0.0877
vn 0.6884 0.7116 0.1401
vn 0.6558 0.7284 0.1981
vn 0.6268 0.7345 0.2601
vn 0.6023 0.7296 0.3240
vn 0.5829 0.7139 0.3880
vn 0.5694 0.6879 0.4501
vn 0.5619 0.6524 0.5085
vn 0.5610 0.6085 0.5613
vn 0.5665 0.5575 0.6069
vn 0.5783 0.5009 0.6440
vn 0.5961 0.4405 0.6714
vn 0.6191 0.3780 0.6883
vn 0.6469 0.3155 0.6942
vn 0.6786 0.2548 0.6889
vn 0.7131 0.1977 0.6726
vn 0.7495 0.1460 0.6457
vn 0.7866 0.1013 0.6091
vn 0.8233 0.0649 0.5639
vn 0.8584 0.0378 0.5115
vn 0.8910 0.0210 0.4534
vn 0.9201 0.0150 0.3915
vn 0.9446 0.0198 0.3275
vn 0.9640 0.0355 0.2635
vn 0.9776 0.0615 0.2014
vn 0.9849 0.0970 0.1431
vn 0.9859 0.1409 0.0903
vn 0.9804 0.1920 0.0447
vn 0.9686 0.2485 0.0076
vn 0.9509 0.3090 -0.0198
vn 0.9277 0.3714 -0.0367
vn 0.8752 0.4771 0.0796
vn 0.8979 0.4335 0.0758
vn 0.8505 0.5180 0.0913
vn 0.8244 0.5551 0.1105
vn 0.7978 0.5872 0.1368
vn 0.7715 0.6133 0.1692
vn 0.7463 0.6327 0.2068
vn 0.7229 0.6448 0.2485
vn 0.7020 0.6491 0.2929
vn 0.6844 0.6456 0.3388
vn 0.6705 0.6344 0.3847
vn 0.6608 0.6157 0.4292
vn 0.6555 0.5902 0.4710
vn 0.6548 0.5588 0.5089
vn 0.6588 0.5222 0.5416
vn 0.6672 0.4816 0.5682
vn 0.6800 0.4382 0.5879
vn 0.6966 0.3935 0.6000
vn 0.7165 0.3486 0.6043
vn 0.7392 0.3051 0.6004
vn 0.7640 0.2641 0.5887
vn 0.7900 0.2270 0.5695
vn 0.8166 0.1949 0.5432
vn 0.8430 0.1688 0.5108
vn 0.8682 0.1495 0.4732
vn 0.8916 0.1374 0.4316
vn 0.9124 0.1330 0.3871
vn 0.9300 0.1365 0.3413
vn 0.9439 0.1478 0.2954
vn 0.9536 0.1664 0.2508
vn 0.9589 0.1919 0.2090
vn 0.9596 0.2234 0.1711
vn 0.9556 0.2600 0.1384
vn 0.9472 0.3006 0.1118
vn 0.9345 0.3439 0.0921
vn 0.9179 0.3887 0.0800
vn 0.8713 0.4564 0.1804
vn 0.8860 0.4283 0.1779
vn 0.8553 0.4828 0.1879
vn 0.8385 0.5068 0.2003
vn 0.8213 0.5275 0.2173
vn 0.8043 0.5444 0.2382
vn 0.7880 0.5569 0.2625
vn 0.7729 0.5646 0.2894
vn 0.7595 0.5674 0.3181
vn 0.7481 0.5652 0.3477
vn 0.7392 0.5579 0.3773
vn 0.7329 0.5459 0.4061
vn 0.7295 0.5294 0.4331
vn 0.7290 0.5091 0.4576
vn 0.7315 0.4855 0.4787
vn 0.7371 0.4593 0.4958
vn 0.7452 0.4313 0.5085
vn 0.7559 0.4024 0.5164
vn 0.7688 0.3734 0.5191
vn 0.7835 0.3453 0.5167
vn 0.7994 0.3189 0.5091
vn 0.8163 0.2949 0.4967
vn 0.8335 0.2742 0.4798
vn 0.8505 0.2573 0.4588
vn 0.8668 0.2448 0.4345
vn 0.8818 0.2371 0.4076
vn 0.8953 0.2343 0.3789
vn 0.9067 0.2365 0.3493
vn 0.9156 0.2438 0.3197
vn 0.9219 0.2558 0.2909
vn 0.9253 0.2723 0.2639
vn 0.9258 0.2926 0.2394
vn 0.9232 0.3162 0.2183
vn 0.9177 0.3424 0.2012
vn 0.9095 0.3704 0.1885
vn 0.8988 0.3993 0.1806
vn 0.8597 0.4333 0.2705
vn 0.8669 0.4195 0.2693
vn 0.8518 0.4463 0.2742
vn 0.8436 0.4580 0.2803
vn 0.8352 0.4682 0.2887
vn 0.8268 0.4765 0.2989
vn 0.8188 0.4826 0.3108
vn 0.8114 0.4864 0.3240
vn 0.8048 0.4878 0.3381
vn 0.7992 0.4867 0.3526
vn 0.7948 0.4831 0.3672
vn 0.7918 0.4772 0.3813
vn 0.7901 0.4692 0.3945
vn 0.7899 0.4592 0.4065
vn 0.7911 0.4476 0.4169
vn 0.7938 0.4347 0.4253
vn 0.7978 0.4210 0.4316
vn 0.8031 0.4068 0.4354
vn 0.8094 0.3926 0.4367
vn 0.8166 0.3788 0.4355
vn 0.8244 0.3658 0.4318
vn 0.8327 0.3541 0.4257
vn 0.8411 0.3439 0.4174
vn 0.8495 0.3356 0.4071
vn 0.8574 0.3295 0.3952
vn 0.8649 0.3257 0.3820
vn 0.8714 0.3243 0.3680
vn 0.8770 0.3254 0.3534
vn 0.8814 0.3290 0.3389
vn 0.8845 0.3349 0.3248
vn 0.8862 0.3430 0.3115
vn 0.8864 0.3529 0.2995
vn 0.8852 0.3645 0.2892
vn 0.8825 0.3774 0.2807
vn 0.8784 0.3911 0.2745
vn 0.8732 0.4053 0.2707
vn -0.8415 -0.4077 -0.3545
vn 0.8415 0.4077 0.3545
vn 0.7688 -0.3734 -0.5191
vn 0.7835 -0.3453 -0.5167
vn 0.8166 -0.3788 -0.4355
vn 0.8094 -0.3926 -0.4367
vn 0.7995 -0.3189 -0.5091
vn 0.8244 -0.3658 -0.4318
vn 0.8163 -0.2949 -0.4967
vn 0.8327 -0.3541 -0.4257
vn 0.8335 -0.2742 -0.4797
vn 0.8411 -0.3440 -0.4174
vn 0.8505 -0.2573 -0.4588
vn 0.8495 -0.3356 -0.4071
vn 0.8668 -0.2448 -0.4345
vn 0.8574 -0.3295 -0.3952
vn 0.8818 -0.2371 -0.4076
vn 0.8648 -0.3257 -0.3820
vn 0.8953 -0.2343 -0.3789
vn 0.8714 -0.3243 -0.3680
vn 0.9067 -0.2365 -0.3493
vn 0.8770 -0.3254 -0.3534
vn 0.9156 -0.2438 -0.3197
vn 0.8814 -0.3290 -0.3389
vn 0.9219 -0.2558 -0.2909
vn 0.8845 -0.3349 -0.3248
vn 0.9253 -0.2723 -0.2639
vn 0.8862 -0.3430 -0.3115
vn 0.9258 -0.2926 -0.2394
vn 0.8864 -0.3529 -0.2995
vn 0.9232 -0.3162 -0.2183
vn 0.8852 -0.3645 -0.2892
vn 0.9178 -0.3424 -0.2012
vn 0.8825 -0.3774 -0.2807
vn 0.9095 -0.3704 -0.1885
vn 0.8784 -0.3911 -0.2745
vn 0.8988 -0.3993 -0.1807
vn 0.8732 -0.4053 -0.2707
vn 0.8860 -0.4283 -0.1779
vn 0.8669 -0.4195 -0.2693
vn 0.8713 -0.4564 -0.1804
vn 0.8597 -0.4333 -0.2706
vn 0.8553 -0.4828 -0.1879
vn 0.8518 -0.4463 -0.2742
vn 0.8385 -0.5068 -0.2004
vn 0.8436 -0.4580 -0.2803
vn 0.8213 -0.5274 -0.2173
vn 0.8352 -0.4682 -0.2887
vn 0.8043 -0.5443 -0.2383
vn 0.8268 -0.4765 -0.2989
vn 0.7880 -0.5568 -0.2625
vn 0.8188 -0.4826 -0.3108
vn 0.7729 -0.5646 -0.2894
vn 0.8114 -0.4864 -0.3240
vn 0.7595 -0.5674 -0.3181
vn 0.8048 -0.4878 -0.3381
vn 0.7481 -0.5652 -0.3477
vn 0.7992 -0.4867 -0.3526
vn 0.7392 -0.5579 -0.3773
vn 0.7949 -0.4831 -0.3672
vn 0.7329 -0.5459 -0.4061
vn 0.7918 -0.4772 -0.3813
vn 0.7295 -0.5295 -0.4331
vn 0.7901 -0.4692 -0.3945
vn 0.7290 -0.5091 -0.4575
vn 0.7899 -0.4592 -0.4065
vn 0.7316 -0.4855 -0.4787
vn 0.7911 -0.4476 -0.4169
vn 0.7371 -0.4593 -0.4958
vn 0.7938 -0.4347 -0.4253
vn 0.7453 -0.4313 -0.5085
vn 0.7978 -0.4210 -0.4316
vn 0.7560 -0.4024 -0.5163
vn 0.8031 -0.4068 -0.4354
vn 0.7165 -0.3486 -0.6042
vn 0.7392 -0.3051 -0.6004
vn 0.7640 -0.2641 -0.5887
vn 0.7900 -0.2271 -0.5695
vn 0.8166 -0.1950 -0.5432
vn 0.8430 -0.1688 -0.5108
vn 0.8682 -0.1494 -0.4732
vn 0.8916 -0.1374 -0.4316
vn 0.9124 -0.1331 -0.3871
vn 0.9300 -0.1366 -0.3413
vn 0.9439 -0.1478 -0.2954
vn 0.9536 -0.1665 -0.2508
vn 0.9589 -0.1919 -0.2090
vn 0.9596 -0.2234 -0.1711
vn 0.9556 -0.2600 -0.1384
vn 0.9472 -0.3006 -0.1118
vn 0.9345 -0.3439 -0.0922
vn 0.9179 -0.3887 -0.0800
vn 0.8979 -0.4335 -0.0758
vn 0.8752 -0.4771 -0.0796
vn 0.8505 -0.5180 -0.0913
vn 0.8244 -0.5551 -0.1106
vn 0.7978 -0.5872 -0.1368
vn 0.7715 -0.6134 -0.1692
vn 0.7463 -0.6327 -0.2068
vn 0.7229 -0.6447 -0.2485
vn 0.7021 -0.6491 -0.2929
vn 0.6845 -0.6456 -0.3388
vn 0.6706 -0.6343 -0.3847
vn 0.6608 -0.6157 -0.4292
vn 0.6555 -0.5902 -0.4710
vn 0.6549 -0.5587 -0.5089
vn 0.6588 -0.5221 -0.5416
vn 0.6673 -0.4815 -0.5682
vn 0.6800 -0.4382 -0.5879
vn 0.6966 -0.3935 -0.6000
vn 0.6470 -0.3155 -0.6942
vn 0.6786 -0.2548 -0.6889
vn 0.7131 -0.1977 -0.6726
vn 0.7495 -0.1460 -0.6457
vn 0.7866 -0.1013 -0.6091
vn 0.8233 -0.0649 -0.5639
vn 0.8584 -0.0378 -0.5115
vn 0.8910 -0.0210 -0.4534
vn 0.9201 -0.0150 -0.3915
vn 0.9446 -0.0199 -0.3275
vn 0.9640 -0.0355 -0.2635
vn 0.9776 -0.0615 -0.2014
vn 0.9849 -0.0970 -0.1431
vn 0.9859 -0.1410 -0.0903
vn 0.9804 -0.1920 -0.0447
vn 0.9686 -0.2486 -0.0076
vn 0.9509 -0.3090 0.0198
vn 0.9277 -0.3714 0.0367
vn 0.8999 -0.4339 0.0426
vn 0.8683 -0.4946 0.0373
vn 0.8338 -0.5517 0.0210
vn 0.7974 -0.6034 -0.0059
vn 0.7603 -0.6481 -0.0425
vn 0.7236 -0.6846 -0.0877
vn 0.6885 -0.7116 -0.1401
vn 0.6558 -0.7284 -0.1981
vn 0.6269 -0.7344 -0.2601
vn 0.6023 -0.7295 -0.3240
vn 0.5829 -0.7139 -0.3880
vn 0.5694 -0.6879 -0.4501
vn 0.5620 -0.6524 -0.5085
vn 0.5610 -0.6085 -0.5613
vn 0.5665 -0.5575 -0.6069
vn 0.5783 -0.5009 -0.6440
vn 0.5961 -0.4405 -0.6714
vn 0.6192 -0.3780 -0.6883
vn 0.5513 -0.2698 -0.7895
vn 0.5931 -0.1896 -0.7825
vn 0.6387 -0.1142 -0.7609
vn 0.6868 -0.0458 -0.7254
vn 0.7358 0.0133 -0.6771
vn 0.7843 0.0615 -0.6173
vn 0.8308 0.0972 -0.5481
vn 0.8738 0.1194 -0.4713
vn 0.9122 0.1274 -0.3894
vn 0.9447 0.1209 -0.3049
vn 0.9703 0.1002 -0.2204
vn 0.9882 0.0659 -0.1383
vn 0.9979 0.0189 -0.0612
vn 0.9992 -0.0391 0.0086
vn 0.9919 -0.1066 0.0689
vn 0.9763 -0.1813 0.1179
vn 0.9529 -0.2612 0.1541
vn 0.9224 -0.3437 0.1765
vn 0.8856 -0.4263 0.1843
vn 0.8438 -0.5066 0.1773
vn 0.7982 -0.5820 0.1557
vn 0.7501 -0.6503 0.1202
vn 0.7011 -0.7094 0.0718
vn 0.6526 -0.7576 0.0121
vn 0.6061 -0.7933 -0.0572
vn 0.5630 -0.8155 -0.1339
vn 0.5247 -0.8235 -0.2158
vn 0.4922 -0.8170 -0.3003
vn 0.4666 -0.7963 -0.3849
vn 0.4487 -0.7620 -0.4670
vn 0.4389 -0.7151 -0.5440
vn 0.4377 -0.6570 -0.6138
vn 0.4450 -0.5896 -0.6741
vn 0.4606 -0.5148 -0.7231
vn 0.4840 -0.4349 -0.7593
vn 0.5145 -0.3525 -0.7817
vn 0.4157 -0.2049 -0.8861
vn 0.4690 -0.1025 -0.8772
vn 0.5273 -0.0063 -0.8497
vn 0.5886 0.0809 -0.8044
vn 0.6511 0.1563 -0.7427
vn 0.7130 0.2178 -0.6665
vn 0.7723 0.2633 -0.5781
vn 0.8273 0.2917 -0.4802
vn 0.8762 0.3019 -0.3757
vn 0.9176 0.2936 -0.2679
vn 0.9503 0.2672 -0.1600
vn 0.9732 0.2234 -0.0552
vn 0.9856 0.1635 0.0431
vn 0.9872 0.0895 0.1321
vn 0.9779 0.0034 0.2090
vn 0.9580 -0.0920 0.2715
vn 0.9281 -0.1939 0.3178
vn 0.8891 -0.2991 0.3463
vn 0.8423 -0.4046 0.3562
vn 0.7889 -0.5069 0.3473
vn 0.7307 -0.6032 0.3198
vn 0.6694 -0.6903 0.2745
vn 0.6068 -0.7658 0.2128
vn 0.5450 -0.8272 0.1366
vn 0.4857 -0.8728 0.0482
vn 0.4307 -0.9011 -0.0497
vn 0.3818 -0.9113 -0.1542
vn 0.3403 -0.9031 -0.2620
vn 0.3077 -0.8766 -0.3699
vn 0.2848 -0.8328 -0.4746
vn 0.2723 -0.7730 -0.5730
vn 0.2708 -0.6989 -0.6620
vn 0.2801 -0.6129 -0.7389
vn 0.2999 -0.5174 -0.8014
vn 0.3298 -0.4156 -0.8477
vn 0.3688 -0.3103 -0.8762
vn 0.2235 -0.1126 -0.9682
vn 0.2891 0.0133 -0.9572
vn 0.3607 0.1316 -0.9234
vn 0.4360 0.2388 -0.8677
vn 0.5129 0.3315 -0.7919
vn 0.5890 0.4070 -0.6982
vn 0.6619 0.4630 -0.5895
vn 0.7294 0.4978 -0.4692
vn 0.7896 0.5103 -0.3408
vn 0.8405 0.5002 -0.2082
vn 0.8806 0.4677 -0.0756
vn 0.9088 0.4139 0.0532
vn 0.9241 0.3403 0.1741
vn 0.9260 0.2493 0.2835
vn 0.9146 0.1435 0.3780
vn 0.8902 0.0262 0.4549
vn 0.8534 -0.0991 0.5117
vn 0.8055 -0.2284 0.5467
vn 0.7479 -0.3580 0.5590
vn 0.6823 -0.4839 0.5480
vn 0.6107 -0.6022 0.5142
vn 0.5354 -0.7093 0.4585
vn 0.4585 -0.8021 0.3827
vn 0.3824 -0.8776 0.2890
vn 0.3095 -0.9336 0.1804
vn 0.2420 -0.9684 0.0600
vn 0.1818 -0.9810 -0.0684
vn 0.1309 -0.9708 -0.2010
vn 0.0908 -0.9383 -0.3336
vn 0.0626 -0.8845 -0.4623
vn 0.0473 -0.8109 -0.5832
vn 0.0454 -0.7199 -0.6926
vn 0.0568 -0.6141 -0.7872
vn 0.0812 -0.4968 -0.8641
vn 0.1180 -0.3716 -0.9209
vn 0.1659 -0.2422 -0.9559
vn -0.0321 0.0106 -0.9994
vn 0.0439 0.1564 -0.9867
vn 0.1268 0.2935 -0.9475
vn 0.2142 0.4177 -0.8830
vn 0.3032 0.5253 -0.7951
vn 0.3914 0.6128 -0.6865
vn 0.4759 0.6777 -0.5606
vn 0.5542 0.7180 -0.4211
vn 0.6239 0.7325 -0.2723
vn 0.6829 0.7208 -0.1187
vn 0.7294 0.6831 0.0351
vn 0.7621 0.6207 0.1843
vn 0.7798 0.5355 0.3244
vn 0.7820 0.4299 0.4512
vn 0.7688 0.3074 0.5608
vn 0.7405 0.1714 0.6499
vn 0.6979 0.0263 0.7157
vn 0.6424 -0.1237 0.7563
vn 0.5756 -0.2738 0.7706
vn 0.4996 -0.4197 0.7578
vn 0.4166 -0.5568 0.7186
vn 0.3293 -0.6810 0.6541
vn 0.2402 -0.7885 0.5662
vn 0.1520 -0.8760 0.4577
vn 0.0675 -0.9410 0.3317
vn -0.0108 -0.9813 0.1922
vn -0.0805 -0.9958 0.0434
vn -0.1395 -0.9841 -0.1102
vn -0.1860 -0.9464 -0.2640
vn -0.2187 -0.8840 -0.4132
vn -0.2364 -0.7987 -0.5533
vn -0.2386 -0.6932 -0.6801
vn -0.2254 -0.5706 -0.7897
vn -0.1970 -0.4347 -0.8788
vn -0.1545 -0.2896 -0.9446
vn -0.0990 -0.1396 -0.9852
vn -0.3211 0.1503 -0.9351
vn -0.2407 0.3044 -0.9216
vn -0.1531 0.4492 -0.8802
vn -0.0608 0.5805 -0.8120
vn 0.0333 0.6940 -0.7192
vn 0.1265 0.7865 -0.6045
vn 0.2157 0.8551 -0.4714
vn 0.2985 0.8977 -0.3240
vn 0.3721 0.9131 -0.1668
vn 0.4345 0.9007 -0.0044
vn 0.4836 0.8609 0.1580
vn 0.5181 0.7950 0.3156
vn 0.5368 0.7049 0.4637
vn 0.5392 0.5934 0.5976
vn 0.5252 0.4638 0.7134
vn 0.4953 0.3202 0.8076
vn 0.4503 0.1668 0.8771
vn 0.3916 0.0084 0.9201
vn 0.3211 -0.1503 0.9351
vn 0.2407 -0.3044 0.9216
vn 0.1531 -0.4492 0.8802
vn 0.0608 -0.5805 0.8120
vn -0.0333 -0.6940 0.7192
vn -0.1265 -0.7865 0.6045
vn -0.2157 -0.8551 0.4714
vn -0.2985 -0.8977 0.3240
vn -0.3721 -0.9131 0.1668
vn -0.4345 -0.9007 0.0044
vn -0.4836 -0.8609 -0.1580
vn -0.5181 -0.7950 -0.3156
vn -0.5368 -0.7049 -0.4637
vn -0.5392 -0.5934 -0.5976
vn -0.5252 -0.4638 -0.7134
vn -0.4953 -0.3202 -0.8076
vn -0.4503 -0.1668 -0.8771
vn -0.3916 -0.0084 -0.9201
vn -0.5756 0.2739 -0.7705
vn -0.4996 0.4197 -0.7578
vn -0.4166 0.5568 -0.7186
vn -0.3293 0.6810 -0.6541
vn -0.2401 0.7885 -0.5662
vn -0.1520 0.8761 -0.4576
vn -0.0675 0.9410 -0.3317
vn 0.0108 0.9813 -0.1922
vn 0.0805 0.9958 -0.0434
vn 0.1395 0.9841 0.1102
vn 0.1860 0.9464 0.2640
vn 0.2186 0.8840 0.4132
vn 0.2363 0.7988 0.5533
vn 0.2386 0.6932 0.6801
vn 0.2254 0.5706 0.7897
vn 0.1970 0.4347 0.8788
vn 0.1545 0.2896 0.9446
vn 0.0990 0.1396 0.9852
vn 0.0321 -0.0106 0.9994
vn -0.0439 -0.1564 0.9867
vn -0.1268 -0.2935 0.9475
vn -0.2142 -0.4177 0.8830
vn -0.3032 -0.5253 0.7951
vn -0.3914 -0.6128 0.6865
vn -0.4759 -0.6777 0.5606
vn -0.5542 -0.7180 0.4211
vn -0.6239 -0.7325 0.2723
vn -0.6829 -0.7208 0.1186
vn -0.7294 -0.6831 -0.0351
vn -0.7621 -0.6207 -0.1842
vn -0.7797 -0.5355 -0.3244
vn -0.7820 -0.4299 -0.4512
vn -0.7688 -0.3074 -0.5608
vn -0.7405 -0.1714 -0.6499
vn -0.6979 -0.0263 -0.7157
vn -0.6424 0.1237 -0.7563
vn -0.7479 0.3580 -0.5590
vn -0.6823 0.4839 -0.5480
vn -0.6107 0.6022 -0.5142
vn -0.5354 0.7093 -0.4585
vn -0.4585 0.8021 -0.3827
vn -0.3824 0.8776 -0.2890
vn -0.3095 0.9336 -0.1804
vn -0.2420 0.9684 -0.0600
vn -0.1818 0.9810 0.0684
vn -0.1309 0.9708 0.2010
vn -0.0907 0.9383 0.3336
vn -0.0626 0.8845 0.4623
vn -0.0473 0.8109 0.5832
vn -0.0454 0.7199 0.6926
vn -0.0568 0.6141 0.7872
vn -0.0812 0.4968 0.8641
vn -0.1180 0.3716 0.9209
vn -0.1659 0.2422 0.9559
vn -0.2235 0.1126 0.9682
vn -0.2891 -0.0133 0.9572
vn -0.3607 -0.1316 0.9234
vn -0.4360 -0.2387 0.8677
vn -0.5129 -0.3315 0.7919
vn -0.5890 -0.4070 0.6982
vn -0.6619 -0.4630 0.5895
vn -0.7294 -0.4978 0.4692
vn -0.7896 -0.5104 0.3407
vn -0.8405 -0.5002 0.2082
vn -0.8806 -0.4678 0.0755
vn -0.9088 -0.4139 -0.0532
vn -0.9241 -0.3403 -0.1741
vn -0.9260 -0.2493 -0.2835
vn -0.9146 -0.1435 -0.3780
vn -0.8902 -0.0262 -0.4549
vn -0.8534 0.0991 -0.5117
vn -0.8055 0.2284 -0.5468
vn -0.8423 0.4046 -0.3562
vn -0.7889 0.5069 -0.3473
vn -0.7307 0.6032 -0.3198
vn -0.6694 0.6903 -0.2745
vn -0.6068 0.7658 -0.2128
vn -0.5450 0.8272 -0.1366
vn -0.4857 0.8728 -0.0482
vn -0.4307 0.9011 0.0497
vn -0.3818 0.9113 0.1542
vn -0.3404 0.9031 0.2620
vn -0.3077 0.8767 0.3699
vn -0.2848 0.8328 0.4746
vn -0.2723 0.7730 0.5730
vn -0.2708 0.6989 0.6620
vn -0.2801 0.6129 0.7389
vn -0.3000 0.5174 0.8014
vn -0.3298 0.4156 0.8477
vn -0.3688 0.3103 0.8762
vn -0.4157 0.2049 0.8861
vn -0.4691 0.1025 0.8772
vn -0.5273 0.0063 0.8497
vn -0.5886 -0.0809 0.8044
vn -0.6511 -0.1563 0.7427
vn -0.7130 -0.2178 0.6665
vn -0.7723 -0.2634 0.5781
vn -0.8273 -0.2916 0.4802
vn -0.8762 -0.3018 0.3757
vn -0.9176 -0.2936 0.2679
vn -0.9503 -0.2672 0.1600
vn -0.9732 -0.2234 0.0552
vn -0.9856 -0.1635 -0.0431
vn -0.9872 -0.0894 -0.1321
vn -0.9779 -0.0034 -0.2090
vn -0.9580 0.0920 -0.2715
vn -0.9281 0.1939 -0.3178
vn -0.8892 0.2991 -0.3463
vn -0.8856 0.4263 -0.1843
vn -0.8438 0.5066 -0.1773
vn -0.7982 0.5820 -0.1557
vn -0.7501 0.6503 -0.1202
vn -0.7011 0.7094 -0.0718
vn -0.6526 0.7576 -0.0121
vn -0.6061 0.7933 0.0572
vn -0.5630 0.8155 0.1339
vn -0.5247 0.8235 0.2158
vn -0.4922 0.8171 0.3003
vn -0.4666 0.7963 0.3849
vn -0.4487 0.7620 0.4670
vn -0.4389 0.7151 0.5441
vn -0.4377 0.6570 0.6138
vn -0.4450 0.5896 0.6741
vn -0.4605 0.5148 0.7231
vn -0.4840 0.4349 0.7593
vn -0.5145 0.3525 0.7817
vn -0.5513 0.2698 0.7895
vn -0.5931 0.1896 0.7825
vn -0.6387 0.1142 0.7609
vn -0.6868 0.0458 0.7254
vn -0.7358 -0.0133 0.6771
vn -0.7843 -0.0615 0.6173
vn -0.8308 -0.0972 0.5481
vn -0.8738 -0.1194 0.4713
vn -0.9122 -0.1274 0.3894
vn -0.9447 -0.1209 0.3049
vn -0.9703 -0.1002 0.2204
vn -0.9882 -0.0659 0.1383
vn -0.9979 -0.0189 0.0612
vn -0.9992 0.0391 -0.0086
vn -0.9919 0.1066 -0.0689
vn -0.9763 0.1813 -0.1179
vn -0.9529 0.2612 -0.1541
vn -0.9224 0.3437 -0.1765
vn -0.8999 0.4339 -0.0426
vn -0.8683 0.4946 -0.0373
vn -0.8338 0.5517 -0.0210
vn -0.7974 0.6034 0.0059
vn -0.7603 0.6481 0.0425
vn -0.7236 0.6846 0.0877
vn -0.6884 0.7116 0.1401
vn -0.6559 0.7284 0.1982
vn -0.6268 0.7345 0.2601
vn -0.6023 0.7295 0.3240
vn -0.5829 0.7139 0.3880
vn -0.5694 0.6879 0.4501
vn -0.5619 0.6524 0.5085
vn -0.5610 0.6085 0.5612
vn -0.5665 0.5575 0.6069
vn -0.5783 0.5009 0.6439
vn -0.5961 0.4405 0.6714
vn -0.6191 0.3780 0.6883
vn -0.6470 0.3155 0.6942
vn -0.6786 0.2548 0.6888
vn -0.7131 0.1977 0.6726
vn -0.7495 0.1461 0.6457
vn -0.7866 0.1013 0.6091
vn -0.8233 0.0649 0.5639
vn -0.8584 0.0378 0.5115
vn -0.8910 0.0210 0.4534
vn -0.9201 0.0150 0.3915
vn -0.9446 0.0199 0.3275
vn -0.9640 0.0355 0.2635
vn -0.9776 0.0615 0.2014
vn -0.9849 0.0970 0.1431
vn -0.9859 0.1410 0.0903
vn -0.9804 0.1920 0.0447
vn -0.9686 0.2486 0.0076
vn -0.9509 0.3090 -0.0198
vn -0.9277 0.3714 -0.0367
vn -0.8979 0.4335 0.0758
vn -0.8752 0.4771 0.0796
vn -0.8505 0.5180 0.0913
vn -0.8244 0.5551 0.1106
vn -0.7978 0.5872 0.1368
vn -0.7715 0.6133 0.1692
vn -0.7463 0.6327 0.2068
vn -0.7229 0.6447 0.2485
vn -0.7021 0.6491 0.2929
vn -0.6845 0.6456 0.3388
vn -0.6706 0.6343 0.3847
vn -0.6608 0.6157 0.4292
vn -0.6555 0.5902 0.4710
vn -0.6549 0.5587 0.5089
vn -0.6588 0.5221 0.5416
vn -0.6673 0.4816 0.5682
vn -0.6800 0.4382 0.5879
vn -0.6966 0.3935 0.6000
vn -0.7165 0.3486 0.6042
vn -0.7392 0.3051 0.6004
vn -0.7639 0.2641 0.5888
vn -0.7900 0.2271 0.5695
vn -0.8166 0.1950 0.5432
vn -0.8430 0.1688 0.5108
vn -0.8682 0.1495 0.4732
vn -0.8916 0.1374 0.4316
vn -0.9124 0.1331 0.3871
vn -0.9300 0.1365 0.3413
vn -0.9439 0.1478 0.2954
vn -0.9536 0.1665 0.2508
vn -0.9589 0.1919 0.2090
vn -0.9596 0.2234 0.1711
vn -0.9556 0.2600 0.1384
vn -0.9472 0.3006 0.1118
vn -0.9345 0.3439 0.0922
vn -0.9179 0.3887 0.0800
vn -0.8860 0.4283 0.1779
vn -0.8713 0.4564 0.1804
vn -0.8553 0.4828 0.1879
vn -0.8385 0.5068 0.2004
vn -0.8213 0.5275 0.2173
vn -0.8043 0.5444 0.2382
vn -0.7880 0.5569 0.2625
vn -0.7729 0.5646 0.2894
vn -0.7595 0.5674 0.3181
vn -0.7481 0.5652 0.3477
vn -0.7392 0.5579 0.3773
vn -0.7329 0.5459 0.4061
vn -0.7295 0.5295 0.4331
vn -0.7290 0.5091 0.4575
vn -0.7316 0.4855 0.4787
vn -0.7371 0.4593 0.4958
vn -0.7452 0.4313 0.5085
vn -0.7559 0.4024 0.5164
vn -0.7688 0.3734 0.5191
vn -0.7835 0.3453 0.5167
vn -0.7995 0.3189 0.5091
vn -0.8163 0.2949 0.4967
vn -0.8335 0.2743 0.4797
vn -0.8505 0.2573 0.4588
vn -0.8668 0.2448 0.4345
vn -0.8818 0.2371 0.4076
vn -0.8953 0.2343 0.3789
vn -0.9067 0.2365 0.3493
vn -0.9156 0.2438 0.3197
vn -0.9219 0.2559 0.2909
vn -0.9253 0.2722 0.2639
vn -0.9258 0.2926 0.2395
vn -0.9232 0.3162 0.2183
vn -0.9178 0.3424 0.2012
vn -0.9095 0.3704 0.1885
vn -0.8988 0.3993 0.1806
vn -0.8669 0.4195 0.2694
vn -0.8597 0.4333 0.2705
vn -0.8518 0.4463 0.2742
vn -0.8436 0.4580 0.2803
vn -0.8352 0.4682 0.2887
vn -0.8268 0.4764 0.2990
vn -0.8188 0.4826 0.3108
vn -0.8114 0.4864 0.3240
vn -0.8048 0.4878 0.3381
vn -0.7993 0.4866 0.3526
vn -0.7948 0.4831 0.3672
vn -0.7918 0.4772 0.3813
vn -0.7901 0.4691 0.3945
vn -0.7899 0.4592 0.4065
vn -0.7911 0.4476 0.4169
vn -0.7938 0.4347 0.4253
vn -0.7978 0.4210 0.4316
vn -0.8031 0.4068 0.4354
vn -0.8094 0.3926 0.4367
vn -0.8166 0.3788 0.4355
vn -0.8244 0.3658 0.4318
vn -0.8327 0.3541 0.4257
vn -0.8411 0.3439 0.4174
vn -0.8495 0.3356 0.4071
vn -0.8574 0.3295 0.3952
vn -0.8649 0.3257 0.3820
vn -0.8714 0.3244 0.3680
vn -0.8770 0.3254 0.3534
vn -0.8814 0.3290 0.3389
vn -0.8845 0.3349 0.3248
vn -0.8862 0.3430 0.3115
vn -0.8864 0.3529 0.2995
vn -0.8852 0.3645 0.2892
vn -0.8825 0.3774 0.2807
vn -0.8784 0.3911 0.2745
vn -0.8732 0.4053 0.2707
vn 0.8415 -0.4077 -0.3545
vn -0.8415 0.4077 0.3545
vt 0.027778 0.055556
vt 0.027778 0.111111
vt 0.000000 0.111111
vt 0.000000 0.055556
vt 0.055556 0.055556
vt 0.055556 0.111111
vt 0.083333 0.055556
vt 0.083333 0.111111
vt 0.111111 0.055556
vt 0.111111 0.111111
vt 0.138889 0.055556
vt 0.138889 0.111111
vt 0.166667 0.055556
vt 0.166667 0.111111
vt 0.194444 0.055556
vt 0.194444 0.111111
vt 0.222222 0.055556
vt 0.222222 0.111111
vt 0.250000 0.055556
vt 0.250000 0.111111
vt 0.277778 0.055556
vt 0.277778 0.111111
vt 0.305556 0.055556
vt 0.305556 0.111111
vt 0.333333 0.055556
vt 0.333333 0.111111
vt 0.361111 0.055556
vt 0.361111 0.111111
vt 0.388889 0.055556
vt 0.388889 0.111111
vt 0.416667 0.055556
vt 0.416667 0.111111
vt 0.444444 0.055556
vt 0.444444 0.111111
vt 0.472222 0.055556
vt 0.472222 0.111111
vt 0.500000 0.055556
vt 0.500000 0.111111
vt 0.527778 0.055556
vt 0.527778 0.111111
vt 0.555556 0.055556
vt 0.555556 0.111111
vt 0.583333 0.055556
vt 0.583333 0.111111
vt 0.611111 0.055556
vt 0.611111 0.111111
vt 0.638889 0.055556
vt 0.638889 0.111111
vt 0.666667 0.055556
vt 0.666667 0.111111
vt 0.694444 0.055556
vt 0.694444 0.111111
vt 0.722222 0.055556
vt 0.722222 0.111111
vt 0.750000 0.055556
vt 0.750000 0.111111
vt 0.777778 0.055556
vt 0.777778 0.111111
vt 0.805556 0.055556
vt 0.805556 0.111111
vt 0.833333 0.055556
vt 0.833333 0.111111
vt 0.861111 0.055556
vt 0.861111 0.111111
vt 0.888889 0.055556
vt 0.888889 0.111111
vt 0.916667 0.055556
vt 0.916667 0.111111
vt 0.944444 0.055556
vt 0.944444 0.111111
vt 0.972222 0.055556
vt 0.972222 0.111111
vt 1.000000 0.055556
vt 1.000000 0.111111
vt 0.027778 0.166667
vt 0.000000 0.166667
vt 0.055556 0.166667
vt 0.083333 0.166667
vt 0.111111 0.166667
vt 0.138889 0.166667
vt 0.166667 0.166667
vt 0.194444 0.166667
vt 0.222222 0.166667
vt 0.250000 0.166667
vt 0.277778 0.166667
vt 0.305556 0.166667
vt 0.333333 0.166667
vt 0.361111 0.166667
vt 0.388889 0.166667
vt 0.416667 0.166667
vt 0.444444 0.166667
vt 0.472222 0.166667
vt 0.500000 0.166667
vt 0.527778 0.166667
vt 0.555556 0.166667
vt 0.583333 0.166667
vt 0.611111 0.166667
vt 0.638889 0.166667
vt 0.666667 0.166667
vt 0.694444 0.166667
vt 0.722222 0.166667
vt 0.750000 0.166667
vt 0.777778 0.166667
vt 0.805556 0.166667
vt 0.833333 0.166667
vt 0.861111 0.166667
vt 0.888889 0.166667
vt 0.916667 0.166667
vt 0.944444 0.166667
vt 0.972222 0.166667
vt 1.000000 0.166667
vt 0.027778 0.222222
vt 0.000000 0.222222
vt 0.055556 0.222222
vt 0.083333 0.222222
vt 0.111111 0.222222
vt 0.138889 0.222222
vt 0.166667 0.222222
vt 0.194444 0.222222
vt 0.222222 0.222222
vt 0.250000 0.222222
vt 0.277778 0.222222
vt 0.305556 0.222222
vt 0.333333 0.222222
vt 0.361111 0.222222
vt 0.388889 0.222222
vt 0.416667 0.222222
vt 0.444444 0.222222
vt 0.472222 0.222222
vt 0.500000 0.222222
vt 0.527778 0.222222
vt 0.555556 0.222222
vt 0.583333 0.222222
vt 0.611111 0.222222
vt 0.638889 0.222222
vt 0.666667 0.222222
vt 0.694444 0.222222
vt 0.722222 0.222222
vt 0.750000 0.222222
vt 0.777778 0.222222
vt 0.805556 0.222222
vt 0.833333 0.222222
vt 0.861111 0.222222
vt 0.888889 0.222222
vt 0.916667 0.222222
vt 0.944444 0.222222
vt 0.972222 0.222222
vt 1.000000 0.222222
vt 0.027778 0.277778
vt 0.000000 0.277778
vt 0.055556 0.277778
vt 0.083333 0.277778
vt 0.111111 0.277778
vt 0.138889 0.277778
vt 0.166667 0.277778
vt 0.194444 0.277778
vt 0.222222 0.277778
vt 0.250000 0.277778
vt 0.277778 0.277778
vt 0.305556 0.277778
vt 0.333333 0.277778
vt 0.361111 0.277778
vt 0.388889 0.277778
vt 0.416667 0.277778
vt 0.444444 0.277778
vt 0.472222 0.277778
vt 0.500000 0.277778
vt 0.527778 0.277778
vt 0.555556 0.277778
vt 0.583333 0.277778
vt 0.611111 0.277778
vt 0.638889 0.277778
vt 0.666667 0.277778
vt 0.694444 0.277778
vt 0.722222 0.277778
vt 0.750000 0.277778
vt 0.777778 0.277778
vt 0.805556 0.277778
vt 0.833333 0.277778
vt 0.861111 0.277778
vt 0.888889 0.277778
vt 0.916667 0.277778
vt 0.944444 0.277778
vt 0.972222 0.277778
vt 1.000000 0.277778
vt 0.027778 0.333333
vt 0.000000 0.333333
vt 0.055556 0.333333
vt 0.083333 0.333333
vt 0.111111 0.333333
vt 0.138889 0.333333
vt 0.166667 0.333333
vt 0.194444 0.333333
vt 0.222222 0.333333
vt 0.250000 0.333333
vt 0.277778 0.333333
vt 0.305556 0.333333
vt 0.333333 0.333333
vt 0.361111 0.333333
vt 0.388889 0.333333
vt 0.416667 0.333333
vt 0.444444 0.333333
vt 0.472222 0.333333
vt 0.500000 0.333333
vt 0.527778 0.333333
vt 0.555556 0.333333
vt 0.583333 0.333333
vt 0.611111 0.333333
vt 0.638889 0.333333
vt 0.666667 0.333333
vt 0.694444 0.333333
vt 0.722222 0.333333
vt 0.750000 0.333333
vt 0.777778 0.333333
vt 0.805556 0.333333
vt 0.833333 0.333333
vt 0.861111 0.333333
vt 0.888889 0.333333
vt 0.916667 0.333333
vt 0.944444 0.333333
vt 0.972222 0.333333
vt 1.000000 0.333333
vt 0.027778 0.388889
vt 0.000000 0.388889
vt 0.055556 0.388889
vt 0.083333 0.388889
vt 0.111111 0.388889
vt 0.138889 0.388889
vt 0.166667 0.388889
vt 0.194444 0.388889
vt 0.222222 0.388889
vt 0.250000 0.388889
vt 0.277778 0.388889
vt 0.305556 0.388889
vt 0.333333 0.388889
vt 0.361111 0.388889
vt 0.388889 0.388889
vt 0.416667 0.388889
vt 0.444444 0.388889
vt 0.472222 0.388889
vt 0.500000 0.388889
vt 0.527778 0.388889
vt 0.555556 0.388889
vt 0.583333 0.388889
vt 0.611111 0.388889
vt 0.638889 0.388889
vt 0.666667 0.388889
vt 0.694444 0.388889
vt 0.722222 0.388889
vt 0.750000 0.388889
vt 0.777778 0.388889
vt 0.805556 0.388889
vt 0.833333 0.388889
vt 0.861111 0.388889
vt 0.888889 0.388889
vt 0.916667 0.388889
vt 0.944444 0.388889
vt 0.972222 0.388889
vt 1.000000 0.388889
vt 0.027778 0.444444
vt 0.000000 0.444444
vt 0.055556 0.444444
vt 0.083333 0.444444
vt 0.111111 0.444444
vt 0.138889 0.444444
vt 0.166667 0.444444
vt 0.194444 0.444444
vt 0.222222 0.444444
vt 0.250000 0.444444
vt 0.277778 0.444444
vt 0.305556 0.444444
vt 0.333333 0.444444
vt 0.361111 0.444444
vt 0.388889 0.444444
vt 0.416667 0.444444
vt 0.444444 0.444444
vt 0.472222 0.444444
vt 0.500000 0.444444
vt 0.527778 0.444444
vt 0.555556 0.444444
vt 0.583333 0.444444
vt 0.611111 0.444444
vt 0.638889 0.444444
vt 0.666667 0.444444
vt 0.694444 0.444444
vt 0.722222 0.444444
vt 0.750000 0.444444
vt 0.777778 0.444444
vt 0.805556 0.444444
vt 0.833333 0.444444
vt 0.861111 0.444444
vt 0.888889 0.444444
vt 0.916667 0.444444
vt 0.944444 0.444444
vt 0.972222 0.444444
vt 1.000000 0.444444
vt 0.027778 0.500000
vt 0.000000 0.500000
vt 0.055556 0.500000
vt 0.083333 0.500000
vt 0.111111 0.500000
vt 0.138889 0.500000
vt 0.166667 0.500000
vt 0.194444 0.500000
vt 0.222222 0.500000
vt 0.250000 0.500000
vt 0.277778 0.500000
vt 0.305556 0.500000
vt 0.333333 0.500000
vt 0.361111 0.500000
vt 0.388889 0.500000
vt 0.416667 0.500000
vt 0.444444 0.500000
vt 0.472222 0.500000
vt 0.500000 0.500000
vt 0.527778 0.500000
vt 0.555556 0.500000
vt 0.583333 0.500000
vt 0.611111 0.500000
vt 0.638889 0.500000
vt 0.666667 0.500000
vt 0.694444 0.500000
vt 0.722222 0.500000
vt 0.750000 0.500000
vt 0.777778 0.500000
vt 0.805556 0.500000
vt 0.833333 0.500000
vt 0.861111 0.500000
vt 0.888889 0.500000
vt 0.916667 0.500000
vt 0.944444 0.500000
vt 0.972222 0.500000
vt 1.000000 0.500000
vt 0.027778 0.555556
vt 0.000000 0.555556
vt 0.055556 0.555556
vt 0.083333 0.555556
vt 0.111111 0.555556
vt 0.138889 0.555556
vt 0.166667 0.555556
vt 0.194444 0.555556
vt 0.222222 0.555556
vt 0.250000 0.555556
vt 0.277778 0.555556
vt 0.305556 0.555556
vt 0.333333 0.555556
vt 0.361111 0.555556
vt 0.388889 0.555556
vt 0.416667 0.555556
vt 0.444444 0.555556
vt 0.472222 0.555556
vt 0.500000 0.555556
vt 0.527778 0.555556
vt 0.555556 0.555556
vt 0.583333 0.555556
vt 0.611111 0.555556
vt 0.638889 0.555556
vt 0.666667 0.555556
vt 0.694444 0.555556
vt 0.722222 0.555556
vt 0.750000 0.555556
vt 0.777778 0.555556
vt 0.805556 0.555556
vt 0.833333 0.555556
vt 0.861111 0.555556
vt 0.888889 0.555556
vt 0.916667 0.555556
vt 0.944444 0.555556
vt 0.972222 0.555556
vt 1.000000 0.555556
vt 0.027778 0.611111
vt 0.000000 0.611111
vt 0.055556 0.611111
vt 0.083333 0.611111
vt 0.111111 0.611111
vt 0.138889 0.611111
vt 0.166667 0.611111
vt 0.194444 0.611111
vt 0.222222 0.611111
vt 0.250000 0.611111
vt 0.277778 0.611111
vt 0.305556 0.611111
vt 0.333333 0.611111
vt 0.361111 0.611111
vt 0.388889 0.611111
vt 0.416667 0.611111
vt 0.444444 0.611111
vt 0.472222 0.611111
vt 0.500000 0.611111
vt 0.527778 0.611111
vt 0.555556 0.611111
vt 0.583333 0.611111
vt 0.611111 0.611111
vt 0.638889 0.611111
vt 0.666667 0.611111
vt 0.694444 0.611111
vt 0.722222 0.611111
vt 0.750000 0.611111
vt 0.777778 0.611111
vt 0.805556 0.611111
vt 0.833333 0.611111
vt 0.861111 0.611111
vt 0.888889 0.611111
vt 0.916667 0.611111
vt 0.944444 0.611111
vt 0.972222 0.611111
vt 1.000000 0.611111
vt 0.027778 0.666667
vt 0.000000 0.666667
vt 0.055556 0.666667
vt 0.083333 0.666667
vt 0.111111 0.666667
vt 0.138889 0.666667
vt 0.166667 0.666667
vt 0.194444 0.666667
vt 0.222222 0.666667
vt 0.250000 0.666667
vt 0.277778 0.666667
vt 0.305556 0.666667
vt 0.333333 0.666667
vt 0.361111 0.666667
vt 0.388889 0.666667
vt 0.416667 0.666667
vt 0.444444 0.666667
vt 0.472222 0.666667
vt 0.500000 0.666667
vt 0.527778 0.666667
vt 0.555556 0.666667
vt 0.583333 0.666667
vt 0.611111 0.666667
vt 0.638889 0.666667
vt 0.666667 0.666667
vt 0.694444 0.666667
vt 0.722222 0.666667
vt 0.750000 0.666667
vt 0.777778 0.666667
vt 0.805556 0.666667
vt 0.833333 0.666667
vt 0.861111 0.666667
vt 0.888889 0.666667
vt 0.916667 0.666667
vt 0.944444 0.666667
vt 0.972222 0.666667
vt 1.000000 0.666667
vt 0.027778 0.722222
vt 0.000000 0.722222
vt 0.055556 0.722222
vt 0.083333 0.722222
vt 0.111111 0.722222
vt 0.138889 0.722222
vt 0.166667 0.722222
vt 0.194444 0.722222
vt 0.222222 0.722222
vt 0.250000 0.722222
vt 0.277778 0.722222
vt 0.305556 0.722222
vt 0.333333 0.722222
vt 0.361111 0.722222
vt 0.388889 0.722222
vt 0.416667 0.722222
vt 0.444444 0.722222
vt 0.472222 0.722222
vt 0.500000 0.722222
vt 0.527778 0.722222
vt 0.555556 0.722222
vt 0.583333 0.722222
vt 0.611111 0.722222
vt 0.638889 0.722222
vt 0.666667 0.722222
vt 0.694444 0.722222
vt 0.722222 0.722222
vt 0.750000 0.722222
vt 0.777778 0.722222
vt 0.805556 0.722222
vt 0.833333 0.722222
vt 0.861111 0.722222
vt 0.888889 0.722222
vt 0.916667 0.722222
vt 0.944444 0.722222
vt 0.972222 0.722222
vt 1.000000 0.722222
vt 0.027778 0.777778
vt 0.000000 0.777778
vt 0.055556 0.777778
vt 0.083333 0.777778
vt 0.111111 0.777778
vt 0.138889 0.777778
vt 0.166667 0.777778
vt 0.194444 0.777778
vt 0.222222 0.777778
vt 0.250000 0.777778
vt 0.277778 0.777778
vt 0.305556 0.777778
vt 0.333333 0.777778
vt 0.361111 0.777778
vt 0.388889 0.777778
vt 0.416667 0.777778
vt 0.444444 0.777778
vt 0.472222 0.777778
vt 0.500000 0.777778
vt 0.527778 0.777778
vt 0.555556 0.777778
vt 0.583333 0.777778
vt 0.611111 0.777778
vt 0.638889 0.777778
vt 0.666667 0.777778
vt 0.694444 0.777778
vt 0.722222 0.777778
vt 0.750000 0.777778
vt 0.777778 0.777778
vt 0.805556 0.777778
vt 0.833333 0.777778
vt 0.861111 0.777778
vt 0.888889 0.777778
vt 0.916667 0.777778
vt 0.944444 0.777778
vt 0.972222 0.777778
vt 1.000000 0.777778
vt 0.027778 0.833333
vt 0.000000 0.833333
vt 0.055556 0.833333
vt 0.083333 0.833333
vt 0.111111 0.833333
vt 0.138889 0.833333
vt 0.166667 0.833333
vt 0.194444 0.833333
vt 0.222222 0.833333
vt 0.250000 0.833333
vt 0.277778 0.833333
vt 0.305556 0.833333
vt 0.333333 0.833333
vt 0.361111 0.833333
vt 0.388889 0.833333
vt 0.416667 0.833333
vt 0.444444 0.833333
vt 0.472222 0.833333
vt 0.500000 0.833333
vt 0.527778 0.833333
vt 0.555556 0.833333
vt 0.583333 0.833333
vt 0.611111 0.833333
vt 0.638889 0.833333
vt 0.666667 0.833333
vt 0.694444 0.833333
vt 0.722222 0.833333
vt 0.750000 0.833333
vt 0.777778 0.833333
vt 0.805556 0.833333
vt 0.833333 0.833333
vt 0.861111 0.833333
vt 0.888889 0.833333
vt 0.916667 0.833333
vt 0.944444 0.833333
vt 0.972222 0.833333
vt 1.000000 0.833333
vt 0.027778 0.888889
vt 0.000000 0.888889
vt 0.055556 0.888889
vt 0.083333 0.888889
vt 0.111111 0.888889
vt 0.138889 0.888889
vt 0.166667 0.888889
vt 0.194444 0.888889
vt 0.222222 0.888889
vt 0.250000 0.888889
vt 0.277778 0.888889
vt 0.305556 0.888889
vt 0.333333 0.888889
vt 0.361111 0.888889
vt 0.388889 0.888889
vt 0.416667 0.888889
vt 0.444444 0.888889
vt 0.472222 0.888889
vt 0.500000 0.888889
vt 0.527778 0.888889
vt 0.555556 0.888889
vt 0.583333 0.888889
vt 0.611111 0.888889
vt 0.638889 0.888889
vt 0.666667 0.888889
vt 0.694444 0.888889
vt 0.722222 0.888889
vt 0.750000 0.888889
vt 0.777778 0.888889
vt 0.805556 0.888889
vt 0.833333 0.888889
vt 0.861111 0.888889
vt 0.888889 0.888889
vt 0.916667 0.888889
vt 0.944444 0.888889
vt 0.972222 0.888889
vt 1.000000 0.888889
vt 0.027778 0.944444
vt 0.000000 0.944444
vt 0.055556 0.944444
vt 0.083333 0.944444
vt 0.111111 0.944444
vt 0.138889 0.944444
vt 0.166667 0.944444
vt 0.194444 0.944444
vt 0.222222 0.944444
vt 0.250000 0.944444
vt 0.277778 0.944444
vt 0.305556 0.944444
vt 0.333333 0.944444
vt 0.361111 0.944444
vt 0.388889 0.944444
vt 0.416667 0.944444
vt 0.444444 0.944444
vt 0.472222 0.944444
vt 0.500000 0.944444
vt 0.527778 0.944444
vt 0.555556 0.944444
vt 0.583333 0.944444
vt 0.611111 0.944444
vt 0.638889 0.944444
vt 0.666667 0.944444
vt 0.694444 0.944444
vt 0.722222 0.944444
vt 0.750000 0.944444
vt 0.777778 0.944444
vt 0.805556 0.944444
vt 0.833333 0.944444
vt 0.861111 0.944444
vt 0.888889 0.944444
vt 0.916667 0.944444
vt 0.944444 0.944444
vt 0.972222 0.944444
vt 1.000000 0.944444
vt 0.000000 0.000000
vt 0.000000 1.000000
vt 0.027778 0.000000
vt 0.027778 1.000000
vt 0.055556 0.000000
vt 0.055556 1.000000
vt 0.083333 0.000000
vt 0.083333 1.000000
vt 0.111111 0.000000
vt 0.111111 1.000000
vt 0.138889 0.000000
vt 0.138889 1.000000
vt 0.166667 0.000000
vt 0.166667 1.000000
vt 0.194444 0.000000
vt 0.194444 1.000000
vt 0.222222 0.000000
vt 0.222222 1.000000
vt 0.250000 0.000000
vt 0.250000 1.000000
vt 0.277778 0.000000
vt 0.277778 1.000000
vt 0.305556 0.000000
vt 0.305556 1.000000
vt 0.333333 0.000000
vt 0.333333 1.000000
vt 0.361111 0.000000
vt 0.361111 1.000000
vt 0.388889 0.000000
vt 0.388889 1.000000
vt 0.416667 0.000000
vt 0.416667 1.000000
vt 0.444444 0.000000
vt 0.444444 1.000000
vt 0.472222 0.000000
vt 0.472222 1.000000
vt 0.500000 0.000000
vt 0.500000 1.000000
vt 0.527778 0.000000
vt 0.527778 1.000000
vt 0.555556 0.000000
vt 0.555556 1.000000
vt 0.583333 0.000000
vt 0.583333 1.000000
vt 0.611111 0.000000
vt 0.611111 1.000000
vt 0.638889 0.000000
vt 0.638889 1.000000
vt 0.666667 0.000000
vt 0.666667 1.000000
vt 0.694444 0.000000
vt 0.694444 1.000000
vt 0.722222 0.000000
vt 0.722222 1.000000
vt 0.750000 0.000000
vt 0.750000 1.000000
vt 0.777778 0.000000
vt 0.777778 1.000000
vt 0.805556 0.000000
vt 0.805556 1.000000
vt 0.833333 0.000000
vt 0.833333 1.000000
vt 0.861111 0.000000
vt 0.861111 1.000000
vt 0.888889 0.000000
vt 0.888889 1.000000
vt 0.916667 0.000000
vt 0.916667 1.000000
vt 0.944444 0.000000
vt 0.944444 1.000000
vt 0.972222 0.000000
vt 0.972222 1.000000
s 1
usemtl GrünBlau
f 1794/1052/1791 1830/1053/1792 1829/1054/1793 1793/1055/1794
f 1795/1056/1795 1831/1057/1796 1830/1053/1792 1794/1052/1791
f 1796/1058/1797 1832/1059/1798 1831/1057/1796 1795/1056/1795
f 1797/1060/1799 1833/1061/1800 1832/1059/1798 1796/1058/1797
f 1798/1062/1801 1834/1063/1802 1833/1061/1800 1797/1060/1799
f 1799/1064/1803 1835/1065/1804 1834/1063/1802 1798/1062/1801
f 1800/1066/1805 1836/1067/1806 1835/1065/1804 1799/1064/1803
f 1801/1068/1807 1837/1069/1808 1836/1067/1806 1800/1066/1805
f 1802/1070/1809 1838/1071/1810 1837/1069/1808 1801/1068/1807
f 1803/1072/1811 1839/1073/1812 1838/1071/1810 1802/1070/1809
f 1804/1074/1813 1840/1075/1814 1839/1073/1812 1803/1072/1811
f 1805/1076/1815 1841/1077/1816 1840/1075/1814 1804/1074/1813
f 1806/1078/1817 1842/1079/1818 1841/1077/1816 1805/1076/1815
f 1807/1080/1819 1843/1081/1820 1842/1079/1818 1806/1078/1817
f 1808/1082/1821 1844/1083/1822 1843/1081/1820 1807/1080/1819
f 1809/1084/1823 1845/1085/1824 1844/1083/1822 1808/1082/1821
f 1810/1086/1825 1846/1087/1826 1845/1085/1824 1809/1084/1823
f 1811/1088/1827 1847/1089/1828 1846/1087/1826 1810/1086/1825
f 1812/1090/1829 1848/1091/1830 1847/1089/1828 1811/1088/1827
f 1813/1092/1831 1849/1093/1832 1848/1091/1830 1812/1090/1829
f 1814/1094/1833 1850/1095/1834 1849/1093/1832 1813/1092/1831
f 1815/1096/1835 1851/1097/1836 1850/1095/1834 1814/1094/1833
f 1816/1098/1837 1852/1099/1838 1851/1097/1836 1815/1096/1835
f 1817/1100/1839 1853/1101/1840 1852/1099/1838 1816/1098/1837
f 1818/1102/1841 1854/1103/1842 1853/1101/1840 1817/1100/1839
f 1819/1104/1843 1855/1105/1844 1854/1103/1842 1818/1102/1841
f 1820/1106/1845 1856/1107/1846 1855/1105/1844 1819/1104/1843
f 1821/1108/1847 1857/1109/1848 1856/1107/1846 1820/1106/1845
f 1822/1110/1849 1858/1111/1850 1857/1109/1848 1821/1108/1847
f 1823/1112/1851 1859/1113/1852 1858/1111/1850 1822/1110/1849
f 1824/1114/1853 1860/1115/1854 1859/1113/1852 1823/1112/1851
f 1825/1116/1855 1861/1117/1856 1860/1115/1854 1824/1114/1853
f 1826/1118/1857 1862/1119/1858 1861/1117/1856 1825/1116/1855
f 1827/1120/1859 1863/1121/1860 1862/1119/1858 1826/1118/1857
f 1828/1122/1861 1864/1123/1862 1863/1121/1860 1827/1120/1859
f 1793/1124/1794 1829/1125/1793 1864/1123/1862 1828/1122/1861
f 1830/1053/1792 1866/1126/1863 1865/1127/1864 1829/1054/1793
f 1831/1057/1796 1867/1128/1865 1866/1126/1863 1830/1053/1792
f 1832/1059/1798 1868/1129/1866 1867/1128/1865 1831/1057/1796
f 1833/1061/1800 1869/1130/1867 1868/1129/1866 1832/1059/1798
f 1834/1063/1802 1870/1131/1868 1869/1130/1867 1833/1061/1800
f 1835/1065/1804 1871/1132/1869 1870/1131/1868 1834/1063/1802
f 1836/1067/1806 1872/1133/1870 1871/1132/1869 1835/1065/1804
f 1837/1069/1808 1873/1134/1871 1872/1133/1870 1836/1067/1806
f 1838/1071/1810 1874/1135/1872 1873/1134/1871 1837/1069/1808
f 1839/1073/1812 1875/1136/1873 1874/1135/1872 1838/1071/1810
f 1840/1075/1814 1876/1137/1874 1875/1136/1873 1839/1073/1812
f 1841/1077/1816 1877/1138/1875 1876/1137/1874 1840/1075/1814
f 1842/1079/1818 1878/1139/1876 1877/1138/1875 1841/1077/1816
f 1843/1081/1820 1879/1140/1877 1878/1139/1876 1842/1079/1818
f 1844/1083/1822 1880/1141/1878 1879/1140/1877 1843/1081/1820
f 1845/1085/1824 1881/1142/1879 1880/1141/1878 1844/1083/1822
f 1846/1087/1826 1882/1143/1880 1881/1142/1879 1845/1085/1824
f 1847/1089/1828 1883/1144/1881 1882/1143/1880 1846/1087/1826
f 1848/1091/1830 1884/1145/1882 1883/1144/1881 1847/1089/1828
f 1849/1093/1832 1885/1146/1883 1884/1145/1882 1848/1091/1830
f 1850/1095/1834 1886/1147/1884 1885/1146/1883 1849/1093/1832
f 1851/1097/1836 1887/1148/1885 1886/1147/1884 1850/1095/1834
f 1852/1099/1838 1888/1149/1886 1887/1148/1885 1851/1097/1836
f 1853/1101/1840 1889/1150/1887 1888/1149/1886 1852/1099/1838
f 1854/1103/1842 1890/1151/1888 1889/1150/1887 1853/1101/1840
f 1855/1105/1844 1891/1152/1889 1890/1151/1888 1854/1103/1842
f 1856/1107/1846 1892/1153/1890 1891/1152/1889 1855/1105/1844
f 1857/1109/1848 1893/1154/1891 1892/1153/1890 1856/1107/1846
f 1858/1111/1850 1894/1155/1892 1893/1154/1891 1857/1109/1848
f 1859/1113/1852 1895/1156/1893 1894/1155/1892 1858/1111/1850
f 1860/1115/1854 1896/1157/1894 1895/1156/1893 1859/1113/1852
f 1861/1117/1856 1897/1158/1895 1896/1157/1894 1860/1115/1854
f 1862/1119/1858 1898/1159/1896 1897/1158/1895 1861/1117/1856
f 1863/1121/1860 1899/1160/1897 1898/1159/1896 1862/1119/1858
f 1864/1123/1862 1900/1161/1898 1899/1160/1897 1863/1121/1860
f 1829/1125/1793 1865/1162/1864 1900/1161/1898 1864/1123/1862
f 1866/1126/1863 1902/1163/1899 1901/1164/1900 1865/1127/1864
f 1867/1128/1865 1903/1165/1901 1902/1163/1899 1866/1126/1863
f 1868/1129/1866 1904/1166/1902 1903/1165/1901 1867/1128/1865
f 1869/1130/1867 1905/1167/1903 1904/1166/1902 1868/1129/1866
f 1870/1131/1868 1906/1168/1904 1905/1167/1903 1869/1130/1867
f 1871/1132/1869 1907/1169/1905 1906/1168/1904 1870/1131/1868
f 1872/1133/1870 1908/1170/1906 1907/1169/1905 1871/1132/1869
f 1873/1134/1871 1909/1171/1907 1908/1170/1906 1872/1133/1870
f 1874/1135/1872 1910/1172/1908 1909/1171/1907 1873/1134/1871
f 1875/1136/1873 1911/1173/1909 1910/1172/1908 1874/1135/1872
f 1876/1137/1874 1912/1174/1910 1911/1173/1909 1875/1136/1873
f 1877/1138/1875 1913/1175/1911 1912/1174/1910 1876/1137/1874
f 1878/1139/1876 1914/1176/1912 1913/1175/1911 1877/1138/1875
f 1879/1140/1877 1915/1177/1913 1914/1176/1912 1878/1139/1876
f 1880/1141/1878 1916/1178/1914 1915/1177/1913 1879/1140/1877
f 1881/1142/1879 1917/1179/1915 1916/1178/1914 1880/1141/1878
f 1882/1143/1880 1918/1180/1916 1917/1179/1915 1881/1142/1879
f 1883/1144/1881 1919/1181/1917 1918/1180/1916 1882/1143/1880
f 1884/1145/1882 1920/1182/1918 1919/1181/1917 1883/1144/1881
f 1885/1146/1883 1921/1183/1919 1920/1182/1918 1884/1145/1882
f 1886/1147/1884 1922/1184/1920 1921/1183/1919 1885/1146/1883
f 1887/1148/1885 1923/1185/1921 1922/1184/1920 1886/1147/1884
f 1888/1149/1886 1924/1186/1922 1923/1185/1921 1887/1148/1885
f 1889/1150/1887 1925/1187/1923 1924/1186/1922 1888/1149/1886
f 1890/1151/1888 1926/1188/1924 1925/1187/1923 1889/1150/1887
f 1891/1152/1889 1927/1189/1925 1926/1188/1924 1890/1151/1888
f 1892/1153/1890 1928/1190/1926 1927/1189/1925 1891/1152/1889
f 1893/1154/1891 1929/1191/1927 1928/1190/1926 1892/1153/1890
f 1894/1155/1892 1930/1192/1928 1929/1191/1927 1893/1154/1891
f 1895/1156/1893 1931/1193/1929 1930/1192/1928 1894/1155/1892
f 1896/1157/1894 1932/1194/1930 1931/1193/1929 1895/1156/1893
f 1897/1158/1895 1933/1195/1931 1932/1194/1930 1896/1157/1894
f 1898/1159/1896 1934/1196/1932 1933/1195/1931 1897/1158/1895
f 1899/1160/1897 1935/1197/1933 1934/1196/1932 1898/1159/1896
f 1900/1161/1898 1936/1198/1934 1935/1197/1933 1899/1160/1897
f 1865/1162/1864 1901/1199/1900 1936/1198/1934 1900/1161/1898
f 1902/1163/1899 1938/1200/1935 1937/1201/1936 1901/1164/1900
f 1903/1165/1901 1939/1202/1937 1938/1200/1935 1902/1163/1899
f 1904/1166/1902 1940/1203/1938 1939/1202/1937 1903/1165/1901
f 1905/1167/1903 1941/1204/1939 1940/1203/1938 1904/1166/1902
f 1906/1168/1904 1942/1205/1940 1941/1204/1939 1905/1167/1903
f 1907/1169/1905 1943/1206/1941 1942/1205/1940 1906/1168/1904
f 1908/1170/1906 1944/1207/1942 1943/1206/1941 1907/1169/1905
f 1909/1171/1907 1945/1208/1943 1944/1207/1942 1908/1170/1906
f 1910/1172/1908 1946/1209/1944 1945/1208/1943 1909/1171/1907
f 1911/1173/1909 1947/1210/1945 1946/1209/1944 1910/1172/1908
f 1912/1174/1910 1948/1211/1946 1947/1210/1945 1911/1173/1909
f 1913/1175/1911 1949/1212/1947 1948/1211/1946 1912/1174/1910
f 1914/1176/1912 1950/1213/1948 1949/1212/1947 1913/1175/1911
f 1915/1177/1913 1951/1214/1949 1950/1213/1948 1914/1176/1912
f 1916/1178/1914 1952/1215/1950 1951/1214/1949 1915/1177/1913
f 1917/1179/1915 1953/1216/1951 1952/1215/1950 1916/1178/1914
f 1918/1180/1916 1954/1217/1952 1953/1216/1951 1917/1179/1915
f 1919/1181/1917 1955/1218/1953 1954/1217/1952 1918/1180/1916
f 1920/1182/1918 1956/1219/1954 1955/1218/1953 1919/1181/1917
f 1921/1183/1919 1957/1220/1955 1956/1219/1954 1920/1182/1918
f 1922/1184/1920 1958/1221/1956 1957/1220/1955 1921/1183/1919
f 1923/1185/1921 1959/1222/1957 1958/1221/1956 1922/1184/1920
f 1924/1186/1922 1960/1223/1958 1959/1222/1957 1923/1185/1921
f 1925/1187/1923 1961/1224/1959 1960/1223/1958 1924/1186/1922
f 1926/1188/1924 1962/1225/1960 1961/1224/1959 1925/1187/1923
f 1927/1189/1925 1963/1226/1961 1962/1225/1960 1926/1188/1924
f 1928/1190/1926 1964/1227/1962 1963/1226/1961 1927/1189/1925
f 1929/1191/1927 1965/1228/1963 1964/1227/1962 1928/1190/1926
f 1930/1192/1928 1966/1229/1964 1965/1228/1963 1929/1191/1927
f 1931/1193/1929 1967/1230/1965 1966/1229/1964 1930/1192/1928
f 1932/1194/1930 1968/1231/1966 1967/1230/1965 1931/1193/1929
f 1933/1195/1931 1969/1232/1967 1968/1231/1966 1932/1194/1930
f 1934/1196/1932 1970/1233/1968 1969/1232/1967 1933/1195/1931
f 1935/1197/1933 1971/1234/1969 1970/1233/1968 1934/1196/1932
f 1936/1198/1934 1972/1235/1970 1971/1234/1969 1935/1197/1933
f 1901/1199/1900 1937/1236/1936 1972/1235/1970 1936/1198/1934
f 1938/1200/1935 1974/1237/1971 1973/1238/1972 1937/1201/1936
f 1939/1202/1937 1975/1239/1973 1974/1237/1971 1938/1200/1935
f 1940/1203/1938 1976/1240/1974 1975/1239/1973 1939/1202/1937
f 1941/1204/1939 1977/1241/1975 1976/1240/1974 1940/1203/1938
f 1942/1205/1940 1978/1242/1976 1977/1241/1975 1941/1204/1939
f 1943/1206/1941 1979/1243/1977 1978/1242/1976 1942/1205/1940
f 1944/1207/1942 1980/1244/1978 1979/1243/1977 1943/1206/1941
f 1945/1208/1943 1981/1245/1979 1980/1244/1978 1944/1207/1942
f 1946/1209/1944 1982/1246/1980 1981/1245/1979 1945/1208/1943
f 1947/1210/1945 1983/1247/1981 1982/1246/1980 1946/1209/1944
f 1948/1211/1946 1984/1248/1982 1983/1247/1981 1947/1210/1945
f 1949/1212/1947 1985/1249/1983 1984/1248/1982 1948/1211/1946
f 1950/1213/1948 1986/1250/1984 1985/1249/1983 1949/1212/1947
f 1951/1214/1949 1987/1251/1985 1986/1250/1984 1950/1213/1948
f 1952/1215/1950 1988/1252/1986 1987/1251/1985 1951/1214/1949
f 1953/1216/1951 1989/1253/1987 1988/1252/1986 1952/1215/1950
f 1954/1217/1952 1990/1254/1988 1989/1253/1987 1953/1216/1951
f 1955/1218/1953 1991/1255/1989 1990/1254/1988 1954/1217/1952
f 1956/1219/1954 1992/1256/1990 1991/1255/1989 1955/1218/1953
f 1957/1220/1955 1993/1257/1991 1992/1256/1990 1956/1219/1954
f 1958/1221/1956 1994/1258/1992 1993/1257/1991 1957/1220/1955
f 1959/1222/1957 1995/1259/1993 1994/1258/1992 1958/1221/1956
f 1960/1223/1958 1996/1260/1994 1995/1259/1993 1959/1222/1957
f 1961/1224/1959 1997/1261/1995 1996/1260/1994 1960/1223/1958
f 1962/1225/1960 1998/1262/1996 1997/1261/1995 1961/1224/1959
f 1963/1226/1961 1999/1263/1997 1998/1262/1996 1962/1225/1960
f 1964/1227/1962 2000/1264/1998 1999/1263/1997 1963/1226/1961
f 1965/1228/1963 2001/1265/1999 2000/1264/1998 1964/1227/1962
f 1966/1229/1964 2002/1266/2000 2001/1265/1999 1965/1228/1963
f 1967/1230/1965 2003/1267/2001 2002/1266/2000 1966/1229/1964
f 1968/1231/1966 2004/1268/2002 2003/1267/2001 1967/1230/1965
f 1969/1232/1967 2005/1269/2003 2004/1268/2002 1968/1231/1966
f 1970/1233/1968 2006/1270/2004 2005/1269/2003 1969/1232/1967
f 1971/1234/1969 2007/1271/2005 2006/1270/2004 1970/1233/1968
f 1972/1235/1970 2008/1272/2006 2007/1271/2005 1971/1234/1969
f 1937/1236/1936 1973/1273/1972 2008/1272/2006 1972/1235/1970
f 1974/1237/1971 2010/1274/2007 2009/1275/2008 1973/1238/1972
f 1975/1239/1973 2011/1276/2009 2010/1274/2007 1974/1237/1971
f 1976/1240/1974 2012/1277/2010 2011/1276/2009 1975/1239/1973
f 1977/1241/1975 2013/1278/2011 2012/1277/2010 1976/1240/1974
f 1978/1242/1976 2014/1279/2012 2013/1278/2011 1977/1241/1975
f 1979/1243/1977 2015/1280/2013 2014/1279/2012 1978/1242/1976
f 1980/1244/1978 2016/1281/2014 2015/1280/2013 1979/1243/1977
f 1981/1245/1979 2017/1282/2015 2016/1281/2014 1980/1244/1978
f 1982/1246/1980 2018/1283/2016 2017/1282/2015 1981/1245/1979
f 1983/1247/1981 2019/1284/2017 2018/1283/2016 1982/1246/1980
f 1984/1248/1982 2020/1285/2018 2019/1284/2017 1983/1247/1981
f 1985/1249/1983 2021/1286/2019 2020/1285/2018 1984/1248/1982
f 1986/1250/1984 2022/1287/2020 2021/1286/2019 1985/1249/1983
f 1987/1251/1985 2023/1288/2021 2022/1287/2020 1986/1250/1984
f 1988/1252/1986 2024/1289/2022 2023/1288/2021 1987/1251/1985
f 1989/1253/1987 2025/1290/2023 2024/1289/2022 1988/1252/1986
f 1990/1254/1988 2026/1291/2024 2025/1290/2023 1989/1253/1987
f 1991/1255/1989 2027/1292/2025 2026/1291/2024 1990/1254/1988
f 1992/1256/1990 2028/1293/2026 2027/1292/2025 1991/1255/1989
f 1993/1257/1991 2029/1294/2027 2028/1293/2026 1992/1256/1990
f 1994/1258/1992 2030/1295/2028 2029/1294/2027 1993/1257/1991
f 1995/1259/1993 2031/1296/2029 2030/1295/2028 1994/1258/1992
f 1996/1260/1994 2032/1297/2030 2031/1296/2029 1995/1259/1993
f 1997/1261/1995 2033/1298/2031 2032/1297/2030 1996/1260/1994
f 1998/1262/1996 2034/1299/2032 2033/1298/2031 1997/1261/1995
f 1999/1263/1997 2035/1300/2033 2034/1299/2032 1998/1262/1996
f 2000/1264/1998 2036/1301/2034 2035/1300/2033 1999/1263/1997
f 2001/1265/1999 2037/1302/2035 2036/1301/2034 2000/1264/1998
f 2002/1266/2000 2038/1303/2036 2037/1302/2035 2001/1265/1999
f 2003/1267/2001 2039/1304/2037 2038/1303/2036 2002/1266/2000
f 2004/1268/2002 2040/1305/2038 2039/1304/2037 2003/1267/2001
f 2005/1269/2003 2041/1306/2039 2040/1305/2038 2004/1268/2002
f 2006/1270/2004 2042/1307/2040 2041/1306/2039 2005/1269/2003
f 2007/1271/2005 2043/1308/2041 2042/1307/2040 2006/1270/2004
f 2008/1272/2006 2044/1309/2042 2043/1308/2041 2007/1271/2005
f 1973/1273/1972 2009/1310/2008 2044/1309/2042 2008/1272/2006
f 2010/1274/2007 2046/1311/2043 2045/1312/2044 2009/1275/2008
f 2011/1276/2009 2047/1313/2045 2046/1311/2043 2010/1274/2007
f 2012/1277/2010 2048/1314/2046 2047/1313/2045 2011/1276/2009
f 2013/1278/2011 2049/1315/2047 2048/1314/2046 2012/1277/2010
f 2014/1279/2012 2050/1316/2048 2049/1315/2047 2013/1278/2011
f 2015/1280/2013 2051/1317/2049 2050/1316/2048 2014/1279/2012
f 2016/1281/2014 2052/1318/2050 2051/1317/2049 2015/1280/2013
f 2017/1282/2015 2053/1319/2051 2052/1318/2050 2016/1281/2014
f 2018/1283/2016 2054/1320/2052 2053/1319/2051 2017/1282/2015
f 2019/1284/2017 2055/1321/2053 2054/1320/2052 2018/1283/2016
f 2020/1285/2018 2056/1322/2054 2055/1321/2053 2019/1284/2017
f 2021/1286/2019 2057/1323/2055 2056/1322/2054 2020/1285/2018
f 2022/1287/2020 2058/1324/2056 2057/1323/2055 2021/1286/2019
f 2023/1288/2021 2059/1325/2057 2058/1324/2056 2022/1287/2020
f 2024/1289/2022 2060/1326/2058 2059/1325/2057 2023/1288/2021
f 2025/1290/2023 2061/1327/2059 2060/1326/2058 2024/1289/2022
f 2026/1291/2024 2062/1328/2060 2061/1327/2059 2025/1290/2023
f 2027/1292/2025 2063/1329/2061 2062/1328/2060 2026/1291/2024
f 2028/1293/2026 2064/1330/2062 2063/1329/2061 2027/1292/2025
f 2029/1294/2027 2065/1331/2063 2064/1330/2062 2028/1293/2026
f 2030/1295/2028 2066/1332/2064 2065/1331/2063 2029/1294/2027
f 2031/1296/2029 2067/1333/2065 2066/1332/2064 2030/1295/2028
f 2032/1297/2030 2068/1334/2066 2067/1333/2065 2031/1296/2029
f 2033/1298/2031 2069/1335/2067 2068/1334/2066 2032/1297/2030
f 2034/1299/2032 2070/1336/2068 2069/1335/2067 2033/1298/2031
f 2035/1300/2033 2071/1337/2069 2070/1336/2068 2034/1299/2032
f 2036/1301/2034 2072/1338/2070 2071/1337/2069 2035/1300/2033
f 2037/1302/2035 2073/1339/2071 2072/1338/2070 2036/1301/2034
f 2038/1303/2036 2074/1340/2072 2073/1339/2071 2037/1302/2035
f 2039/1304/2037 2075/1341/2073 2074/1340/2072 2038/1303/2036
f 2040/1305/2038 2076/1342/2074 2075/1341/2073 2039/1304/2037
f 2041/1306/2039 2077/1343/2075 2076/1342/2074 2040/1305/2038
f 2042/1307/2040 2078/1344/2076 2077/1343/2075 2041/1306/2039
f 2043/1308/2041 2079/1345/2077 2078/1344/2076 2042/1307/2040
f 2044/1309/2042 2080/1346/2078 2079/1345/2077 2043/1308/2041
f 2009/1310/2008 2045/1347/2044 2080/1346/2078 2044/1309/2042
f 2046/1311/2043 2082/1348/2079 2081/1349/2080 2045/1312/2044
f 2047/1313/2045 2083/1350/2081 2082/1348/2079 2046/1311/2043
f 2048/1314/2046 2084/1351/2082 2083/1350/2081 2047/1313/2045
f 2049/1315/2047 2085/1352/2083 2084/1351/2082 2048/1314/2046
f 2050/1316/2048 2086/1353/2084 2085/1352/2083 2049/1315/2047
f 2051/1317/2049 2087/1354/2085 2086/1353/2084 2050/1316/2048
f 2052/1318/2050 2088/1355/2086 2087/1354/2085 2051/1317/2049
f 2053/1319/2051 2089/1356/2087 2088/1355/2086 2052/1318/2050
f 2054/1320/2052 2090/1357/2088 2089/1356/2087 2053/1319/2051
f 2055/1321/2053 2091/1358/2089 2090/1357/2088 2054/1320/2052
f 2056/1322/2054 2092/1359/2090 2091/1358/2089 2055/1321/2053
f 2057/1323/2055 2093/1360/2091 2092/1359/2090 2056/1322/2054
f 2058/1324/2056 2094/1361/2092 2093/1360/2091 2057/1323/2055
f 2059/1325/2057 2095/1362/2093 2094/1361/2092 2058/1324/2056
f 2060/1326/2058 2096/1363/2094 2095/1362/2093 2059/1325/2057
f 2061/1327/2059 2097/1364/2095 2096/1363/2094 2060/1326/2058
f 2062/1328/2060 2098/1365/2096 2097/1364/2095 2061/1327/2059
f 2063/1329/2061 2099/1366/2097 2098/1365/2096 2062/1328/2060
f 2064/1330/2062 2100/1367/2098 2099/1366/2097 2063/1329/2061
f 2065/1331/2063 2101/1368/2099 2100/1367/2098 2064/1330/2062
f 2066/1332/2064 2102/1369/2100 2101/1368/2099 2065/1331/2063
f 2067/1333/2065 2103/1370/2101 2102/1369/2100 2066/1332/2064
f 2068/1334/2066 2104/1371/2102 2103/1370/2101 2067/1333/2065
f 2069/1335/2067 2105/1372/2103 2104/1371/2102 2068/1334/2066
f 2070/1336/2068 2106/1373/2104 2105/1372/2103 2069/1335/2067
f 2071/1337/2069 2107/1374/2105 2106/1373/2104 2070/1336/2068
f 2072/1338/2070 2108/1375/2106 2107/1374/2105 2071/1337/2069
f 2073/1339/2071 2109/1376/2107 2108/1375/2106 2072/1338/2070
f 2074/1340/2072 2110/1377/2108 2109/1376/2107 2073/1339/2071
f 2075/1341/2073 2111/1378/2109 2110/1377/2108 2074/1340/2072
f 2076/1342/2074 2112/1379/2110 2111/1378/2109 2075/1341/2073
f 2077/1343/2075 2113/1380/2111 2112/1379/2110 2076/1342/2074
f 2078/1344/2076 2114/1381/2112 2113/1380/2111 2077/1343/2075
f 2079/1345/2077 2115/1382/2113 2114/1381/2112 2078/1344/2076
f 2080/1346/2078 2116/1383/2114 2115/1382/2113 2079/1345/2077
f 2045/1347/2044 2081/1384/2080 2116/1383/2114 2080/1346/2078
f 2082/1348/2079 2118/1385/2115 2117/1386/2116 2081/1349/2080
f 2083/1350/2081 2119/1387/2117 2118/1385/2115 2082/1348/2079
f 2084/1351/2082 2120/1388/2118 2119/1387/2117 2083/1350/2081
f 2085/1352/2083 2121/1389/2119 2120/1388/2118 2084/1351/2082
f 2086/1353/2084 2122/1390/2120 2121/1389/2119 2085/1352/2083
f 2087/1354/2085 2123/1391/2121 2122/1390/2120 2086/1353/2084
f 2088/1355/2086 2124/1392/2122 2123/1391/2121 2087/1354/2085
f 2089/1356/2087 2125/1393/2123 2124/1392/2122 2088/1355/2086
f 2090/1357/2088 2126/1394/2124 2125/1393/2123 2089/1356/2087
f 2091/1358/2089 2127/1395/2125 2126/1394/2124 2090/1357/2088
f 2092/1359/2090 2128/1396/2126 2127/1395/2125 2091/1358/2089
f 2093/1360/2091 2129/1397/2127 2128/1396/2126 2092/1359/2090
f 2094/1361/2092 2130/1398/2128 2129/1397/2127 2093/1360/2091
f 2095/1362/2093 2131/1399/2129 2130/1398/2128 2094/1361/2092
f 2096/1363/2094 2132/1400/2130 2131/1399/2129 2095/1362/2093
f 2097/1364/2095 2133/1401/2131 2132/1400/2130 2096/1363/2094
f 2098/1365/2096 2134/1402/2132 2133/1401/2131 2097/1364/2095
f 2099/1366/2097 2135/1403/2133 2134/1402/2132 2098/1365/2096
f 2100/1367/2098 2136/1404/2134 2135/1403/2133 2099/1366/2097
f 2101/1368/2099 2137/1405/2135 2136/1404/2134 2100/1367/2098
f 2102/1369/2100 2138/1406/2136 2137/1405/2135 2101/1368/2099
f 2103/1370/2101 2139/1407/2137 2138/1406/2136 2102/1369/2100
f 2104/1371/2102 2140/1408/2138 2139/1407/2137 2103/1370/2101
f 2105/1372/2103 2141/1409/2139 2140/1408/2138 2104/1371/2102
f 2106/1373/2104 2142/1410/2140 2141/1409/2139 2105/1372/2103
f 2107/1374/2105 2143/1411/2141 2142/1410/2140 2106/1373/2104
f 2108/1375/2106 2144/1412/2142 2143/1411/2141 2107/1374/2105
f 2109/1376/2107 2145/1413/2143 2144/1412/2142 2108/1375/2106
f 2110/1377/2108 2146/1414/2144 2145/1413/2143 2109/1376/2107
f 2111/1378/2109 2147/1415/2145 2146/1414/2144 2110/1377/2108
f 2112/1379/2110 2148/1416/2146 2147/1415/2145 2111/1378/2109
f 2113/1380/2111 2149/1417/2147 2148/1416/2146 2112/1379/2110
f 2114/1381/2112 2150/1418/2148 2149/1417/2147 2113/1380/2111
f 2115/1382/2113 2151/1419/2149 2150/1418/2148 2114/1381/2112
f 2116/1383/2114 2152/1420/2150 2151/1419/2149 2115/1382/2113
f 2081/1384/2080 2117/1421/2116 2152/1420/2150 2116/1383/2114
f 2118/1385/2115 2154/1422/2151 2153/1423/2152 2117/1386/2116
f 2119/1387/2117 2155/1424/2153 2154/1422/2151 2118/1385/2115
f 2120/1388/2118 2156/1425/2154 2155/1424/2153 2119/1387/2117
f 2121/1389/2119 2157/1426/2155 2156/1425/2154 2120/1388/2118
f 2122/1390/2120 2158/1427/2156 2157/1426/2155 2121/1389/2119
f 2123/1391/2121 2159/1428/2157 2158/1427/2156 2122/1390/2120
f 2124/1392/2122 2160/1429/2158 2159/1428/2157 2123/1391/2121
f 2125/1393/2123 2161/1430/2159 2160/1429/2158 2124/1392/2122
f 2126/1394/2124 2162/1431/2160 2161/1430/2159 2125/1393/2123
f 2127/1395/2125 2163/1432/2161 2162/1431/2160 2126/1394/2124
f 2128/1396/2126 2164/1433/2162 2163/1432/2161 2127/1395/2125
f 2129/1397/2127 2165/1434/2163 2164/1433/2162 2128/1396/2126
f 2130/1398/2128 2166/1435/2164 2165/1434/2163 2129/1397/2127
f 2131/1399/2129 2167/1436/2165 2166/1435/2164 2130/1398/2128
f 2132/1400/2130 2168/1437/2166 2167/1436/2165 2131/1399/2129
f 2133/1401/2131 2169/1438/2167 2168/1437/2166 2132/1400/2130
f 2134/1402/2132 2170/1439/2168 2169/1438/2167 2133/1401/2131
f 2135/1403/2133 2171/1440/2169 2170/1439/2168 2134/1402/2132
f 2136/1404/2134 2172/1441/2170 2171/1440/2169 2135/1403/2133
f 2137/1405/2135 2173/1442/2171 2172/1441/2170 2136/1404/2134
f 2138/1406/2136 2174/1443/2172 2173/1442/2171 2137/1405/2135
f 2139/1407/2137 2175/1444/2173 2174/1443/2172 2138/1406/2136
f 2140/1408/2138 2176/1445/2174 2175/1444/2173 2139/1407/2137
f 2141/1409/2139 2177/1446/2175 2176/1445/2174 2140/1408/2138
f 2142/1410/2140 2178/1447/2176 2177/1446/2175 2141/1409/2139
f 2143/1411/2141 2179/1448/2177 2178/1447/2176 2142/1410/2140
f 2144/1412/2142 2180/1449/2178 2179/1448/2177 2143/1411/2141
f 2145/1413/2143 2181/1450/2179 2180/1449/2178 2144/1412/2142
f 2146/1414/2144 2182/1451/2180 2181/1450/2179 2145/1413/2143
f 2147/1415/2145 2183/1452/2181 2182/1451/2180 2146/1414/2144
f 2148/1416/2146 2184/1453/2182 2183/1452/2181 2147/1415/2145
f 2149/1417/2147 2185/1454/2183 2184/1453/2182 2148/1416/2146
f 2150/1418/2148 2186/1455/2184 2185/1454/2183 2149/1417/2147
f 2151/1419/2149 2187/1456/2185 2186/1455/2184 2150/1418/2148
f 2152/1420/2150 2188/1457/2186 2187/1456/2185 2151/1419/2149
f 2117/1421/2116 2153/1458/2152 2188/1457/2186 2152/1420/2150
f 2154/1422/2151 2190/1459/2187 2189/1460/2188 2153/1423/2152
f 2155/1424/2153 2191/1461/2189 2190/1459/2187 2154/1422/2151
f 2156/1425/2154 2192/1462/2190 2191/1461/2189 2155/1424/2153
f 2157/1426/2155 2193/1463/2191 2192/1462/2190 2156/1425/2154
f 2158/1427/2156 2194/1464/2192 2193/1463/2191 2157/1426/2155
f 2159/1428/2157 2195/1465/2193 2194/1464/2192 2158/1427/2156
f 2160/1429/2158 2196/1466/2194 2195/1465/2193 2159/1428/2157
f 2161/1430/2159 2197/1467/2195 2196/1466/2194 2160/1429/2158
f 2162/1431/2160 2198/1468/2196 2197/1467/2195 2161/1430/2159
f 2163/1432/2161 2199/1469/2197 2198/1468/2196 2162/1431/2160
f 2164/1433/2162 2200/1470/2198 2199/1469/2197 2163/1432/2161
f 2165/1434/2163 2201/1471/2199 2200/1470/2198 2164/1433/2162
f 2166/1435/2164 2202/1472/2200 2201/1471/2199 2165/1434/2163
f 2167/1436/2165 2203/1473/2201 2202/1472/2200 2166/1435/2164
f 2168/1437/2166 2204/1474/2202 2203/1473/2201 2167/1436/2165
f 2169/1438/2167 2205/1475/2203 2204/1474/2202 2168/1437/2166
f 2170/1439/2168 2206/1476/2204 2205/1475/2203 2169/1438/2167
f 2171/1440/2169 2207/1477/2205 2206/1476/2204 2170/1439/2168
f 2172/1441/2170 2208/1478/2206 2207/1477/2205 2171/1440/2169
f 2173/1442/2171 2209/1479/2207 2208/1478/2206 2172/1441/2170
f 2174/1443/2172 2210/1480/2208 2209/1479/2207 2173/1442/2171
f 2175/1444/2173 2211/1481/2209 2210/1480/2208 2174/1443/2172
f 2176/1445/2174 2212/1482/2210 2211/1481/2209 2175/1444/2173
f 2177/1446/2175 2213/1483/2211 2212/1482/2210 2176/1445/2174
f 2178/1447/2176 2214/1484/2212 2213/1483/2211 2177/1446/2175
f 2179/1448/2177 2215/1485/2213 2214/1484/2212 2178/1447/2176
f 2180/1449/2178 2216/1486/2214 2215/1485/2213 2179/1448/2177
f 2181/1450/2179 2217/1487/2215 2216/1486/2214 2180/1449/2178
f 2182/1451/2180 2218/1488/2216 2217/1487/2215 2181/1450/2179
f 2183/1452/2181 2219/1489/2217 2218/1488/2216 2182/1451/2180
f 2184/1453/2182 2220/1490/2218 2219/1489/2217 2183/1452/2181
f 2185/1454/2183 2221/1491/2219 2220/1490/2218 2184/1453/2182
f 2186/1455/2184 2222/1492/2220 2221/1491/2219 2185/1454/2183
f 2187/1456/2185 2223/1493/2221 2222/1492/2220 2186/1455/2184
f 2188/1457/2186 2224/1494/2222 2223/1493/2221 2187/1456/2185
f 2153/1458/2152 2189/1495/2188 2224/1494/2222 2188/1457/2186
f 2190/1459/2187 2226/1496/2223 2225/1497/2224 2189/1460/2188
f 2191/1461/2189 2227/1498/2225 2226/1496/2223 2190/1459/2187
f 2192/1462/2190 2228/1499/2226 2227/1498/2225 2191/1461/2189
f 2193/1463/2191 2229/1500/2227 2228/1499/2226 2192/1462/2190
f 2194/1464/2192 2230/1501/2228 2229/1500/2227 2193/1463/2191
f 2195/1465/2193 2231/1502/2229 2230/1501/2228 2194/1464/2192
f 2196/1466/2194 2232/1503/2230 2231/1502/2229 2195/1465/2193
f 2197/1467/2195 2233/1504/2231 2232/1503/2230 2196/1466/2194
f 2198/1468/2196 2234/1505/2232 2233/1504/2231 2197/1467/2195
f 2199/1469/2197 2235/1506/2233 2234/1505/2232 2198/1468/2196
f 2200/1470/2198 2236/1507/2234 2235/1506/2233 2199/1469/2197
f 2201/1471/2199 2237/1508/2235 2236/1507/2234 2200/1470/2198
f 2202/1472/2200 2238/1509/2236 2237/1508/2235 2201/1471/2199
f 2203/1473/2201 2239/1510/2237 2238/1509/2236 2202/1472/2200
f 2204/1474/2202 2240/1511/2238 2239/1510/2237 2203/1473/2201
f 2205/1475/2203 2241/1512/2239 2240/1511/2238 2204/1474/2202
f 2206/1476/2204 2242/1513/2240 2241/1512/2239 2205/1475/2203
f 2207/1477/2205 2243/1514/2241 2242/1513/2240 2206/1476/2204
f 2208/1478/2206 2244/1515/2242 2243/1514/2241 2207/1477/2205
f 2209/1479/2207 2245/1516/2243 2244/1515/2242 2208/1478/2206
f 2210/1480/2208 2246/1517/2244 2245/1516/2243 2209/1479/2207
f 2211/1481/2209 2247/1518/2245 2246/1517/2244 2210/1480/2208
f 2212/1482/2210 2248/1519/2246 2247/1518/2245 2211/1481/2209
f 2213/1483/2211 2249/1520/2247 2248/1519/2246 2212/1482/2210
f 2214/1484/2212 2250/1521/2248 2249/1520/2247 2213/1483/2211
f 2215/1485/2213 2251/1522/2249 2250/1521/2248 2214/1484/2212
f 2216/1486/2214 2252/1523/2250 2251/1522/2249 2215/1485/2213
f 2217/1487/2215 2253/1524/2251 2252/1523/2250 2216/1486/2214
f 2218/1488/2216 2254/1525/2252 2253/1524/2251 2217/1487/2215
f 2219/1489/2217 2255/1526/2253 2254/1525/2252 2218/1488/2216
f 2220/1490/2218 2256/1527/2254 2255/1526/2253 2219/1489/2217
f 2221/1491/2219 2257/1528/2255 2256/1527/2254 2220/1490/2218
f 2222/1492/2220 2258/1529/2256 2257/1528/2255 2221/1491/2219
f 2223/1493/2221 2259/1530/2257 2258/1529/2256 2222/1492/2220
f 2224/1494/2222 2260/1531/2258 2259/1530/2257 2223/1493/2221
f 2189/1495/2188 2225/1532/2224 2260/1531/2258 2224/1494/2222
f 2226/1496/2223 2262/1533/2259 2261/1534/2260 2225/1497/2224
f 2227/1498/2225 2263/1535/2261 2262/1533/2259 2226/1496/2223
f 2228/1499/2226 2264/1536/2262 2263/1535/2261 2227/1498/2225
f 2229/1500/2227 2265/1537/2263 2264/1536/2262 2228/1499/2226
f 2230/1501/2228 2266/1538/2264 2265/1537/2263 2229/1500/2227
f 2231/1502/2229 2267/1539/2265 2266/1538/2264 2230/1501/2228
f 2232/1503/2230 2268/1540/2266 2267/1539/2265 2231/1502/2229
f 2233/1504/2231 2269/1541/2267 2268/1540/2266 2232/1503/2230
f 2234/1505/2232 2270/1542/2268 2269/1541/2267 2233/1504/2231
f 2235/1506/2233 2271/1543/2269 2270/1542/2268 2234/1505/2232
f 2236/1507/2234 2272/1544/2270 2271/1543/2269 2235/1506/2233
f 2237/1508/2235 2273/1545/2271 2272/1544/2270 2236/1507/2234
f 2238/1509/2236 2274/1546/2272 2273/1545/2271 2237/1508/2235
f 2239/1510/2237 2275/1547/2273 2274/1546/2272 2238/1509/2236
f 2240/1511/2238 2276/1548/2274 2275/1547/2273 2239/1510/2237
f 2241/1512/2239 2277/1549/2275 2276/1548/2274 2240/1511/2238
f 2242/1513/2240 2278/1550/2276 2277/1549/2275 2241/1512/2239
f 2243/1514/2241 2279/1551/2277 2278/1550/2276 2242/1513/2240
f 2244/1515/2242 2280/1552/2278 2279/1551/2277 2243/1514/2241
f 2245/1516/2243 2281/1553/2279 2280/1552/2278 2244/1515/2242
f 2246/1517/2244 2282/1554/2280 2281/1553/2279 2245/1516/2243
f 2247/1518/2245 2283/1555/2281 2282/1554/2280 2246/1517/2244
f 2248/1519/2246 2284/1556/2282 2283/1555/2281 2247/1518/2245
f 2249/1520/2247 2285/1557/2283 2284/1556/2282 2248/1519/2246
f 2250/1521/2248 2286/1558/2284 2285/1557/2283 2249/1520/2247
f 2251/1522/2249 2287/1559/2285 2286/1558/2284 2250/1521/2248
f 2252/1523/2250 2288/1560/2286 2287/1559/2285 2251/1522/2249
f 2253/1524/2251 2289/1561/2287 2288/1560/2286 2252/1523/2250
f 2254/1525/2252 2290/1562/2288 2289/1561/2287 2253/1524/2251
f 2255/1526/2253 2291/1563/2289 2290/1562/2288 2254/1525/2252
f 2256/1527/2254 2292/1564/2290 2291/1563/2289 2255/1526/2253
f 2257/1528/2255 2293/1565/2291 2292/1564/2290 2256/1527/2254
f 2258/1529/2256 2294/1566/2292 2293/1565/2291 2257/1528/2255
f 2259/1530/2257 2295/1567/2293 2294/1566/2292 2258/1529/2256
f 2260/1531/2258 2296/1568/2294 2295/1567/2293 2259/1530/2257
f 2225/1532/2224 2261/1569/2260 2296/1568/2294 2260/1531/2258
f 2262/1533/2259 2298/1570/2295 2297/1571/2296 2261/1534/2260
f 2263/1535/2261 2299/1572/2297 2298/1570/2295 2262/1533/2259
f 2264/1536/2262 2300/1573/2298 2299/1572/2297 2263/1535/2261
f 2265/1537/2263 2301/1574/2299 2300/1573/2298 2264/1536/2262
f 2266/1538/2264 2302/1575/2300 2301/1574/2299 2265/1537/2263
f 2267/1539/2265 2303/1576/2301 2302/1575/2300 2266/1538/2264
f 2268/1540/2266 2304/1577/2302 2303/1576/2301 2267/1539/2265
f 2269/1541/2267 2305/1578/2303 2304/1577/2302 2268/1540/2266
f 2270/1542/2268 2306/1579/2304 2305/1578/2303 2269/1541/2267
f 2271/1543/2269 2307/1580/2305 2306/1579/2304 2270/1542/2268
f 2272/1544/2270 2308/1581/2306 2307/1580/2305 2271/1543/2269
f 2273/1545/2271 2309/1582/2307 2308/1581/2306 2272/1544/2270
f 2274/1546/2272 2310/1583/2308 2309/1582/2307 2273/1545/2271
f 2275/1547/2273 2311/1584/2309 2310/1583/2308 2274/1546/2272
f 2276/1548/2274 2312/1585/2310 2311/1584/2309 2275/1547/2273
f 2277/1549/2275 2313/1586/2311 2312/1585/2310 2276/1548/2274
f 2278/1550/2276 2314/1587/2312 2313/1586/2311 2277/1549/2275
f 2279/1551/2277 2315/1588/2313 2314/1587/2312 2278/1550/2276
f 2280/1552/2278 2316/1589/2314 2315/1588/2313 2279/1551/2277
f 2281/1553/2279 2317/1590/2315 2316/1589/2314 2280/1552/2278
f 2282/1554/2280 2318/1591/2316 2317/1590/2315 2281/1553/2279
f 2283/1555/2281 2319/1592/2317 2318/1591/2316 2282/1554/2280
f 2284/1556/2282 2320/1593/2318 2319/1592/2317 2283/1555/2281
f 2285/1557/2283 2321/1594/2319 2320/1593/2318 2284/1556/2282
f 2286/1558/2284 2322/1595/2320 2321/1594/2319 2285/1557/2283
f 2287/1559/2285 2323/1596/2321 2322/1595/2320 2286/1558/2284
f 2288/1560/2286 2324/1597/2322 2323/1596/2321 2287/1559/2285
f 2289/1561/2287 2325/1598/2323 2324/1597/2322 2288/1560/2286
f 2290/1562/2288 2326/1599/2324 2325/1598/2323 2289/1561/2287
f 2291/1563/2289 2327/1600/2325 2326/1599/2324 2290/1562/2288
f 2292/1564/2290 2328/1601/2326 2327/1600/2325 2291/1563/2289
f 2293/1565/2291 2329/1602/2327 2328/1601/2326 2292/1564/2290
f 2294/1566/2292 2330/1603/2328 2329/1602/2327 2293/1565/2291
f 2295/1567/2293 2331/1604/2329 2330/1603/2328 2294/1566/2292
f 2296/1568/2294 2332/1605/2330 2331/1604/2329 2295/1567/2293
f 2261/1569/2260 2297/1606/2296 2332/1605/2330 2296/1568/2294
f 2298/1570/2295 2334/1607/2331 2333/1608/2332 2297/1571/2296
f 2299/1572/2297 2335/1609/2333 2334/1607/2331 2298/1570/2295
f 2300/1573/2298 2336/1610/2334 2335/1609/2333 2299/1572/2297
f 2301/1574/2299 2337/1611/2335 2336/1610/2334 2300/1573/2298
f 2302/1575/2300 2338/1612/2336 2337/1611/2335 2301/1574/2299
f 2303/1576/2301 2339/1613/2337 2338/1612/2336 2302/1575/2300
f 2304/1577/2302 2340/1614/2338 2339/1613/2337 2303/1576/2301
f 2305/1578/2303 2341/1615/2339 2340/1614/2338 2304/1577/2302
f 2306/1579/2304 2342/1616/2340 2341/1615/2339 2305/1578/2303
f 2307/1580/2305 2343/1617/2341 2342/1616/2340 2306/1579/2304
f 2308/1581/2306 2344/1618/2342 2343/1617/2341 2307/1580/2305
f 2309/1582/2307 2345/1619/2343 2344/1618/2342 2308/1581/2306
f 2310/1583/2308 2346/1620/2344 2345/1619/2343 2309/1582/2307
f 2311/1584/2309 2347/1621/2345 2346/1620/2344 2310/1583/2308
f 2312/1585/2310 2348/1622/2346 2347/1621/2345 2311/1584/2309
f 2313/1586/2311 2349/1623/2347 2348/1622/2346 2312/1585/2310
f 2314/1587/2312 2350/1624/2348 2349/1623/2347 2313/1586/2311
f 2315/1588/2313 2351/1625/2349 2350/1624/2348 2314/1587/2312
f 2316/1589/2314 2352/1626/2350 2351/1625/2349 2315/1588/2313
f 2317/1590/2315 2353/1627/2351 2352/1626/2350 2316/1589/2314
f 2318/1591/2316 2354/1628/2352 2353/1627/2351 2317/1590/2315
f 2319/1592/2317 2355/1629/2353 2354/1628/2352 2318/1591/2316
f 2320/1593/2318 2356/1630/2354 2355/1629/2353 2319/1592/2317
f 2321/1594/2319 2357/1631/2355 2356/1630/2354 2320/1593/2318
f 2322/1595/2320 2358/1632/2356 2357/1631/2355 2321/1594/2319
f 2323/1596/2321 2359/1633/2357 2358/1632/2356 2322/1595/2320
f 2324/1597/2322 2360/1634/2358 2359/1633/2357 2323/1596/2321
f 2325/1598/2323 2361/1635/2359 2360/1634/2358 2324/1597/2322
f 2326/1599/2324 2362/1636/2360 2361/1635/2359 2325/1598/2323
f 2327/1600/2325 2363/1637/2361 2362/1636/2360 2326/1599/2324
f 2328/1601/2326 2364/1638/2362 2363/1637/2361 2327/1600/2325
f 2329/1602/2327 2365/1639/2363 2364/1638/2362 2328/1601/2326
f 2330/1603/2328 2366/1640/2364 2365/1639/2363 2329/1602/2327
f 2331/1604/2329 2367/1641/2365 2366/1640/2364 2330/1603/2328
f 2332/1605/2330 2368/1642/2366 2367/1641/2365 2331/1604/2329
f 2297/1606/2296 2333/1643/2332 2368/1642/2366 2332/1605/2330
f 2334/1607/2331 2370/1644/2367 2369/1645/2368 2333/1608/2332
f 2335/1609/2333 2371/1646/2369 2370/1644/2367 2334/1607/2331
f 2336/1610/2334 2372/1647/2370 2371/1646/2369 2335/1609/2333
f 2337/1611/2335 2373/1648/2371 2372/1647/2370 2336/1610/2334
f 2338/1612/2336 2374/1649/2372 2373/1648/2371 2337/1611/2335
f 2339/1613/2337 2375/1650/2373 2374/1649/2372 2338/1612/2336
f 2340/1614/2338 2376/1651/2374 2375/1650/2373 2339/1613/2337
f 2341/1615/2339 2377/1652/2375 2376/1651/2374 2340/1614/2338
f 2342/1616/2340 2378/1653/2376 2377/1652/2375 2341/1615/2339
f 2343/1617/2341 2379/1654/2377 2378/1653/2376 2342/1616/2340
f 2344/1618/2342 2380/1655/2378 2379/1654/2377 2343/1617/2341
f 2345/1619/2343 2381/1656/2379 2380/1655/2378 2344/1618/2342
f 2346/1620/2344 2382/1657/2380 2381/1656/2379 2345/1619/2343
f 2347/1621/2345 2383/1658/2381 2382/1657/2380 2346/1620/2344
f 2348/1622/2346 2384/1659/2382 2383/1658/2381 2347/1621/2345
f 2349/1623/2347 2385/1660/2383 2384/1659/2382 2348/1622/2346
f 2350/1624/2348 2386/1661/2384 2385/1660/2383 2349/1623/2347
f 2351/1625/2349 2387/1662/2385 2386/1661/2384 2350/1624/2348
f 2352/1626/2350 2388/1663/2386 2387/1662/2385 2351/1625/2349
f 2353/1627/2351 2389/1664/2387 2388/1663/2386 2352/1626/2350
f 2354/1628/2352 2390/1665/2388 2389/1664/2387 2353/1627/2351
f 2355/1629/2353 2391/1666/2389 2390/1665/2388 2354/1628/2352
f 2356/1630/2354 2392/1667/2390 2391/1666/2389 2355/1629/2353
f 2357/1631/2355 2393/1668/2391 2392/1667/2390 2356/1630/2354
f 2358/1632/2356 2394/1669/2392 2393/1668/2391 2357/1631/2355
f 2359/1633/2357 2395/1670/2393 2394/1669/2392 2358/1632/2356
f 2360/1634/2358 2396/1671/2394 2395/1670/2393 2359/1633/2357
f 2361/1635/2359 2397/1672/2395 2396/1671/2394 2360/1634/2358
f 2362/1636/2360 2398/1673/2396 2397/1672/2395 2361/1635/2359
f 2363/1637/2361 2399/1674/2397 2398/1673/2396 2362/1636/2360
f 2364/1638/2362 2400/1675/2398 2399/1674/2397 2363/1637/2361
f 2365/1639/2363 2401/1676/2399 2400/1675/2398 2364/1638/2362
f 2366/1640/2364 2402/1677/2400 2401/1676/2399 2365/1639/2363
f 2367/1641/2365 2403/1678/2401 2402/1677/2400 2366/1640/2364
f 2368/1642/2366 2404/1679/2402 2403/1678/2401 2367/1641/2365
f 2333/1643/2332 2369/1680/2368 2404/1679/2402 2368/1642/2366
f 1794/1052/1791 1793/1055/1794 1791/1681/2403
f 1792/1682/2404 2369/1645/2368 2370/1644/2367
f 1795/1056/1795 1794/1052/1791 1791/1683/2403
f 1792/1684/2404 2370/1644/2367 2371/1646/2369
f 1796/1058/1797 1795/1056/1795 1791/1685/2403
f 1792/1686/2404 2371/1646/2369 2372/1647/2370
f 1797/1060/1799 1796/1058/1797 1791/1687/2403
f 1792/1688/2404 2372/1647/2370 2373/1648/2371
f 1798/1062/1801 1797/1060/1799 1791/1689/2403
f 1792/1690/2404 2373/1648/2371 2374/1649/2372
f 1799/1064/1803 1798/1062/1801 1791/1691/2403
f 1792/1692/2404 2374/1649/2372 2375/1650/2373
f 1800/1066/1805 1799/1064/1803 1791/1693/2403
f 1792/1694/2404 2375/1650/2373 2376/1651/2374
f 1801/1068/1807 1800/1066/1805 1791/1695/2403
f 1792/1696/2404 2376/1651/2374 2377/1652/2375
f 1802/1070/1809 1801/1068/1807 1791/1697/2403
f 1792/1698/2404 2377/1652/2375 2378/1653/2376
f 1803/1072/1811 1802/1070/1809 1791/1699/2403
f 1792/1700/2404 2378/1653/2376 2379/1654/2377
f 1804/1074/1813 1803/1072/1811 1791/1701/2403
f 1792/1702/2404 2379/1654/2377 2380/1655/2378
f 1805/1076/1815 1804/1074/1813 1791/1703/2403
f 1792/1704/2404 2380/1655/2378 2381/1656/2379
f 1806/1078/1817 1805/1076/1815 1791/1705/2403
f 1792/1706/2404 2381/1656/2379 2382/1657/2380
f 1807/1080/1819 1806/1078/1817 1791/1707/2403
f 1792/1708/2404 2382/1657/2380 2383/1658/2381
f 1808/1082/1821 1807/1080/1819 1791/1709/2403
f 1792/1710/2404 2383/1658/2381 2384/1659/2382
f 1809/1084/1823 1808/1082/1821 1791/1711/2403
f 1792/1712/2404 2384/1659/2382 2385/1660/2383
f 1810/1086/1825 1809/1084/1823 1791/1713/2403
f 1792/1714/2404 2385/1660/2383 2386/1661/2384
f 1811/1088/1827 1810/1086/1825 1791/1715/2403
f 1792/1716/2404 2386/1661/2384 2387/1662/2385
f 1812/1090/1829 1811/1088/1827 1791/1717/2403
f 1792/1718/2404 2387/1662/2385 2388/1663/2386
f 1813/1092/1831 1812/1090/1829 1791/1719/2403
f 1792/1720/2404 2388/1663/2386 2389/1664/2387
f 1814/1094/1833 1813/1092/1831 1791/1721/2403
f 1792/1722/2404 2389/1664/2387 2390/1665/2388
f 1815/1096/1835 1814/1094/1833 1791/1723/2403
f 1792/1724/2404 2390/1665/2388 2391/1666/2389
f 1816/1098/1837 1815/1096/1835 1791/1725/2403
f 1792/1726/2404 2391/1666/2389 2392/1667/2390
f 1817/1100/1839 1816/1098/1837 1791/1727/2403
f 1792/1728/2404 2392/1667/2390 2393/1668/2391
f 1818/1102/1841 1817/1100/1839 1791/1729/2403
f 1792/1730/2404 2393/1668/2391 2394/1669/2392
f 1819/1104/1843 1818/1102/1841 1791/1731/2403
f 1792/1732/2404 2394/1669/2392 2395/1670/2393
f 1820/1106/1845 1819/1104/1843 1791/1733/2403
f 1792/1734/2404 2395/1670/2393 2396/1671/2394
f 1821/1108/1847 1820/1106/1845 1791/1735/2403
f 1792/1736/2404 2396/1671/2394 2397/1672/2395
f 1822/1110/1849 1821/1108/1847 1791/1737/2403
f 1792/1738/2404 2397/1672/2395 2398/1673/2396
f 1823/1112/1851 1822/1110/1849 1791/1739/2403
f 1792/1740/2404 2398/1673/2396 2399/1674/2397
f 1824/1114/1853 1823/1112/1851 1791/1741/2403
f 1792/1742/2404 2399/1674/2397 2400/1675/2398
f 1825/1116/1855 1824/1114/1853 1791/1743/2403
f 1792/1744/2404 2400/1675/2398 2401/1676/2399
f 1826/1118/1857 1825/1116/1855 1791/1745/2403
f 1792/1746/2404 2401/1676/2399 2402/1677/2400
f 1827/1120/1859 1826/1118/1857 1791/1747/2403
f 1792/1748/2404 2402/1677/2400 2403/1678/2401
f 1828/1122/1861 1827/1120/1859 1791/1749/2403
f 1792/1750/2404 2403/1678/2401 2404/1679/2402
f 1793/1124/1794 1828/1122/1861 1791/1751/2403
f 1792/1752/2404 2404/1679/2402 2369/1680/2368
f 2443/1054/2405 2444/1053/2406 2408/1052/2407 2407/1055/2408
f 2444/1053/2406 2445/1057/2409 2409/1056/2410 2408/1052/2407
f 2445/1057/2409 2446/1059/2411 2410/1058/2412 2409/1056/2410
f 2446/1059/2411 2447/1061/2413 2411/1060/2414 2410/1058/2412
f 2447/1061/2413 2448/1063/2415 2412/1062/2416 2411/1060/2414
f 2448/1063/2415 2449/1065/2417 2413/1064/2418 2412/1062/2416
f 2449/1065/2417 2450/1067/2419 2414/1066/2420 2413/1064/2418
f 2450/1067/2419 2451/1069/2421 2415/1068/2422 2414/1066/2420
f 2451/1069/2421 2452/1071/2423 2416/1070/2424 2415/1068/2422
f 2452/1071/2423 2453/1073/2425 2417/1072/2426 2416/1070/2424
f 2453/1073/2425 2454/1075/2427 2418/1074/2428 2417/1072/2426
f 2454/1075/2427 2455/1077/2429 2419/1076/2430 2418/1074/2428
f 2455/1077/2429 2456/1079/2431 2420/1078/2432 2419/1076/2430
f 2456/1079/2431 2457/1081/2433 2421/1080/2434 2420/1078/2432
f 2457/1081/2433 2458/1083/2435 2422/1082/2436 2421/1080/2434
f 2458/1083/2435 2459/1085/2437 2423/1084/2438 2422/1082/2436
f 2459/1085/2437 2460/1087/2439 2424/1086/2440 2423/1084/2438
f 2460/1087/2439 2461/1089/2441 2425/1088/2442 2424/1086/2440
f 2461/1089/2441 2462/1091/2443 2426/1090/2444 2425/1088/2442
f 2462/1091/2443 2463/1093/2445 2427/1092/2446 2426/1090/2444
f 2463/1093/2445 2464/1095/2447 2428/1094/2448 2427/1092/2446
f 2464/1095/2447 2465/1097/2449 2429/1096/2450 2428/1094/2448
f 2465/1097/2449 2466/1099/2451 2430/1098/2452 2429/1096/2450
f 2466/1099/2451 2467/1101/2453 2431/1100/2454 2430/1098/2452
f 2467/1101/2453 2468/1103/2455 2432/1102/2456 2431/1100/2454
f 2468/1103/2455 2469/1105/2457 2433/1104/2458 2432/1102/2456
f 2469/1105/2457 2470/1107/2459 2434/1106/2460 2433/1104/2458
f 2470/1107/2459 2471/1109/2461 2435/1108/2462 2434/1106/2460
f 2471/1109/2461 2472/1111/2463 2436/1110/2464 2435/1108/2462
f 2472/1111/2463 2473/1113/2465 2437/1112/2466 2436/1110/2464
f 2473/1113/2465 2474/1115/2467 2438/1114/2468 2437/1112/2466
f 2474/1115/2467 2475/1117/2469 2439/1116/2470 2438/1114/2468
f 2475/1117/2469 2476/1119/2471 2440/1118/2472 2439/1116/2470
f 2476/1119/2471 2477/1121/2473 2441/1120/2474 2440/1118/2472
f 2477/1121/2473 2478/1123/2475 2442/1122/2476 2441/1120/2474
f 2478/1123/2475 2443/1125/2405 2407/1124/2408 2442/1122/2476
f 2479/1127/2477 2480/1126/2478 2444/1053/2406 2443/1054/2405
f 2480/1126/2478 2481/1128/2479 2445/1057/2409 2444/1053/2406
f 2481/1128/2479 2482/1129/2480 2446/1059/2411 2445/1057/2409
f 2482/1129/2480 2483/1130/2481 2447/1061/2413 2446/1059/2411
f 2483/1130/2481 2484/1131/2482 2448/1063/2415 2447/1061/2413
f 2484/1131/2482 2485/1132/2483 2449/1065/2417 2448/1063/2415
f 2485/1132/2483 2486/1133/2484 2450/1067/2419 2449/1065/2417
f 2486/1133/2484 2487/1134/2485 2451/1069/2421 2450/1067/2419
f 2487/1134/2485 2488/1135/2486 2452/1071/2423 2451/1069/2421
f 2488/1135/2486 2489/1136/2487 2453/1073/2425 2452/1071/2423
f 2489/1136/2487 2490/1137/2488 2454/1075/2427 2453/1073/2425
f 2490/1137/2488 2491/1138/2489 2455/1077/2429 2454/1075/2427
f 2491/1138/2489 2492/1139/2490 2456/1079/2431 2455/1077/2429
f 2492/1139/2490 2493/1140/2491 2457/1081/2433 2456/1079/2431
f 2493/1140/2491 2494/1141/2492 2458/1083/2435 2457/1081/2433
f 2494/1141/2492 2495/1142/2493 2459/1085/2437 2458/1083/2435
f 2495/1142/2493 2496/1143/2494 2460/1087/2439 2459/1085/2437
f 2496/1143/2494 2497/1144/2495 2461/1089/2441 2460/1087/2439
f 2497/1144/2495 2498/1145/2496 2462/1091/2443 2461/1089/2441
f 2498/1145/2496 2499/1146/2497 2463/1093/2445 2462/1091/2443
f 2499/1146/2497 2500/1147/2498 2464/1095/2447 2463/1093/2445
f 2500/1147/2498 2501/1148/2499 2465/1097/2449 2464/1095/2447
f 2501/1148/2499 2502/1149/2500 2466/1099/2451 2465/1097/2449
f 2502/1149/2500 2503/1150/2501 2467/1101/2453 2466/1099/2451
f 2503/1150/2501 2504/1151/2502 2468/1103/2455 2467/1101/2453
f 2504/1151/2502 2505/1152/2503 2469/1105/2457 2468/1103/2455
f 2505/1152/2503 2506/1153/2504 2470/1107/2459 2469/1105/2457
f 2506/1153/2504 2507/1154/2505 2471/1109/2461 2470/1107/2459
f 2507/1154/2505 2508/1155/2506 2472/1111/2463 2471/1109/2461
f 2508/1155/2506 2509/1156/2507 2473/1113/2465 2472/1111/2463
f 2509/1156/2507 2510/1157/2508 2474/1115/2467 2473/1113/2465
f 2510/1157/2508 2511/1158/2509 2475/1117/2469 2474/1115/2467
f 2511/1158/2509 2512/1159/2510 2476/1119/2471 2475/1117/2469
f 2512/1159/2510 2513/1160/2511 2477/1121/2473 2476/1119/2471
f 2513/1160/2511 2514/1161/2512 2478/1123/2475 2477/1121/2473
f 2514/1161/2512 2479/1162/2477 2443/1125/2405 2478/1123/2475
f 2515/1164/2513 2516/1163/2514 2480/1126/2478 2479/1127/2477
f 2516/1163/2514 2517/1165/2515 2481/1128/2479 2480/1126/2478
f 2517/1165/2515 2518/1166/2516 2482/1129/2480 2481/1128/2479
f 2518/1166/2516 2519/1167/2517 2483/1130/2481 2482/1129/2480
f 2519/1167/2517 2520/1168/2518 2484/1131/2482 2483/1130/2481
f 2520/1168/2518 2521/1169/2519 2485/1132/2483 2484/1131/2482
f 2521/1169/2519 2522/1170/2520 2486/1133/2484 2485/1132/2483
f 2522/1170/2520 2523/1171/2521 2487/1134/2485 2486/1133/2484
f 2523/1171/2521 2524/1172/2522 2488/1135/2486 2487/1134/2485
f 2524/1172/2522 2525/1173/2523 2489/1136/2487 2488/1135/2486
f 2525/1173/2523 2526/1174/2524 2490/1137/2488 2489/1136/2487
f 2526/1174/2524 2527/1175/2525 2491/1138/2489 2490/1137/2488
f 2527/1175/2525 2528/1176/2526 2492/1139/2490 2491/1138/2489
f 2528/1176/2526 2529/1177/2527 2493/1140/2491 2492/1139/2490
f 2529/1177/2527 2530/1178/2528 2494/1141/2492 2493/1140/2491
f 2530/1178/2528 2531/1179/2529 2495/1142/2493 2494/1141/2492
f 2531/1179/2529 2532/1180/2530 2496/1143/2494 2495/1142/2493
f 2532/1180/2530 2533/1181/2531 2497/1144/2495 2496/1143/2494
f 2533/1181/2531 2534/1182/2532 2498/1145/2496 2497/1144/2495
f 2534/1182/2532 2535/1183/2533 2499/1146/2497 2498/1145/2496
f 2535/1183/2533 2536/1184/2534 2500/1147/2498 2499/1146/2497
f 2536/1184/2534 2537/1185/2535 2501/1148/2499 2500/1147/2498
f 2537/1185/2535 2538/1186/2536 2502/1149/2500 2501/1148/2499
f 2538/1186/2536 2539/1187/2537 2503/1150/2501 2502/1149/2500
f 2539/1187/2537 2540/1188/2538 2504/1151/2502 2503/1150/2501
f 2540/1188/2538 2541/1189/2539 2505/1152/2503 2504/1151/2502
f 2541/1189/2539 2542/1190/2540 2506/1153/2504 2505/1152/2503
f 2542/1190/2540 2543/1191/2541 2507/1154/2505 2506/1153/2504
f 2543/1191/2541 2544/1192/2542 2508/1155/2506 2507/1154/2505
f 2544/1192/2542 2545/1193/2543 2509/1156/2507 2508/1155/2506
f 2545/1193/2543 2546/1194/2544 2510/1157/2508 2509/1156/2507
f 2546/1194/2544 2547/1195/2545 2511/1158/2509 2510/1157/2508
f 2547/1195/2545 2548/1196/2546 2512/1159/2510 2511/1158/2509
f 2548/1196/2546 2549/1197/2547 2513/1160/2511 2512/1159/2510
f 2549/1197/2547 2550/1198/2548 2514/1161/2512 2513/1160/2511
f 2550/1198/2548 2515/1199/2513 2479/1162/2477 2514/1161/2512
f 2551/1201/2549 2552/1200/2550 2516/1163/2514 2515/1164/2513
f 2552/1200/2550 2553/1202/2551 2517/1165/2515 2516/1163/2514
f 2553/1202/2551 2554/1203/2552 2518/1166/2516 2517/1165/2515
f 2554/1203/2552 2555/1204/2553 2519/1167/2517 2518/1166/2516
f 2555/1204/2553 2556/1205/2554 2520/1168/2518 2519/1167/2517
f 2556/1205/2554 2557/1206/2555 2521/1169/2519 2520/1168/2518
f 2557/1206/2555 2558/1207/2556 2522/1170/2520 2521/1169/2519
f 2558/1207/2556 2559/1208/2557 2523/1171/2521 2522/1170/2520
f 2559/1208/2557 2560/1209/2558 2524/1172/2522 2523/1171/2521
f 2560/1209/2558 2561/1210/2559 2525/1173/2523 2524/1172/2522
f 2561/1210/2559 2562/1211/2560 2526/1174/2524 2525/1173/2523
f 2562/1211/2560 2563/1212/2561 2527/1175/2525 2526/1174/2524
f 2563/1212/2561 2564/1213/2562 2528/1176/2526 2527/1175/2525
f 2564/1213/2562 2565/1214/2563 2529/1177/2527 2528/1176/2526
f 2565/1214/2563 2566/1215/2564 2530/1178/2528 2529/1177/2527
f 2566/1215/2564 2567/1216/2565 2531/1179/2529 2530/1178/2528
f 2567/1216/2565 2568/1217/2566 2532/1180/2530 2531/1179/2529
f 2568/1217/2566 2569/1218/2567 2533/1181/2531 2532/1180/2530
f 2569/1218/2567 2570/1219/2568 2534/1182/2532 2533/1181/2531
f 2570/1219/2568 2571/1220/2569 2535/1183/2533 2534/1182/2532
f 2571/1220/2569 2572/1221/2570 2536/1184/2534 2535/1183/2533
f 2572/1221/2570 2573/1222/2571 2537/1185/2535 2536/1184/2534
f 2573/1222/2571 2574/1223/2572 2538/1186/2536 2537/1185/2535
f 2574/1223/2572 2575/1224/2573 2539/1187/2537 2538/1186/2536
f 2575/1224/2573 2576/1225/2574 2540/1188/2538 2539/1187/2537
f 2576/1225/2574 2577/1226/2575 2541/1189/2539 2540/1188/2538
f 2577/1226/2575 2578/1227/2576 2542/1190/2540 2541/1189/2539
f 2578/1227/2576 2579/1228/2577 2543/1191/2541 2542/1190/2540
f 2579/1228/2577 2580/1229/2578 2544/1192/2542 2543/1191/2541
f 2580/1229/2578 2581/1230/2579 2545/1193/2543 2544/1192/2542
f 2581/1230/2579 2582/1231/2580 2546/1194/2544 2545/1193/2543
f 2582/1231/2580 2583/1232/2581 2547/1195/2545 2546/1194/2544
f 2583/1232/2581 2584/1233/2582 2548/1196/2546 2547/1195/2545
f 2584/1233/2582 2585/1234/2583 2549/1197/2547 2548/1196/2546
f 2585/1234/2583 2586/1235/2584 2550/1198/2548 2549/1197/2547
f 2586/1235/2584 2551/1236/2549 2515/1199/2513 2550/1198/2548
f 2587/1238/2585 2588/1237/2586 2552/1200/2550 2551/1201/2549
f 2588/1237/2586 2589/1239/2587 2553/1202/2551 2552/1200/2550
f 2589/1239/2587 2590/1240/2588 2554/1203/2552 2553/1202/2551
f 2590/1240/2588 2591/1241/2589 2555/1204/2553 2554/1203/2552
f 2591/1241/2589 2592/1242/2590 2556/1205/2554 2555/1204/2553
f 2592/1242/2590 2593/1243/2591 2557/1206/2555 2556/1205/2554
f 2593/1243/2591 2594/1244/2592 2558/1207/2556 2557/1206/2555
f 2594/1244/2592 2595/1245/2593 2559/1208/2557 2558/1207/2556
f 2595/1245/2593 2596/1246/2594 2560/1209/2558 2559/1208/2557
f 2596/1246/2594 2597/1247/2595 2561/1210/2559 2560/1209/2558
f 2597/1247/2595 2598/1248/2596 2562/1211/2560 2561/1210/2559
f 2598/1248/2596 2599/1249/2597 2563/1212/2561 2562/1211/2560
f 2599/1249/2597 2600/1250/2598 2564/1213/2562 2563/1212/2561
f 2600/1250/2598 2601/1251/2599 2565/1214/2563 2564/1213/2562
f 2601/1251/2599 2602/1252/2600 2566/1215/2564 2565/1214/2563
f 2602/1252/2600 2603/1253/2601 2567/1216/2565 2566/1215/2564
f 2603/1253/2601 2604/1254/2602 2568/1217/2566 2567/1216/2565
f 2604/1254/2602 2605/1255/2603 2569/1218/2567 2568/1217/2566
f 2605/1255/2603 2606/1256/2604 2570/1219/2568 2569/1218/2567
f 2606/1256/2604 2607/1257/2605 2571/1220/2569 2570/1219/2568
f 2607/1257/2605 2608/1258/2606 2572/1221/2570 2571/1220/2569
f 2608/1258/2606 2609/1259/2607 2573/1222/2571 2572/1221/2570
f 2609/1259/2607 2610/1260/2608 2574/1223/2572 2573/1222/2571
f 2610/1260/2608 2611/1261/2609 2575/1224/2573 2574/1223/2572
f 2611/1261/2609 2612/1262/2610 2576/1225/2574 2575/1224/2573
f 2612/1262/2610 2613/1263/2611 2577/1226/2575 2576/1225/2574
f 2613/1263/2611 2614/1264/2612 2578/1227/2576 2577/1226/2575
f 2614/1264/2612 2615/1265/2613 2579/1228/2577 2578/1227/2576
f 2615/1265/2613 2616/1266/2614 2580/1229/2578 2579/1228/2577
f 2616/1266/2614 2617/1267/2615 2581/1230/2579 2580/1229/2578
f 2617/1267/2615 2618/1268/2616 2582/1231/2580 2581/1230/2579
f 2618/1268/2616 2619/1269/2617 2583/1232/2581 2582/1231/2580
f 2619/1269/2617 2620/1270/2618 2584/1233/2582 2583/1232/2581
f 2620/1270/2618 2621/1271/2619 2585/1234/2583 2584/1233/2582
f 2621/1271/2619 2622/1272/2620 2586/1235/2584 2585/1234/2583
f 2622/1272/2620 2587/1273/2585 2551/1236/2549 2586/1235/2584
f 2623/1275/2621 2624/1274/2622 2588/1237/2586 2587/1238/2585
f 2624/1274/2622 2625/1276/2623 2589/1239/2587 2588/1237/2586
f 2625/1276/2623 2626/1277/2624 2590/1240/2588 2589/1239/2587
f 2626/1277/2624 2627/1278/2625 2591/1241/2589 2590/1240/2588
f 2627/1278/2625 2628/1279/2626 2592/1242/2590 2591/1241/2589
f 2628/1279/2626 2629/1280/2627 2593/1243/2591 2592/1242/2590
f 2629/1280/2627 2630/1281/2628 2594/1244/2592 2593/1243/2591
f 2630/1281/2628 2631/1282/2629 2595/1245/2593 2594/1244/2592
f 2631/1282/2629 2632/1283/2630 2596/1246/2594 2595/1245/2593
f 2632/1283/2630 2633/1284/2631 2597/1247/2595 2596/1246/2594
f 2633/1284/2631 2634/1285/2632 2598/1248/2596 2597/1247/2595
f 2634/1285/2632 2635/1286/2633 2599/1249/2597 2598/1248/2596
f 2635/1286/2633 2636/1287/2634 2600/1250/2598 2599/1249/2597
f 2636/1287/2634 2637/1288/2635 2601/1251/2599 2600/1250/2598
f 2637/1288/2635 2638/1289/2636 2602/1252/2600 2601/1251/2599
f 2638/1289/2636 2639/1290/2637 2603/1253/2601 2602/1252/2600
f 2639/1290/2637 2640/1291/2638 2604/1254/2602 2603/1253/2601
f 2640/1291/2638 2641/1292/2639 2605/1255/2603 2604/1254/2602
f 2641/1292/2639 2642/1293/2640 2606/1256/2604 2605/1255/2603
f 2642/1293/2640 2643/1294/2641 2607/1257/2605 2606/1256/2604
f 2643/1294/2641 2644/1295/2642 2608/1258/2606 2607/1257/2605
f 2644/1295/2642 2645/1296/2643 2609/1259/2607 2608/1258/2606
f 2645/1296/2643 2646/1297/2644 2610/1260/2608 2609/1259/2607
f 2646/1297/2644 2647/1298/2645 2611/1261/2609 2610/1260/2608
f 2647/1298/2645 2648/1299/2646 2612/1262/2610 2611/1261/2609
f 2648/1299/2646 2649/1300/2647 2613/1263/2611 2612/1262/2610
f 2649/1300/2647 2650/1301/2648 2614/1264/2612 2613/1263/2611
f 2650/1301/2648 2651/1302/2649 2615/1265/2613 2614/1264/2612
f 2651/1302/2649 2652/1303/2650 2616/1266/2614 2615/1265/2613
f 2652/1303/2650 2653/1304/2651 2617/1267/2615 2616/1266/2614
f 2653/1304/2651 2654/1305/2652 2618/1268/2616 2617/1267/2615
f 2654/1305/2652 2655/1306/2653 2619/1269/2617 2618/1268/2616
f 2655/1306/2653 2656/1307/2654 2620/1270/2618 2619/1269/2617
f 2656/1307/2654 2657/1308/2655 2621/1271/2619 2620/1270/2618
f 2657/1308/2655 2658/1309/2656 2622/1272/2620 2621/1271/2619
f 2658/1309/2656 2623/1310/2621 2587/1273/2585 2622/1272/2620
f 2659/1312/2657 2660/1311/2658 2624/1274/2622 2623/1275/2621
f 2660/1311/2658 2661/1313/2659 2625/1276/2623 2624/1274/2622
f 2661/1313/2659 2662/1314/2660 2626/1277/2624 2625/1276/2623
f 2662/1314/2660 2663/1315/2661 2627/1278/2625 2626/1277/2624
f 2663/1315/2661 2664/1316/2662 2628/1279/2626 2627/1278/2625
f 2664/1316/2662 2665/1317/2663 2629/1280/2627 2628/1279/2626
f 2665/1317/2663 2666/1318/2664 2630/1281/2628 2629/1280/2627
f 2666/1318/2664 2667/1319/2665 2631/1282/2629 2630/1281/2628
f 2667/1319/2665 2668/1320/2666 2632/1283/2630 2631/1282/2629
f 2668/1320/2666 2669/1321/2667 2633/1284/2631 2632/1283/2630
f 2669/1321/2667 2670/1322/2668 2634/1285/2632 2633/1284/2631
f 2670/1322/2668 2671/1323/2669 2635/1286/2633 2634/1285/2632
f 2671/1323/2669 2672/1324/2670 2636/1287/2634 2635/1286/2633
f 2672/1324/2670 2673/1325/2671 2637/1288/2635 2636/1287/2634
f 2673/1325/2671 2674/1326/2672 2638/1289/2636 2637/1288/2635
f 2674/1326/2672 2675/1327/2673 2639/1290/2637 2638/1289/2636
f 2675/1327/2673 2676/1328/2674 2640/1291/2638 2639/1290/2637
f 2676/1328/2674 2677/1329/2675 2641/1292/2639 2640/1291/2638
f 2677/1329/2675 2678/1330/2676 2642/1293/2640 2641/1292/2639
f 2678/1330/2676 2679/1331/2677 2643/1294/2641 2642/1293/2640
f 2679/1331/2677 2680/1332/2678 2644/1295/2642 2643/1294/2641
f 2680/1332/2678 2681/1333/2679 2645/1296/2643 2644/1295/2642
f 2681/1333/2679 2682/1334/2680 2646/1297/2644 2645/1296/2643
f 2682/1334/2680 2683/1335/2681 2647/1298/2645 2646/1297/2644
f 2683/1335/2681 2684/1336/2682 2648/1299/2646 2647/1298/2645
f 2684/1336/2682 2685/1337/2683 2649/1300/2647 2648/1299/2646
f 2685/1337/2683 2686/1338/2684 2650/1301/2648 2649/1300/2647
f 2686/1338/2684 2687/1339/2685 2651/1302/2649 2650/1301/2648
f 2687/1339/2685 2688/1340/2686 2652/1303/2650 2651/1302/2649
f 2688/1340/2686 2689/1341/2687 2653/1304/2651 2652/1303/2650
f 2689/1341/2687 2690/1342/2688 2654/1305/2652 2653/1304/2651
f 2690/1342/2688 2691/1343/2689 2655/1306/2653 2654/1305/2652
f 2691/1343/2689 2692/1344/2690 2656/1307/2654 2655/1306/2653
f 2692/1344/2690 2693/1345/2691 2657/1308/2655 2656/1307/2654
f 2693/1345/2691 2694/1346/2692 2658/1309/2656 2657/1308/2655
f 2694/1346/2692 2659/1347/2657 2623/1310/2621 2658/1309/2656
f 2695/1349/2693 2696/1348/2694 2660/1311/2658 2659/1312/2657
f 2696/1348/2694 2697/1350/2695 2661/1313/2659 2660/1311/2658
f 2697/1350/2695 2698/1351/2696 2662/1314/2660 2661/1313/2659
f 2698/1351/2696 2699/1352/2697 2663/1315/2661 2662/1314/2660
f 2699/1352/2697 2700/1353/2698 2664/1316/2662 2663/1315/2661
f 2700/1353/2698 2701/1354/2699 2665/1317/2663 2664/1316/2662
f 2701/1354/2699 2702/1355/2700 2666/1318/2664 2665/1317/2663
f 2702/1355/2700 2703/1356/2701 2667/1319/2665 2666/1318/2664
f 2703/1356/2701 2704/1357/2702 2668/1320/2666 2667/1319/2665
f 2704/1357/2702 2705/1358/2703 2669/1321/2667 2668/1320/2666
f 2705/1358/2703 2706/1359/2704 2670/1322/2668 2669/1321/2667
f 2706/1359/2704 2707/1360/2705 2671/1323/2669 2670/1322/2668
f 2707/1360/2705 2708/1361/2706 2672/1324/2670 2671/1323/2669
f 2708/1361/2706 2709/1362/2707 2673/1325/2671 2672/1324/2670
f 2709/1362/2707 2710/1363/2708 2674/1326/2672 2673/1325/2671
f 2710/1363/2708 2711/1364/2709 2675/1327/2673 2674/1326/2672
f 2711/1364/2709 2712/1365/2710 2676/1328/2674 2675/1327/2673
f 2712/1365/2710 2713/1366/2711 2677/1329/2675 2676/1328/2674
f 2713/1366/2711 2714/1367/2712 2678/1330/2676 2677/1329/2675
f 2714/1367/2712 2715/1368/2713 2679/1331/2677 2678/1330/2676
f 2715/1368/2713 2716/1369/2714 2680/1332/2678 2679/1331/2677
f 2716/1369/2714 2717/1370/2715 2681/1333/2679 2680/1332/2678
f 2717/1370/2715 2718/1371/2716 2682/1334/2680 2681/1333/2679
f 2718/1371/2716 2719/1372/2717 2683/1335/2681 2682/1334/2680
f 2719/1372/2717 2720/1373/2718 2684/1336/2682 2683/1335/2681
f 2720/1373/2718 2721/1374/2719 2685/1337/2683 2684/1336/2682
f 2721/1374/2719 2722/1375/2720 2686/1338/2684 2685/1337/2683
f 2722/1375/2720 2723/1376/2721 2687/1339/2685 2686/1338/2684
f 2723/1376/2721 2724/1377/2722 2688/1340/2686 2687/1339/2685
f 2724/1377/2722 2725/1378/2723 2689/1341/2687 2688/1340/2686
f 2725/1378/2723 2726/1379/2724 2690/1342/2688 2689/1341/2687
f 2726/1379/2724 2727/1380/2725 2691/1343/2689 2690/1342/2688
f 2727/1380/2725 2728/1381/2726 2692/1344/2690 2691/1343/2689
f 2728/1381/2726 2729/1382/2727 2693/1345/2691 2692/1344/2690
f 2729/1382/2727 2730/1383/2728 2694/1346/2692 2693/1345/2691
f 2730/1383/2728 2695/1384/2693 2659/1347/2657 2694/1346/2692
f 2731/1386/2729 2732/1385/2730 2696/1348/2694 2695/1349/2693
f 2732/1385/2730 2733/1387/2731 2697/1350/2695 2696/1348/2694
f 2733/1387/2731 2734/1388/2732 2698/1351/2696 2697/1350/2695
f 2734/1388/2732 2735/1389/2733 2699/1352/2697 2698/1351/2696
f 2735/1389/2733 2736/1390/2734 2700/1353/2698 2699/1352/2697
f 2736/1390/2734 2737/1391/2735 2701/1354/2699 2700/1353/2698
f 2737/1391/2735 2738/1392/2736 2702/1355/2700 2701/1354/2699
f 2738/1392/2736 2739/1393/2737 2703/1356/2701 2702/1355/2700
f 2739/1393/2737 2740/1394/2738 2704/1357/2702 2703/1356/2701
f 2740/1394/2738 2741/1395/2739 2705/1358/2703 2704/1357/2702
f 2741/1395/2739 2742/1396/2740 2706/1359/2704 2705/1358/2703
f 2742/1396/2740 2743/1397/2741 2707/1360/2705 2706/1359/2704
f 2743/1397/2741 2744/1398/2742 2708/1361/2706 2707/1360/2705
f 2744/1398/2742 2745/1399/2743 2709/1362/2707 2708/1361/2706
f 2745/1399/2743 2746/1400/2744 2710/1363/2708 2709/1362/2707
f 2746/1400/2744 2747/1401/2745 2711/1364/2709 2710/1363/2708
f 2747/1401/2745 2748/1402/2746 2712/1365/2710 2711/1364/2709
f 2748/1402/2746 2749/1403/2747 2713/1366/2711 2712/1365/2710
f 2749/1403/2747 2750/1404/2748 2714/1367/2712 2713/1366/2711
f 2750/1404/2748 2751/1405/2749 2715/1368/2713 2714/1367/2712
f 2751/1405/2749 2752/1406/2750 2716/1369/2714 2715/1368/2713
f 2752/1406/2750 2753/1407/2751 2717/1370/2715 2716/1369/2714
f 2753/1407/2751 2754/1408/2752 2718/1371/2716 2717/1370/2715
f 2754/1408/2752 2755/1409/2753 2719/1372/2717 2718/1371/2716
f 2755/1409/2753 2756/1410/2754 2720/1373/2718 2719/1372/2717
f 2756/1410/2754 2757/1411/2755 2721/1374/2719 2720/1373/2718
f 2757/1411/2755 2758/1412/2756 2722/1375/2720 2721/1374/2719
f 2758/1412/2756 2759/1413/2757 2723/1376/2721 2722/1375/2720
f 2759/1413/2757 2760/1414/2758 2724/1377/2722 2723/1376/2721
f 2760/1414/2758 2761/1415/2759 2725/1378/2723 2724/1377/2722
f 2761/1415/2759 2762/1416/2760 2726/1379/2724 2725/1378/2723
f 2762/1416/2760 2763/1417/2761 2727/1380/2725 2726/1379/2724
f 2763/1417/2761 2764/1418/2762 2728/1381/2726 2727/1380/2725
f 2764/1418/2762 2765/1419/2763 2729/1382/2727 2728/1381/2726
f 2765/1419/2763 2766/1420/2764 2730/1383/2728 2729/1382/2727
f 2766/1420/2764 2731/1421/2729 2695/1384/2693 2730/1383/2728
f 2767/1423/2765 2768/1422/2766 2732/1385/2730 2731/1386/2729
f 2768/1422/2766 2769/1424/2767 2733/1387/2731 2732/1385/2730
f 2769/1424/2767 2770/1425/2768 2734/1388/2732 2733/1387/2731
f 2770/1425/2768 2771/1426/2769 2735/1389/2733 2734/1388/2732
f 2771/1426/2769 2772/1427/2770 2736/1390/2734 2735/1389/2733
f 2772/1427/2770 2773/1428/2771 2737/1391/2735 2736/1390/2734
f 2773/1428/2771 2774/1429/2772 2738/1392/2736 2737/1391/2735
f 2774/1429/2772 2775/1430/2773 2739/1393/2737 2738/1392/2736
f 2775/1430/2773 2776/1431/2774 2740/1394/2738 2739/1393/2737
f 2776/1431/2774 2777/1432/2775 2741/1395/2739 2740/1394/2738
f 2777/1432/2775 2778/1433/2776 2742/1396/2740 2741/1395/2739
f 2778/1433/2776 2779/1434/2777 2743/1397/2741 2742/1396/2740
f 2779/1434/2777 2780/1435/2778 2744/1398/2742 2743/1397/2741
f 2780/1435/2778 2781/1436/2779 2745/1399/2743 2744/1398/2742
f 2781/1436/2779 2782/1437/2780 2746/1400/2744 2745/1399/2743
f 2782/1437/2780 2783/1438/2781 2747/1401/2745 2746/1400/2744
f 2783/1438/2781 2784/1439/2782 2748/1402/2746 2747/1401/2745
f 2784/1439/2782 2785/1440/2783 2749/1403/2747 2748/1402/2746
f 2785/1440/2783 2786/1441/2784 2750/1404/2748 2749/1403/2747
f 2786/1441/2784 2787/1442/2785 2751/1405/2749 2750/1404/2748
f 2787/1442/2785 2788/1443/2786 2752/1406/2750 2751/1405/2749
f 2788/1443/2786 2789/1444/2787 2753/1407/2751 2752/1406/2750
f 2789/1444/2787 2790/1445/2788 2754/1408/2752 2753/1407/2751
f 2790/1445/2788 2791/1446/2789 2755/1409/2753 2754/1408/2752
f 2791/1446/2789 2792/1447/2790 2756/1410/2754 2755/1409/2753
f 2792/1447/2790 2793/1448/2791 2757/1411/2755 2756/1410/2754
f 2793/1448/2791 2794/1449/2792 2758/1412/2756 2757/1411/2755
f 2794/1449/2792 2795/1450/2793 2759/1413/2757 2758/1412/2756
f 2795/1450/2793 2796/1451/2794 2760/1414/2758 2759/1413/2757
f 2796/1451/2794 2797/1452/2795 2761/1415/2759 2760/1414/2758
f 2797/1452/2795 2798/1453/2796 2762/1416/2760 2761/1415/2759
f 2798/1453/2796 2799/1454/2797 2763/1417/2761 2762/1416/2760
f 2799/1454/2797 2800/1455/2798 2764/1418/2762 2763/1417/2761
f 2800/1455/2798 2801/1456/2799 2765/1419/2763 2764/1418/2762
f 2801/1456/2799 2802/1457/2800 2766/1420/2764 2765/1419/2763
f 2802/1457/2800 2767/1458/2765 2731/1421/2729 2766/1420/2764
f 2803/1460/2801 2804/1459/2802 2768/1422/2766 2767/1423/2765
f 2804/1459/2802 2805/1461/2803 2769/1424/2767 2768/1422/2766
f 2805/1461/2803 2806/1462/2804 2770/1425/2768 2769/1424/2767
f 2806/1462/2804 2807/1463/2805 2771/1426/2769 2770/1425/2768
f 2807/1463/2805 2808/1464/2806 2772/1427/2770 2771/1426/2769
f 2808/1464/2806 2809/1465/2807 2773/1428/2771 2772/1427/2770
f 2809/1465/2807 2810/1466/2808 2774/1429/2772 2773/1428/2771
f 2810/1466/2808 2811/1467/2809 2775/1430/2773 2774/1429/2772
f 2811/1467/2809 2812/1468/2810 2776/1431/2774 2775/1430/2773
f 2812/1468/2810 2813/1469/2811 2777/1432/2775 2776/1431/2774
f 2813/1469/2811 2814/1470/2812 2778/1433/2776 2777/1432/2775
f 2814/1470/2812 2815/1471/2813 2779/1434/2777 2778/1433/2776
f 2815/1471/2813 2816/1472/2814 2780/1435/2778 2779/1434/2777
f 2816/1472/2814 2817/1473/2815 2781/1436/2779 2780/1435/2778
f 2817/1473/2815 2818/1474/2816 2782/1437/2780 2781/1436/2779
f 2818/1474/2816 2819/1475/2817 2783/1438/2781 2782/1437/2780
f 2819/1475/2817 2820/1476/2818 2784/1439/2782 2783/1438/2781
f 2820/1476/2818 2821/1477/2819 2785/1440/2783 2784/1439/2782
f 2821/1477/2819 2822/1478/2820 2786/1441/2784 2785/1440/2783
f 2822/1478/2820 2823/1479/2821 2787/1442/2785 2786/1441/2784
f 2823/1479/2821 2824/1480/2822 2788/1443/2786 2787/1442/2785
f 2824/1480/2822 2825/1481/2823 2789/1444/2787 2788/1443/2786
f 2825/1481/2823 2826/1482/2824 2790/1445/2788 2789/1444/2787
f 2826/1482/2824 2827/1483/2825 2791/1446/2789 2790/1445/2788
f 2827/1483/2825 2828/1484/2826 2792/1447/2790 2791/1446/2789
f 2828/1484/2826 2829/1485/2827 2793/1448/2791 2792/1447/2790
f 2829/1485/2827 2830/1486/2828 2794/1449/2792 2793/1448/2791
f 2830/1486/2828 2831/1487/2829 2795/1450/2793 2794/1449/2792
f 2831/1487/2829 2832/1488/2830 2796/1451/2794 2795/1450/2793
f 2832/1488/2830 2833/1489/2831 2797/1452/2795 2796/1451/2794
f 2833/1489/2831 2834/1490/2832 2798/1453/2796 2797/1452/2795
f 2834/1490/2832 2835/1491/2833 2799/1454/2797 2798/1453/2796
f 2835/1491/2833 2836/1492/2834 2800/1455/2798 2799/1454/2797
f 2836/1492/2834 2837/1493/2835 2801/1456/2799 2800/1455/2798
f 2837/1493/2835 2838/1494/2836 2802/1457/2800 2801/1456/2799
f 2838/1494/2836 2803/1495/2801 2767/1458/2765 2802/1457/2800
f 2839/1497/2837 2840/1496/2838 2804/1459/2802 2803/1460/2801
f 2840/1496/2838 2841/1498/2839 2805/1461/2803 2804/1459/2802
f 2841/1498/2839 2842/1499/2840 2806/1462/2804 2805/1461/2803
f 2842/1499/2840 2843/1500/2841 2807/1463/2805 2806/1462/2804
f 2843/1500/2841 2844/1501/2842 2808/1464/2806 2807/1463/2805
f 2844/1501/2842 2845/1502/2843 2809/1465/2807 2808/1464/2806
f 2845/1502/2843 2846/1503/2844 2810/1466/2808 2809/1465/2807
f 2846/1503/2844 2847/1504/2845 2811/1467/2809 2810/1466/2808
f 2847/1504/2845 2848/1505/2846 2812/1468/2810 2811/1467/2809
f 2848/1505/2846 2849/1506/2847 2813/1469/2811 2812/1468/2810
f 2849/1506/2847 2850/1507/2848 2814/1470/2812 2813/1469/2811
f 2850/1507/2848 2851/1508/2849 2815/1471/2813 2814/1470/2812
f 2851/1508/2849 2852/1509/2850 2816/1472/2814 2815/1471/2813
f 2852/1509/2850 2853/1510/2851 2817/1473/2815 2816/1472/2814
f 2853/1510/2851 2854/1511/2852 2818/1474/2816 2817/1473/2815
f 2854/1511/2852 2855/1512/2853 2819/1475/2817 2818/1474/2816
f 2855/1512/2853 2856/1513/2854 2820/1476/2818 2819/1475/2817
f 2856/1513/2854 2857/1514/2855 2821/1477/2819 2820/1476/2818
f 2857/1514/2855 2858/1515/2856 2822/1478/2820 2821/1477/2819
f 2858/1515/2856 2859/1516/2857 2823/1479/2821 2822/1478/2820
f 2859/1516/2857 2860/1517/2858 2824/1480/2822 2823/1479/2821
f 2860/1517/2858 2861/1518/2859 2825/1481/2823 2824/1480/2822
f 2861/1518/2859 2862/1519/2860 2826/1482/2824 2825/1481/2823
f 2862/1519/2860 2863/1520/2861 2827/1483/2825 2826/1482/2824
f 2863/1520/2861 2864/1521/2862 2828/1484/2826 2827/1483/2825
f 2864/1521/2862 2865/1522/2863 2829/1485/2827 2828/1484/2826
f 2865/1522/2863 2866/1523/2864 2830/1486/2828 2829/1485/2827
f 2866/1523/2864 2867/1524/2865 2831/1487/2829 2830/1486/2828
f 2867/1524/2865 2868/1525/2866 2832/1488/2830 2831/1487/2829
f 2868/1525/2866 2869/1526/2867 2833/1489/2831 2832/1488/2830
f 2869/1526/2867 2870/1527/2868 2834/1490/2832 2833/1489/2831
f 2870/1527/2868 2871/1528/2869 2835/1491/2833 2834/1490/2832
f 2871/1528/2869 2872/1529/2870 2836/1492/2834 2835/1491/2833
f 2872/1529/2870 2873/1530/2871 2837/1493/2835 2836/1492/2834
f 2873/1530/2871 2874/1531/2872 2838/1494/2836 2837/1493/2835
f 2874/1531/2872 2839/1532/2837 2803/1495/2801 2838/1494/2836
f 2875/1534/2873 2876/1533/2874 2840/1496/2838 2839/1497/2837
f 2876/1533/2874 2877/1535/2875 2841/1498/2839 2840/1496/2838
f 2877/1535/2875 2878/1536/2876 2842/1499/2840 2841/1498/2839
f 2878/1536/2876 2879/1537/2877 2843/1500/2841 2842/1499/2840
f 2879/1537/2877 2880/1538/2878 2844/1501/2842 2843/1500/2841
f 2880/1538/2878 2881/1539/2879 2845/1502/2843 2844/1501/2842
f 2881/1539/2879 2882/1540/2880 2846/1503/2844 2845/1502/2843
f 2882/1540/2880 2883/1541/2881 2847/1504/2845 2846/1503/2844
f 2883/1541/2881 2884/1542/2882 2848/1505/2846 2847/1504/2845
f 2884/1542/2882 2885/1543/2883 2849/1506/2847 2848/1505/2846
f 2885/1543/2883 2886/1544/2884 2850/1507/2848 2849/1506/2847
f 2886/1544/2884 2887/1545/2885 2851/1508/2849 2850/1507/2848
f 2887/1545/2885 2888/1546/2886 2852/1509/2850 2851/1508/2849
f 2888/1546/2886 2889/1547/2887 2853/1510/2851 2852/1509/2850
f 2889/1547/2887 2890/1548/2888 2854/1511/2852 2853/1510/2851
f 2890/1548/2888 2891/1549/2889 2855/1512/2853 2854/1511/2852
f 2891/1549/2889 2892/1550/2890 2856/1513/2854 2855/1512/2853
f 2892/1550/2890 2893/1551/2891 2857/1514/2855 2856/1513/2854
f 2893/1551/2891 2894/1552/2892 2858/1515/2856 2857/1514/2855
f 2894/1552/2892 2895/1553/2893 2859/1516/2857 2858/1515/2856
f 2895/1553/2893 2896/1554/2894 2860/1517/2858 2859/1516/2857
f 2896/1554/2894 2897/1555/2895 2861/1518/2859 2860/1517/2858
f 2897/1555/2895 2898/1556/2896 2862/1519/2860 2861/1518/2859
f 2898/1556/2896 2899/1557/2897 2863/1520/2861 2862/1519/2860
f 2899/1557/2897 2900/1558/2898 2864/1521/2862 2863/1520/2861
f 2900/1558/2898 2901/1559/2899 2865/1522/2863 2864/1521/2862
f 2901/1559/2899 2902/1560/2900 2866/1523/2864 2865/1522/2863
f 2902/1560/2900 2903/1561/2901 2867/1524/2865 2866/1523/2864
f 2903/1561/2901 2904/1562/2902 2868/1525/2866 2867/1524/2865
f 2904/1562/2902 2905/1563/2903 2869/1526/2867 2868/1525/2866
f 2905/1563/2903 2906/1564/2904 2870/1527/2868 2869/1526/2867
f 2906/1564/2904 2907/1565/2905 2871/1528/2869 2870/1527/2868
f 2907/1565/2905 2908/1566/2906 2872/1529/2870 2871/1528/2869
f 2908/1566/2906 2909/1567/2907 2873/1530/2871 2872/1529/2870
f 2909/1567/2907 2910/1568/2908 2874/1531/2872 2873/1530/2871
f 2910/1568/2908 2875/1569/2873 2839/1532/2837 2874/1531/2872
f 2911/1571/2909 2912/1570/2910 2876/1533/2874 2875/1534/2873
f 2912/1570/2910 2913/1572/2911 2877/1535/2875 2876/1533/2874
f 2913/1572/2911 2914/1573/2912 2878/1536/2876 2877/1535/2875
f 2914/1573/2912 2915/1574/2913 2879/1537/2877 2878/1536/2876
f 2915/1574/2913 2916/1575/2914 2880/1538/2878 2879/1537/2877
f 2916/1575/2914 2917/1576/2915 2881/1539/2879 2880/1538/2878
f 2917/1576/2915 2918/1577/2916 2882/1540/2880 2881/1539/2879
f 2918/1577/2916 2919/1578/2917 2883/1541/2881 2882/1540/2880
f 2919/1578/2917 2920/1579/2918 2884/1542/2882 2883/1541/2881
f 2920/1579/2918 2921/1580/2919 2885/1543/2883 2884/1542/2882
f 2921/1580/2919 2922/1581/2920 2886/1544/2884 2885/1543/2883
f 2922/1581/2920 2923/1582/2921 2887/1545/2885 2886/1544/2884
f 2923/1582/2921 2924/1583/2922 2888/1546/2886 2887/1545/2885
f 2924/1583/2922 2925/1584/2923 2889/1547/2887 2888/1546/2886
f 2925/1584/2923 2926/1585/2924 2890/1548/2888 2889/1547/2887
f 2926/1585/2924 2927/1586/2925 2891/1549/2889 2890/1548/2888
f 2927/1586/2925 2928/1587/2926 2892/1550/2890 2891/1549/2889
f 2928/1587/2926 2929/1588/2927 2893/1551/2891 2892/1550/2890
f 2929/1588/2927 2930/1589/2928 2894/1552/2892 2893/1551/2891
f 2930/1589/2928 2931/1590/2929 2895/1553/2893 2894/1552/2892
f 2931/1590/2929 2932/1591/2930 2896/1554/2894 2895/1553/2893
f 2932/1591/2930 2933/1592/2931 2897/1555/2895 2896/1554/2894
f 2933/1592/2931 2934/1593/2932 2898/1556/2896 2897/1555/2895
f 2934/1593/2932 2935/1594/2933 2899/1557/2897 2898/1556/2896
f 2935/1594/2933 2936/1595/2934 2900/1558/2898 2899/1557/2897
f 2936/1595/2934 2937/1596/2935 2901/1559/2899 2900/1558/2898
f 2937/1596/2935 2938/1597/2936 2902/1560/2900 2901/1559/2899
f 2938/1597/2936 2939/1598/2937 2903/1561/2901 2902/1560/2900
f 2939/1598/2937 2940/1599/2938 2904/1562/2902 2903/1561/2901
f 2940/1599/2938 2941/1600/2939 2905/1563/2903 2904/1562/2902
f 2941/1600/2939 2942/1601/2940 2906/1564/2904 2905/1563/2903
f 2942/1601/2940 2943/1602/2941 2907/1565/2905 2906/1564/2904
f 2943/1602/2941 2944/1603/2942 2908/1566/2906 2907/1565/2905
f 2944/1603/2942 2945/1604/2943 2909/1567/2907 2908/1566/2906
f 2945/1604/2943 2946/1605/2944 2910/1568/2908 2909/1567/2907
f 2946/1605/2944 2911/1606/2909 2875/1569/2873 2910/1568/2908
f 2947/1608/2945 2948/1607/2946 2912/1570/2910 2911/1571/2909
f 2948/1607/2946 2949/1609/2947 2913/1572/2911 2912/1570/2910
f 2949/1609/2947 2950/1610/2948 2914/1573/2912 2913/1572/2911
f 2950/1610/2948 2951/1611/2949 2915/1574/2913 2914/1573/2912
f 2951/1611/2949 2952/1612/2950 2916/1575/2914 2915/1574/2913
f 2952/1612/2950 2953/1613/2951 2917/1576/2915 2916/1575/2914
f 2953/1613/2951 2954/1614/2952 2918/1577/2916 2917/1576/2915
f 2954/1614/2952 2955/1615/2953 2919/1578/2917 2918/1577/2916
f 2955/1615/2953 2956/1616/2954 2920/1579/2918 2919/1578/2917
f 2956/1616/2954 2957/1617/2955 2921/1580/2919 2920/1579/2918
f 2957/1617/2955 2958/1618/2956 2922/1581/2920 2921/1580/2919
f 2958/1618/2956 2959/1619/2957 2923/1582/2921 2922/1581/2920
f 2959/1619/2957 2960/1620/2958 2924/1583/2922 2923/1582/2921
f 2960/1620/2958 2961/1621/2959 2925/1584/2923 2924/1583/2922
f 2961/1621/2959 2962/1622/2960 2926/1585/2924 2925/1584/2923
f 2962/1622/2960 2963/1623/2961 2927/1586/2925 2926/1585/2924
f 2963/1623/2961 2964/1624/2962 2928/1587/2926 2927/1586/2925
f 2964/1624/2962 2965/1625/2963 2929/1588/2927 2928/1587/2926
f 2965/1625/2963 2966/1626/2964 2930/1589/2928 2929/1588/2927
f 2966/1626/2964 2967/1627/2965 2931/1590/2929 2930/1589/2928
f 2967/1627/2965 2968/1628/2966 2932/1591/2930 2931/1590/2929
f 2968/1628/2966 2969/1629/2967 2933/1592/2931 2932/1591/2930
f 2969/1629/2967 2970/1630/2968 2934/1593/2932 2933/1592/2931
f 2970/1630/2968 2971/1631/2969 2935/1594/2933 2934/1593/2932
f 2971/1631/2969 2972/1632/2970 2936/1595/2934 2935/1594/2933
f 2972/1632/2970 2973/1633/2971 2937/1596/2935 2936/1595/2934
f 2973/1633/2971 2974/1634/2972 2938/1597/2936 2937/1596/2935
f 2974/1634/2972 2975/1635/2973 2939/1598/2937 2938/1597/2936
f 2975/1635/2973 2976/1636/2974 2940/1599/2938 2939/1598/2937
f 2976/1636/2974 2977/1637/2975 2941/1600/2939 2940/1599/2938
f 2977/1637/2975 2978/1638/2976 2942/1601/2940 2941/1600/2939
f 2978/1638/2976 2979/1639/2977 2943/1602/2941 2942/1601/2940
f 2979/1639/2977 2980/1640/2978 2944/1603/2942 2943/1602/2941
f 2980/1640/2978 2981/1641/2979 2945/1604/2943 2944/1603/2942
f 2981/1641/2979 2982/1642/2980 2946/1605/2944 2945/1604/2943
f 2982/1642/2980 2947/1643/2945 2911/1606/2909 2946/1605/2944
f 2983/1645/2981 2984/1644/2982 2948/1607/2946 2947/1608/2945
f 2984/1644/2982 2985/1646/2983 2949/1609/2947 2948/1607/2946
f 2985/1646/2983 2986/1647/2984 2950/1610/2948 2949/1609/2947
f 2986/1647/2984 2987/1648/2985 2951/1611/2949 2950/1610/2948
f 2987/1648/2985 2988/1649/2986 2952/1612/2950 2951/1611/2949
f 2988/1649/2986 2989/1650/2987 2953/1613/2951 2952/1612/2950
f 2989/1650/2987 2990/1651/2988 2954/1614/2952 2953/1613/2951
f 2990/1651/2988 2991/1652/2989 2955/1615/2953 2954/1614/2952
f 2991/1652/2989 2992/1653/2990 2956/1616/2954 2955/1615/2953
f 2992/1653/2990 2993/1654/2991 2957/1617/2955 2956/1616/2954
f 2993/1654/2991 2994/1655/2992 2958/1618/2956 2957/1617/2955
f 2994/1655/2992 2995/1656/2993 2959/1619/2957 2958/1618/2956
f 2995/1656/2993 2996/1657/2994 2960/1620/2958 2959/1619/2957
f 2996/1657/2994 2997/1658/2995 2961/1621/2959 2960/1620/2958
f 2997/1658/2995 2998/1659/2996 2962/1622/2960 2961/1621/2959
f 2998/1659/2996 2999/1660/2997 2963/1623/2961 2962/1622/2960
f 2999/1660/2997 3000/1661/2998 2964/1624/2962 2963/1623/2961
f 3000/1661/2998 3001/1662/2999 2965/1625/2963 2964/1624/2962
f 3001/1662/2999 3002/1663/3000 2966/1626/2964 2965/1625/2963
f 3002/1663/3000 3003/1664/3001 2967/1627/2965 2966/1626/2964
f 3003/1664/3001 3004/1665/3002 2968/1628/2966 2967/1627/2965
f 3004/1665/3002 3005/1666/3003 2969/1629/2967 2968/1628/2966
f 3005/1666/3003 3006/1667/3004 2970/1630/2968 2969/1629/2967
f 3006/1667/3004 3007/1668/3005 2971/1631/2969 2970/1630/2968
f 3007/1668/3005 3008/1669/3006 2972/1632/2970 2971/1631/2969
f 3008/1669/3006 3009/1670/3007 2973/1633/2971 2972/1632/2970
f 3009/1670/3007 3010/1671/3008 2974/1634/2972 2973/1633/2971
f 3010/1671/3008 3011/1672/3009 2975/1635/2973 2974/1634/2972
f 3011/1672/3009 3012/1673/3010 2976/1636/2974 2975/1635/2973
f 3012/1673/3010 3013/1674/3011 2977/1637/2975 2976/1636/2974
f 3013/1674/3011 3014/1675/3012 2978/1638/2976 2977/1637/2975
f 3014/1675/3012 3015/1676/3013 2979/1639/2977 2978/1638/2976
f 3015/1676/3013 3016/1677/3014 2980/1640/2978 2979/1639/2977
f 3016/1677/3014 3017/1678/3015 2981/1641/2979 2980/1640/2978
f 3017/1678/3015 3018/1679/3016 2982/1642/2980 2981/1641/2979
f 3018/1679/3016 2983/1680/2981 2947/1643/2945 2982/1642/2980
f 2407/1055/2408 2408/1052/2407 2405/1681/3017
f 2983/1645/2981 2406/1682/3018 2984/1644/2982
f 2408/1052/2407 2409/1056/2410 2405/1683/3017
f 2984/1644/2982 2406/1684/3018 2985/1646/2983
f 2409/1056/2410 2410/1058/2412 2405/1685/3017
f 2985/1646/2983 2406/1686/3018 2986/1647/2984
f 2410/1058/2412 2411/1060/2414 2405/1687/3017
f 2986/1647/2984 2406/1688/3018 2987/1648/2985
f 2411/1060/2414 2412/1062/2416 2405/1689/3017
f 2987/1648/2985 2406/1690/3018 2988/1649/2986
f 2412/1062/2416 2413/1064/2418 2405/1691/3017
f 2988/1649/2986 2406/1692/3018 2989/1650/2987
f 2413/1064/2418 2414/1066/2420 2405/1693/3017
f 2989/1650/2987 2406/1694/3018 2990/1651/2988
f 2414/1066/2420 2415/1068/2422 2405/1695/3017
f 2990/1651/2988 2406/1696/3018 2991/1652/2989
f 2415/1068/2422 2416/1070/2424 2405/1697/3017
f 2991/1652/2989 2406/1698/3018 2992/1653/2990
f 2416/1070/2424 2417/1072/2426 2405/1699/3017
f 2992/1653/2990 2406/1700/3018 2993/1654/2991
f 2417/1072/2426 2418/1074/2428 2405/1701/3017
f 2993/1654/2991 2406/1702/3018 2994/1655/2992
f 2418/1074/2428 2419/1076/2430 2405/1703/3017
f 2994/1655/2992 2406/1704/3018 2995/1656/2993
f 2419/1076/2430 2420/1078/2432 2405/1705/3017
f 2995/1656/2993 2406/1706/3018 2996/1657/2994
f 2420/1078/2432 2421/1080/2434 2405/1707/3017
f 2996/1657/2994 2406/1708/3018 2997/1658/2995
f 2421/1080/2434 2422/1082/2436 2405/1709/3017
f 2997/1658/2995 2406/1710/3018 2998/1659/2996
f 2422/1082/2436 2423/1084/2438 2405/1711/3017
f 2998/1659/2996 2406/1712/3018 2999/1660/2997
f 2423/1084/2438 2424/1086/2440 2405/1713/3017
f 2999/1660/2997 2406/1714/3018 3000/1661/2998
f 2424/1086/2440 2425/1088/2442 2405/1715/3017
f 3000/1661/2998 2406/1716/3018 3001/1662/2999
f 2425/1088/2442 2426/1090/2444 2405/1717/3017
f 3001/1662/2999 2406/1718/3018 3002/1663/3000
f 2426/1090/2444 2427/1092/2446 2405/1719/3017
f 3002/1663/3000 2406/1720/3018 3003/1664/3001
f 2427/1092/2446 2428/1094/2448 2405/1721/3017
f 3003/1664/3001 2406/1722/3018 3004/1665/3002
f 2428/1094/2448 2429/1096/2450 2405/1723/3017
f 3004/1665/3002 2406/1724/3018 3005/1666/3003
f 2429/1096/2450 2430/1098/2452 2405/1725/3017
f 3005/1666/3003 2406/1726/3018 3006/1667/3004
f 2430/1098/2452 2431/1100/2454 2405/1727/3017
f 3006/1667/3004 2406/1728/3018 3007/1668/3005
f 2431/1100/2454 2432/1102/2456 2405/1729/3017
f 3007/1668/3005 2406/1730/3018 3008/1669/3006
f 2432/1102/2456 2433/1104/2458 2405/1731/3017
f 3008/1669/3006 2406/1732/3018 3009/1670/3007
f 2433/1104/2458 2434/1106/2460 2405/1733/3017
f 3009/1670/3007 2406/1734/3018 3010/1671/3008
f 2434/1106/2460 2435/1108/2462 2405/1735/3017
f 3010/1671/3008 2406/1736/3018 3011/1672/3009
f 2435/1108/2462 2436/1110/2464 2405/1737/3017
f 3011/1672/3009 2406/1738/3018 3012/1673/3010
f 2436/1110/2464 2437/1112/2466 2405/1739/3017
f 3012/1673/3010 2406/1740/3018 3013/1674/3011
f 2437/1112/2466 2438/1114/2468 2405/1741/3017
f 3013/1674/3011 2406/1742/3018 3014/1675/3012
f 2438/1114/2468 2439/1116/2470 2405/1743/3017
f 3014/1675/3012 2406/1744/3018 3015/1676/3013
f 2439/1116/2470 2440/1118/2472 2405/1745/3017
f 3015/1676/3013 2406/1746/3018 3016/1677/3014
f 2440/1118/2472 2441/1120/2474 2405/1747/3017
f 3016/1677/3014 2406/1748/3018 3017/1678/3015
f 2441/1120/2474 2442/1122/2476 2405/1749/3017
f 3017/1678/3015 2406/1750/3018 3018/1679/3016
f 2442/1122/2476 2407/1124/2408 2405/1751/3017
f 3018/1679/3016 2406/1752/3018 2983/1680/2981
