# Blender 4.4.3
# www.blender.org
mtllib shark4.mtl
o Object_10
v 0.011739 -0.027180 -0.928097
v 0.011049 -0.018200 -0.965647
v 0.019029 -0.016570 -0.960747
v 0.004299 -0.027180 -0.932177
v 0.004299 -0.036980 -0.901987
v 0.015719 -0.012900 -1.039917
v 0.022799 -0.006570 -1.037467
v 0.028679 -0.011470 -0.957487
v 0.021559 -0.027790 -0.908507
v 0.010899 -0.036980 -0.898717
v 0.004299 -0.041670 -0.887287
v 0.031859 0.003220 -1.036656
v 0.039759 -0.025350 -0.851377
v 0.042929 0.002410 -0.956667
v 0.027509 -0.036570 -0.854647
v 0.016369 -0.038400 -0.882397
v 0.009429 -0.041870 -0.884847
v 0.060979 0.002810 -0.844847
v 0.053229 0.018120 -0.957487
v 0.040399 0.014240 -1.038287
v 0.051779 -0.038200 -0.710997
v 0.028309 -0.046360 -0.793427
v 0.018819 -0.047990 -0.824446
v 0.019839 -0.042890 -0.853827
v 0.013269 -0.043300 -0.873417
v 0.078989 0.002410 -0.705277
v 0.078229 0.040150 -0.839137
v 0.059049 0.036890 -0.956667
v 0.051749 0.029540 -1.036656
v 0.015339 -0.046570 -0.852197
v 0.014329 -0.050040 -0.831787
v 0.012819 -0.051260 -0.809757
v 0.010459 -0.052690 -0.820367
v 0.034559 -0.054730 -0.712627
v 0.015969 -0.054730 -0.774656
v 0.097919 0.054640 -0.697937
v 0.072969 0.062190 -0.829337
v 0.050039 0.057290 -0.946877
v 0.041569 0.048520 -1.030937
v 0.004299 -0.052280 -0.806487
v 0.004299 -0.053710 -0.817917
v 0.018819 -0.063300 -0.709357
v 0.004299 -0.056970 -0.772206
v 0.063889 0.076270 -0.818727
v 0.090059 0.081170 -0.689767
v 0.038769 0.072390 -0.924017
v 0.031269 0.059540 -1.022777
v 0.020749 -0.087990 -0.556327
v 0.004299 -0.065950 -0.708547
v 0.079709 0.096880 -0.680797
v 0.049479 0.093820 -0.799137
v 0.026419 0.083820 -0.915857
v 0.021019 0.068110 -1.025227
v 0.004299 -0.091250 -0.557547
v 0.062209 0.115240 -0.669777
v 0.033209 0.108310 -0.785267
v 0.115209 0.097290 -0.550607
v 0.101949 0.118920 -0.546527
v 0.018719 0.087700 -0.918307
v 0.020309 0.103820 -0.845667
v 0.014569 0.073210 -1.032577
v 0.004299 -0.106150 -0.492257
v 0.080619 0.139730 -0.543267
v 0.042999 0.131980 -0.661617
v 0.024039 0.125850 -0.721607
v 0.024189 0.114430 -0.782817
v 0.139489 0.102590 -0.418796
v 0.124999 0.130340 -0.420017
v 0.011339 0.089130 -0.922387
v 0.011799 0.102590 -0.865257
v 0.015329 0.110750 -0.819547
v 0.010409 0.108710 -0.837507
v 0.009219 0.075860 -1.035017
v 0.016609 0.123810 -0.746907
v 0.017739 0.116880 -0.783637
v 0.004299 0.089330 -0.924017
v 0.004299 0.103000 -0.867707
v 0.004299 0.108310 -0.840767
v 0.012109 0.113200 -0.812197
v 0.008719 0.110750 -0.826897
v 0.004299 0.110350 -0.830157
v 0.004299 0.076070 -1.035017
v 0.013259 0.124630 -0.756697
v 0.013929 0.118510 -0.784447
v 0.139289 0.057290 -0.417167
v 0.119599 0.063010 -0.553877
v 0.098219 -0.003920 -0.555916
v 0.118069 -0.017180 -0.414307
v 0.064909 -0.057590 -0.554697
v 0.083889 -0.081870 -0.410227
v 0.041549 -0.078600 -0.553877
v 0.043409 -0.097990 -0.470627
v 0.019509 -0.103500 -0.489397
v 0.061139 -0.111250 -0.406147
v 0.066699 -0.128490 -0.342887
v 0.037899 -0.116250 -0.439197
v 0.018909 -0.114820 -0.451847
v 0.004299 -0.114720 -0.457567
v 0.049969 -0.137880 -0.366967
v 0.049739 -0.123800 -0.403697
v 0.004299 -0.124310 -0.431857
v 0.012639 -0.124821 -0.430227
v 0.027939 -0.149411 -0.349007
v 0.035809 -0.151750 -0.316366
v 0.012259 -0.135530 -0.399617
v 0.004299 -0.135230 -0.397987
v 0.015099 -0.147670 -0.370237
v 0.004299 -0.144920 -0.364927
v 0.004299 -0.151550 -0.340437
v 0.004299 -0.156651 -0.309836
v 0.012639 -0.124821 -0.430227
v 0.018909 -0.114820 -0.451847
v 0.026089 -0.118900 -0.441647
v 0.019139 -0.125130 -0.429407
v 0.019609 -0.135630 -0.404917
v 0.012259 -0.135530 -0.399617
v 0.025789 -0.125940 -0.435937
v 0.026779 -0.135120 -0.416347
v 0.030529 -0.121040 -0.444097
v 0.032089 -0.146450 -0.400027
v 0.026349 -0.151140 -0.380437
v 0.015099 -0.147670 -0.370237
v 0.036469 -0.128900 -0.455117
v 0.035709 -0.138490 -0.430627
v 0.037469 -0.144820 -0.414717
v 0.044120 -0.157360 -0.395947
v 0.037009 -0.121960 -0.459607
v 0.047820 -0.152980 -0.417977
v 0.049249 -0.148590 -0.441237
v 0.042030 -0.159920 -0.377987
v 0.037109 -0.151650 -0.362887
v 0.027939 -0.149411 -0.349007
v 0.050699 -0.141040 -0.466137
v 0.047239 -0.123591 -0.486946
v 0.063080 -0.173590 -0.388187
v 0.064550 -0.172570 -0.404517
v 0.067310 -0.168490 -0.424917
v 0.069400 -0.165530 -0.447367
v 0.046569 -0.119111 -0.485726
v 0.046320 -0.156340 -0.369007
v 0.065520 -0.170020 -0.381247
v 0.049969 -0.137880 -0.366967
v 0.053080 -0.150730 -0.376357
v 0.049329 -0.140220 -0.378807
v 0.054149 -0.120021 -0.505316
v 0.054479 -0.130941 -0.492256
v 0.092310 -0.188790 -0.402877
v 0.089750 -0.191340 -0.406957
v 0.090670 -0.191850 -0.418797
v 0.093430 -0.189400 -0.433897
v 0.069760 -0.165630 -0.386557
v 0.056010 -0.147160 -0.393087
v 0.049739 -0.123800 -0.403697
v 0.109600 -0.203170 -0.422057
v 0.047699 -0.127470 -0.407367
v 0.049890 -0.136760 -0.398797
v 0.113990 -0.206030 -0.431447
v 0.114900 -0.202970 -0.423287
v 0.095260 -0.184500 -0.406147
v 0.113480 -0.198280 -0.422057
v 0.073530 -0.162060 -0.401247
v 0.058480 -0.144410 -0.414717
v 0.098530 -0.182260 -0.417567
v 0.039559 -0.119720 -0.432667
v 0.045829 -0.128190 -0.416757
v 0.049810 -0.136760 -0.411857
v 0.118780 -0.200210 -0.431447
v 0.125410 -0.209300 -0.436347
v 0.076540 -0.159610 -0.422057
v 0.100930 -0.180830 -0.432267
v 0.047390 -0.131651 -0.428587
v 0.059350 -0.141251 -0.438387
v -0.017841 -0.058810 0.829163
v 0.004329 -0.069010 0.825493
v 0.004319 -0.060240 0.832833
v -0.015111 -0.074730 0.813653
v 0.004329 -0.084320 0.803043
v -0.026251 -0.072280 0.810803
v -0.033641 -0.057180 0.820593
v -0.025561 -0.087170 0.785093
v -0.011131 -0.092680 0.781413
v 0.004319 -0.094520 0.780193
v -0.047881 -0.067580 0.796513
v -0.037781 -0.078600 0.789983
v -0.054511 -0.054320 0.802633
v -0.040991 -0.093090 0.758563
v -0.019471 -0.101460 0.753663
v 0.004319 -0.104310 0.751623
v -0.057621 -0.079620 0.765093
v -0.074201 -0.047990 0.775293
v -0.068591 -0.063710 0.771213
v -0.060531 -0.095950 0.730402
v -0.029791 -0.109010 0.721833
v 0.004319 -0.112470 0.718973
v -0.086541 -0.054320 0.747133
v -0.078791 -0.074320 0.739793
v -0.088631 -0.038400 0.751213
v -0.099241 -0.062890 0.721833
v -0.098281 -0.043100 0.732033
v -0.088381 -0.095130 0.697353
v -0.039001 -0.116860 0.687963
v 0.004319 -0.120530 0.684693
v -0.095471 -0.030040 0.737343
v -0.113431 -0.042280 0.710403
v -0.124341 -0.060650 0.685923
v -0.106281 -0.028610 0.721833
v -0.128731 -0.074320 0.643073
v -0.093331 -0.108800 0.641843
v -0.141281 -0.021880 0.687963
v -0.124341 -0.024530 0.712853
v 0.004319 -0.130840 0.638173
v -0.044231 -0.126040 0.638993
v -0.119751 -0.118900 0.559613
v -0.099551 -0.020650 0.727953
v -0.109351 -0.018200 0.720203
v -0.166781 -0.048400 0.571653
v -0.150771 -0.085540 0.569823
v -0.131591 -0.000860 0.750403
v -0.140261 0.014240 0.745503
v -0.159751 0.008320 0.678573
v -0.181481 -0.012690 0.570023
v 0.004319 -0.153080 0.539623
v -0.041701 -0.151240 0.537373
v -0.145051 -0.095540 0.485143
v -0.107411 -0.130740 0.508803
v -0.175971 -0.056970 0.466163
v -0.101181 -0.012900 0.724693
v -0.116691 -0.011270 0.752853
v -0.100671 -0.007590 0.804273
v -0.111591 0.008120 0.805902
v -0.144541 0.031380 0.741422
v -0.167601 0.037910 0.669593
v -0.189431 0.023010 0.562063
v -0.186581 -0.021880 0.456163
v 0.004319 -0.166960 0.438823
v -0.043341 -0.163590 0.434334
v -0.105061 -0.142060 0.429023
v -0.102001 -0.011270 0.750813
v -0.086491 -0.014940 0.798153
v -0.065171 -0.009230 0.858953
v -0.058541 -0.017800 0.845893
v 0.004319 -0.175020 0.315273
v -0.051500 -0.165220 0.316693
v -0.168111 0.069540 0.659803
v -0.189841 0.058310 0.553703
v -0.196271 0.015260 0.451063
v -0.025711 -0.021670 0.869563
v 0.004319 -0.177770 0.188634
v -0.167091 0.106270 0.651643
v -0.183721 0.099740 0.547173
v -0.201371 0.052800 0.446773
v -0.029281 -0.018820 0.889973
v 0.004319 -0.024120 0.876503
v -0.145971 0.106270 0.732033
v -0.140051 0.156050 0.638173
v -0.120571 0.147080 0.726733
v -0.157601 0.157280 0.533903
v -0.196781 0.098510 0.442903
v -0.198511 0.006280 0.373933
v -0.205041 0.053210 0.364133
v 0.004319 -0.020860 0.896093
v -0.076951 0.191150 0.625523
v -0.066501 0.177270 0.717753
v -0.102821 0.135650 0.797743
v -0.084151 0.203800 0.524313
v -0.161791 0.163400 0.439223
v -0.194841 0.100140 0.357303
v -0.202901 0.053620 0.282213
v -0.200041 0.001180 0.293743
v 0.004319 0.203800 0.623073
v 0.004299 0.218490 0.527373
v 0.004319 0.187070 0.713263
v -0.056701 0.160130 0.793663
v -0.086341 0.210740 0.437593
v 0.004299 0.231140 0.440043
v -0.157091 0.167480 0.353633
v -0.195151 0.104630 0.273843
v -0.198621 0.066070 0.146393
v -0.196580 0.020770 0.157523
v 0.004319 0.169520 0.791213
v 0.004299 0.240530 0.358733
v -0.086901 0.218490 0.356893
v -0.149341 0.176050 0.257723
v -0.187801 0.118920 0.125983
v -0.187501 0.030770 0.020113
v -0.188011 0.083820 0.006643
v 0.004299 0.247880 0.260783
v -0.087311 0.222170 0.255123
v -0.149441 0.179720 0.110683
v -0.178111 0.133200 -0.005286
v -0.175251 0.092800 -0.130476
v -0.176171 0.038520 -0.118846
v -0.169131 -0.040850 0.038583
v -0.159441 -0.039630 -0.107826
v -0.100111 0.217270 0.096633
v -0.143731 0.186250 -0.021306
v -0.164541 0.137690 -0.140876
v -0.028471 0.249920 0.122593
v -0.062161 0.238900 0.092553
v 0.004299 0.253180 0.129713
v -0.097001 0.218900 -0.029576
v -0.153111 0.046680 -0.279226
v -0.153221 0.095860 -0.286166
v -0.137101 -0.030450 -0.275146
v -0.129651 0.185440 -0.152516
v -0.140561 0.134830 -0.293097
v -0.019911 0.255220 0.089233
v 0.004299 0.256850 0.096833
v -0.069051 0.234820 -0.031206
v -0.038291 0.251550 0.058523
v -0.087161 0.217680 -0.157406
v -0.110371 0.173600 -0.300446
v -0.109451 -0.017180 -0.414307
v -0.130671 0.057290 -0.417167
v -0.130871 0.102590 -0.418797
v -0.116391 0.130340 -0.420017
v 0.004299 0.273180 0.064743
v -0.009341 0.272770 0.057913
v -0.020161 0.271140 0.030623
v -0.046701 0.246650 -0.035486
v -0.041221 0.241750 -0.142306
v -0.061391 0.232370 -0.152516
v -0.071601 0.200540 -0.304116
v -0.046801 0.228290 -0.234946
v -0.091801 0.159320 -0.422877
v -0.003891 0.306230 0.028583
v -0.093331 0.118920 -0.546526
v -0.106591 0.097290 -0.550607
v -0.072061 0.139730 -0.543266
v -0.026831 0.264610 -0.044976
v -0.009291 0.302560 0.004914
v -0.030351 0.240120 -0.200876
v -0.059971 0.180130 -0.423287
v -0.045101 0.214410 -0.306976
v -0.019111 0.234820 -0.262086
v -0.014211 0.241350 -0.227396
v -0.071091 0.096880 -0.680797
v -0.053591 0.115240 -0.669777
v 0.039429 -0.121960 -0.436347
v 0.120820 -0.200010 -0.440837
v 0.078180 -0.157980 -0.444507
v 0.101790 -0.179910 -0.447367
v 0.044049 -0.124621 -0.454297
v 0.059499 -0.135631 -0.464097
v 0.077099 -0.153690 -0.469807
v 0.101330 -0.179910 -0.459607
v 0.116430 -0.195010 -0.455527
v 0.120210 -0.198280 -0.449407
v 0.079449 -0.159200 -0.478787
v 0.068129 -0.135021 -0.495926
v 0.100210 -0.182560 -0.464907
v 0.117860 -0.199190 -0.456747
v 0.126330 -0.207460 -0.451037
v 0.060629 -0.126861 -0.491026
v 0.051239 -0.120021 -0.486126
v 0.069089 -0.139000 -0.498787
v 0.065879 -0.125641 -0.510616
v 0.056699 -0.117781 -0.504496
v 0.061999 -0.120531 -0.510206
v 0.065519 -0.125941 -0.514286
v 0.055299 -0.117471 -0.506946
v 0.046569 -0.119111 -0.485726
v 0.061489 -0.119511 -0.516326
v 0.037009 -0.121960 -0.459607
v 0.030529 -0.121040 -0.444097
v 0.026089 -0.118900 -0.441647
v 0.037899 -0.116250 -0.439197
v 0.018909 -0.114820 -0.451847
v 0.009739 0.127890 -0.742827
v 0.004299 0.131570 -0.749357
v 0.004299 0.129120 -0.739557
v 0.008809 0.130750 -0.751807
v 0.013259 0.124630 -0.756697
v 0.004299 0.138100 -0.762417
v 0.011619 0.127490 -0.764047
v 0.007969 0.137280 -0.764047
v 0.013929 0.118510 -0.784447
v 0.004299 0.145850 -0.777917
v 0.012029 0.120960 -0.787717
v 0.010229 0.133610 -0.773837
v 0.006739 0.145440 -0.779557
v 0.004299 0.147890 -0.793427
v 0.010439 0.115240 -0.811387
v 0.010579 0.126670 -0.791797
v 0.008699 0.139320 -0.783637
v 0.005739 0.147480 -0.793427
v 0.012109 0.113200 -0.812197
v 0.008469 0.137280 -0.794247
v 0.006099 0.130750 -0.810567
v 0.004299 0.130750 -0.811387
v 0.009229 0.118920 -0.813837
v 0.007749 0.112390 -0.823627
v 0.007969 0.128300 -0.807307
v 0.008719 0.110750 -0.826897
v 0.006939 0.119320 -0.822807
v 0.005839 0.120140 -0.823627
v 0.006329 0.115240 -0.830157
v 0.007109 0.113200 -0.824447
v 0.004299 0.111980 -0.826077
v 0.004299 0.120550 -0.824447
v 0.005339 0.115240 -0.832607
v 0.005609 0.114430 -0.831787
v 0.004299 0.112800 -0.826897
v 0.004299 0.110350 -0.830157
v 0.004299 0.114020 -0.832607
v 0.004299 0.115240 -0.832607
v 0.004299 -0.041670 -0.887287
v 0.009429 -0.041870 -0.884847
v 0.004299 -0.043710 -0.884027
v 0.008379 -0.044120 -0.881577
v 0.013269 -0.043300 -0.873417
v 0.010199 -0.051060 -0.876677
v 0.007639 -0.045550 -0.885657
v 0.004299 -0.045140 -0.888107
v 0.008239 -0.049830 -0.894637
v 0.006739 -0.046360 -0.896267
v 0.004299 -0.045950 -0.897087
v 0.007679 -0.055340 -0.895457
v 0.006929 -0.050240 -0.904427
v 0.006059 -0.047180 -0.906067
v 0.011469 -0.055140 -0.857087
v 0.008359 -0.066970 -0.875047
v 0.015339 -0.046570 -0.852197
v 0.004299 -0.046970 -0.906877
v 0.005819 -0.048610 -0.909327
v 0.006569 -0.067790 -0.879947
v 0.006329 -0.056770 -0.897087
v 0.005929 -0.051670 -0.906067
v 0.004299 -0.048400 -0.910147
v 0.004299 -0.051460 -0.906877
v 0.004299 -0.056970 -0.897897
v 0.004299 -0.067990 -0.880757
v 0.006169 -0.078810 -0.861987
v 0.004299 -0.079420 -0.861987
v 0.011039 -0.059010 -0.840766
v 0.014329 -0.050040 -0.831787
v 0.007369 -0.072280 -0.846477
v 0.004299 -0.072890 -0.845666
v 0.009119 -0.071050 -0.851376
v 0.008589 -0.061670 -0.833417
v 0.010459 -0.052690 -0.820367
v 0.004299 -0.062480 -0.830977
v 0.007479 -0.076770 -0.861987
v 0.009389 -0.069220 -0.861987
v 0.004299 -0.053710 -0.817917
v 0.127960 -0.210210 -0.444917
v 0.115820 -0.205930 -0.441647
v 0.095010 -0.186950 -0.449407
v 0.115820 -0.202970 -0.450627
v 0.126330 -0.207460 -0.451037
v 0.113170 -0.198480 -0.456337
v 0.096740 -0.184400 -0.461237
v 0.117860 -0.199190 -0.456747
v 0.100210 -0.182560 -0.464907
v 0.070779 -0.158280 -0.471847
v 0.079449 -0.159200 -0.478787
v 0.063689 -0.137980 -0.497146
v 0.069089 -0.139000 -0.498787
v 0.063019 -0.127571 -0.511436
v 0.065519 -0.125941 -0.514286
v 0.058939 -0.122981 -0.511026
v 0.061489 -0.119511 -0.516326
v 0.055299 -0.117471 -0.506946
v 0.004299 -0.018200 -1.039107
v 0.004299 -0.029430 -1.071747
v 0.009179 -0.016980 -1.039107
v 0.008799 -0.027790 -1.074197
v 0.004319 -0.051060 -1.102767
v 0.015719 -0.012900 -1.039917
v 0.017129 -0.018000 -1.104397
v 0.009009 -0.049829 -1.106027
v 0.004319 -0.082069 -1.135417
v 0.014329 -0.042279 -1.134597
v 0.009029 -0.080639 -1.138676
v 0.004319 -0.111449 -1.167246
v 0.013779 -0.071459 -1.163166
v 0.008769 -0.110029 -1.170506
v 0.017009 -0.001880 -1.165616
v 0.007709 -0.013100 -1.272536
v 0.025389 0.009750 -1.121536
v 0.023289 -0.003920 -1.083997
v 0.022799 -0.006570 -1.037467
v 0.004319 -0.136249 -1.199076
v 0.013589 -0.098189 -1.191726
v 0.007719 -0.029219 -1.279876
v 0.008529 -0.134609 -1.201526
v 0.035959 0.014850 -1.079097
v 0.028669 0.002000 -1.064407
v 0.038669 0.026890 -1.088077
v 0.027119 0.025460 -1.134597
v 0.031859 0.003220 -1.036656
v 0.040399 0.014240 -1.038287
v 0.051749 0.029540 -1.036656
v 0.004319 -0.157669 -1.230906
v 0.007769 -0.046569 -1.288036
v 0.013309 -0.121959 -1.218666
v 0.008699 -0.156039 -1.232536
v 0.028549 0.044850 -1.123167
v 0.037009 0.041790 -1.078277
v 0.041569 0.048520 -1.030937
v 0.004319 -0.175119 -1.261106
v 0.013269 -0.143689 -1.246416
v 0.007819 -0.066159 -1.297836
v -0.046961 0.157280 -0.540816
v -0.034381 0.131980 -0.661617
v -0.038211 0.190741 -0.423287
v -0.019981 0.222980 -0.312286
v 0.004299 0.236450 -0.266576
v 0.004299 0.242160 -0.232906
v -0.007171 0.245830 -0.206586
v 0.004299 0.245430 -0.212296
v -0.040861 0.093820 -0.799137
v -0.024591 0.108310 -0.785267
v -0.028921 0.166260 -0.539596
v -0.020501 0.139320 -0.657537
v -0.015421 0.125850 -0.721607
v -0.016661 0.197270 -0.423287
v 0.004299 0.225840 -0.313917
v -0.011161 0.171970 -0.539187
v -0.007611 0.143810 -0.653047
v -0.005261 0.132380 -0.701197
v 0.004299 0.199720 -0.422877
v -0.017801 0.083820 -0.915857
v -0.011701 0.103820 -0.845667
v -0.015571 0.114430 -0.782817
v -0.007991 0.123810 -0.746907
v -0.002831 0.127890 -0.728947
v 0.004299 0.174010 -0.538777
v 0.004299 0.145440 -0.651407
v 0.004299 0.134020 -0.697937
v 0.004299 0.129120 -0.725687
v -0.006721 0.110750 -0.819547
v -0.009121 0.116880 -0.783637
v -0.004641 0.124630 -0.756697
v -0.001121 0.127890 -0.742827
v 0.004299 0.129120 -0.739557
v -0.005311 0.118510 -0.784447
v -0.003501 0.113200 -0.812197
v -0.000101 0.110750 -0.826897
v -0.001791 0.108710 -0.837507
v -0.003181 0.102590 -0.865257
v -0.010101 0.087700 -0.918307
v -0.002721 0.089130 -0.922387
v -0.012401 0.068110 -1.025227
v -0.005951 0.073210 -1.032577
v -0.000601 0.075860 -1.035017
v -0.030151 0.072390 -0.924017
v -0.022651 0.059540 -1.022777
v -0.055271 0.076270 -0.818727
v -0.041421 0.057290 -0.946877
v -0.032951 0.048520 -1.030937
v -0.081441 0.081170 -0.689767
v -0.064351 0.062190 -0.829337
v -0.050431 0.036890 -0.956667
v -0.043131 0.029540 -1.036656
v -0.110981 0.063010 -0.553877
v -0.089301 0.054640 -0.697937
v -0.069611 0.040150 -0.839137
v -0.044611 0.018120 -0.957487
v -0.089601 -0.003920 -0.555916
v -0.070371 0.002410 -0.705277
v -0.052361 0.002810 -0.844847
v -0.031781 0.014240 -1.038287
v -0.043161 -0.038200 -0.710997
v -0.034311 0.002410 -0.956667
v -0.023241 0.003220 -1.036656
v -0.031141 -0.025350 -0.851377
v -0.056291 -0.057590 -0.554697
v -0.020061 -0.011470 -0.957487
v -0.014181 -0.006570 -1.037467
v -0.032931 -0.078600 -0.553877
v -0.025941 -0.054730 -0.712627
v -0.019691 -0.046360 -0.793427
v -0.018891 -0.036570 -0.854647
v -0.012951 -0.027790 -0.908507
v -0.010411 -0.016570 -0.960747
v -0.075271 -0.081870 -0.410227
v -0.034791 -0.097990 -0.470627
v -0.007101 -0.012900 -1.039917
v -0.010891 -0.103500 -0.489397
v -0.012131 -0.087990 -0.556327
v -0.010201 -0.063300 -0.709357
v -0.007351 -0.054730 -0.774656
v -0.010201 -0.047990 -0.824446
v -0.004201 -0.051260 -0.809757
v -0.003121 -0.027180 -0.928097
v -0.002431 -0.018200 -0.965647
v -0.000571 -0.016980 -1.039107
v -0.001841 -0.052690 -0.820367
v 0.004299 -0.018410 -0.968097
v 0.004299 -0.018200 -1.039107
v -0.005711 -0.050040 -0.831787
v -0.010291 -0.114820 -0.451847
v -0.011221 -0.042890 -0.853827
v -0.006721 -0.046570 -0.852197
v -0.007751 -0.038400 -0.882397
v -0.004661 -0.043300 -0.873417
v -0.029281 -0.116250 -0.439197
v -0.004021 -0.124820 -0.430227
v -0.002281 -0.036980 -0.898717
v -0.000811 -0.041870 -0.884847
v -0.003641 -0.135530 -0.399617
v -0.006491 -0.147670 -0.370237
v -0.019321 -0.149410 -0.349007
v -0.027191 -0.151751 -0.316366
v -0.058081 -0.128490 -0.342887
v -0.041351 -0.137880 -0.366967
v -0.072311 -0.134000 -0.274736
v -0.034791 -0.156141 -0.267796
v 0.004319 -0.161340 -0.263306
v -0.045401 -0.165020 -0.117826
v -0.088181 -0.140430 -0.113946
v -0.104651 -0.099010 -0.277186
v -0.052521 -0.111250 -0.406147
v -0.041121 -0.123800 -0.403697
v 0.004319 -0.173890 -0.118436
v -0.052361 -0.169510 0.037564
v 0.004319 -0.179610 0.035924
v -0.123421 -0.105940 -0.107626
v -0.099861 -0.141650 0.041434
v -0.059910 -0.165530 0.185833
v -0.135871 -0.104110 0.044393
v -0.148220 -0.086560 0.170563
v -0.117710 -0.127570 0.187683
v -0.172290 -0.052080 0.187403
v -0.146890 -0.069830 0.201513
v -0.142100 -0.094720 0.219063
v -0.120260 -0.133390 0.339043
v -0.140050 -0.105540 0.265583
v -0.169340 -0.058810 0.217833
v -0.188210 -0.040850 0.253493
v -0.150670 -0.102480 0.330263
v -0.151480 -0.101860 0.357813
v -0.186070 -0.054520 0.261913
v -0.187700 -0.047380 0.306903
v -0.171680 -0.073500 0.332713
v -0.145771 -0.104720 0.419023
v -0.184441 -0.049420 0.346593
v -0.183821 -0.048400 0.396993
v 0.008509 -0.173689 -1.262736
v 0.024959 0.063820 -1.080727
v 0.028989 0.057910 -1.057057
v 0.031269 0.059540 -1.022777
v 0.021019 0.068110 -1.025227
v 0.004319 -0.188479 -1.289676
v 0.007859 -0.089419 -1.310076
v 0.012939 -0.162769 -1.274166
v 0.008379 -0.187159 -1.290486
v 0.014569 0.073210 -1.032577
v 0.004319 -0.198169 -1.314155
v 0.018889 0.080760 -1.109297
v 0.012519 -0.178589 -1.299466
v 0.007879 -0.115939 -1.324765
v 0.008439 -0.196949 -1.314976
v 0.004319 -0.203579 -1.336195
v 0.007879 -0.143489 -1.340275
v 0.011989 -0.191029 -1.321505
v 0.007959 -0.202869 -1.336195
v 0.009079 0.089530 -1.079097
v 0.009219 0.075860 -1.035017
v 0.009809 0.123810 -1.124806
v 0.016319 0.115650 -1.154187
v 0.019199 0.057090 -1.171326
v 0.010779 -0.199299 -1.340275
v 0.007829 -0.167569 -1.352515
v 0.007799 -0.205828 -1.354965
v 0.004319 -0.206538 -1.355785
v 0.004299 0.124220 -1.121536
v 0.004299 0.089940 -1.077466
v 0.004299 0.076070 -1.035017
v 0.004319 0.170341 -1.173776
v 0.009239 0.169111 -1.177036
v 0.014599 0.158911 -1.199896
v 0.007709 0.072190 -1.288857
v 0.007799 -0.185729 -1.362315
v 0.007799 -0.199598 -1.365575
v 0.007879 -0.205009 -1.363945
v 0.004319 -0.206029 -1.364765
v 0.004299 0.213190 -1.226827
v 0.008229 0.211960 -1.228456
v 0.004319 -0.200419 -1.367215
v 0.004319 -0.185729 -1.363125
v 0.013419 0.200540 -1.246417
v 0.007669 0.109120 -1.310077
v 0.004299 0.248691 -1.274987
v 0.007929 0.247471 -1.275797
v 0.004319 -0.166949 -1.354155
v 0.012919 0.237261 -1.290487
v 0.007619 0.149121 -1.333747
v 0.004299 0.276031 -1.316607
v 0.007729 0.274811 -1.318237
v 0.004319 -0.142569 -1.341905
v 0.011999 0.266651 -1.329667
v 0.007579 0.190740 -1.359047
v 0.004299 0.296441 -1.350887
v 0.007559 0.295211 -1.352517
v 0.004319 -0.114719 -1.326406
v 0.011479 0.288281 -1.360687
v 0.007549 0.229511 -1.383537
v 0.004299 0.309501 -1.376187
v 0.007459 0.308271 -1.377007
v 0.004319 -0.087989 -1.312526
v 0.007519 0.258891 -1.403127
v 0.011259 0.301741 -1.383537
v 0.004299 0.317251 -1.394147
v 0.007419 0.316441 -1.394967
v 0.004319 -0.064729 -1.300286
v 0.007499 0.272771 -1.414547
v 0.010939 0.310311 -1.400677
v 0.004299 0.323371 -1.411287
v 0.007479 0.322561 -1.412107
v 0.004319 -0.045139 -1.290486
v 0.007469 0.275221 -1.420267
v 0.004299 0.271141 -1.414547
v 0.009919 0.281751 -1.431687
v 0.010679 0.317661 -1.416187
v 0.004299 0.329091 -1.429247
v 0.007469 0.328271 -1.429247
v 0.004319 -0.028200 -1.283146
v 0.010339 0.324191 -1.432507
v 0.007339 0.286641 -1.441487
v 0.004299 0.273991 -1.419447
v 0.004299 0.269911 -1.426797
v 0.007259 0.271141 -1.426797
v 0.007259 0.276031 -1.435777
v 0.007279 0.271541 -1.430877
v 0.004299 0.333171 -1.446387
v 0.007299 0.332351 -1.446387
v 0.004319 -0.012290 -1.276616
v 0.004299 0.270321 -1.430877
v 0.009869 0.329491 -1.448017
v 0.007409 0.301341 -1.449647
v 0.004299 0.275221 -1.435777
v 0.007249 0.335211 -1.464337
v 0.007319 0.315621 -1.460257
v 0.004299 0.336021 -1.465157
v 0.004319 0.003220 -1.271716
v 0.004299 0.286241 -1.442307
v 0.007339 0.334391 -1.471687
v 0.007269 0.328681 -1.470867
v 0.004299 0.315621 -1.461887
v 0.007719 0.002810 -1.267636
v 0.004299 0.329491 -1.472497
v 0.004299 0.335211 -1.473317
v 0.004319 0.019750 -1.271716
v 0.007729 0.019950 -1.267636
v 0.019129 0.024440 -1.173777
v 0.007739 0.041990 -1.274166
v 0.004319 0.041380 -1.277426
v 0.004319 0.071170 -1.292127
v 0.004319 0.107490 -1.312526
v 0.004299 0.147481 -1.336197
v 0.004299 0.189111 -1.360687
v 0.004299 0.228291 -1.385167
v 0.004299 0.257671 -1.403937
v 0.004299 0.300931 -1.450467
v -0.019301 -0.035550 0.834873
v -0.023191 -0.041060 0.824263
v -0.013111 -0.045340 0.827943
v -0.015731 -0.036360 0.838553
v -0.017271 -0.025750 0.842223
v -0.011031 -0.036360 0.838143
v -0.015481 -0.025750 0.843043
v -0.003501 -0.045340 0.832023
v -0.012001 -0.041060 0.825903
v -0.023191 -0.041060 0.824263
v -0.019301 -0.035550 0.834873
v -0.014501 -0.033710 0.836103
v -0.003501 -0.045340 0.832023
v -0.017271 -0.025750 0.842223
v -0.011031 -0.036360 0.838143
v -0.015481 -0.025750 0.843043
v -0.013881 -0.007390 0.868343
v -0.004351 -0.016570 0.856503
v 0.000449 -0.007190 0.866713
v -0.012561 -0.019430 0.855283
v -0.008251 -0.022900 0.841813
v -0.019841 -0.016980 0.853653
v -0.011381 -0.022900 0.841003
v -0.026501 -0.007390 0.864673
v -0.012781 -0.003720 0.863443
v 0.000449 -0.007190 0.866713
v -0.004351 -0.016570 0.856503
v -0.012031 -0.015760 0.852423
v -0.008251 -0.022900 0.841813
v -0.019841 -0.016980 0.853653
v -0.011381 -0.022900 0.841003
v -0.026501 -0.007390 0.864673
v -0.044921 -0.014330 0.839363
v -0.045781 -0.003720 0.854463
v -0.055371 -0.003920 0.845483
v -0.039381 -0.016980 0.844673
v -0.031701 -0.021880 0.832433
v -0.032471 -0.003920 0.859773
v -0.032521 -0.013920 0.849163
v -0.029411 -0.021670 0.834473
v -0.042371 -0.000450 0.850383
v -0.032471 -0.003920 0.859773
v -0.032521 -0.013920 0.849163
v -0.037371 -0.013510 0.842223
v -0.029411 -0.021670 0.834473
v -0.044921 -0.014330 0.839363
v -0.031701 -0.021880 0.832433
v -0.055371 -0.003920 0.845483
v -0.038741 -0.037590 0.815293
v -0.042771 -0.029220 0.816513
v -0.044001 -0.034940 0.809983
v -0.041351 -0.029220 0.819773
v -0.041601 -0.021470 0.819773
v -0.038261 -0.029630 0.820593
v -0.040611 -0.021470 0.820593
v -0.033361 -0.037380 0.819773
v -0.042771 -0.029220 0.816513
v -0.037061 -0.035140 0.813243
v -0.044001 -0.034940 0.809983
v -0.039761 -0.028200 0.818143
v -0.041601 -0.021470 0.819773
v -0.038261 -0.029630 0.820593
v -0.040611 -0.021470 0.820593
v -0.033361 -0.037380 0.819773
v -0.052621 -0.012290 0.832023
v -0.057311 -0.004530 0.843443
v -0.068841 -0.005960 0.834873
v -0.057361 -0.015550 0.825493
v -0.044531 -0.016160 0.818143
v -0.062111 -0.013510 0.819773
v -0.046351 -0.016370 0.815293
v -0.075881 -0.006780 0.823863
v -0.065531 -0.001680 0.832433
v -0.057311 -0.004530 0.843443
v -0.052621 -0.012290 0.832023
v -0.186070 -0.059830 0.306693
v 0.004299 0.307050 0.035623
v 0.004299 0.355609 0.001854
v -0.001461 0.353979 -0.004066
v 0.004299 0.420089 -0.048656
v -0.004341 0.348669 -0.023046
v 0.000439 0.418459 -0.052936
v 0.004299 0.469469 -0.094356
v -0.001441 0.413149 -0.066406
v 0.000939 0.467839 -0.097006
v -0.012891 0.290320 -0.057016
v -0.005611 0.333579 -0.072116
v 0.004299 0.498039 -0.129456
v -0.001861 0.401319 -0.099456
v -0.000921 0.463759 -0.105376
v 0.001369 0.496809 -0.130066
v -0.001401 0.386629 -0.138026
v -0.005371 0.311540 -0.132106
v -0.012931 0.273180 -0.132926
v -0.024411 0.254810 -0.133946
v -0.001261 0.455999 -0.125786
v -0.000021 0.449469 -0.148836
v -0.000571 0.493549 -0.131906
v -0.000861 0.491099 -0.143536
v 0.001849 0.504979 -0.150066
v 0.001079 0.447839 -0.162106
v 0.000099 0.378469 -0.159246
v -0.003321 0.292770 -0.170676
v -0.008531 0.259300 -0.183736
v -0.017031 0.247880 -0.182706
v 0.000179 0.487429 -0.156596
v 0.001569 0.485389 -0.163126
v 0.002709 0.447429 -0.170676
v 0.002219 0.309090 -0.179446
v 0.002429 0.375609 -0.170466
v 0.002669 0.487429 -0.166796
v 0.002409 0.501299 -0.160066
v 0.000719 0.261750 -0.215566
v 0.002419 0.279300 -0.198426
v -0.002801 0.249920 -0.206586
v 0.000059 0.254810 -0.219846
v 0.004299 0.447839 -0.173526
v 0.004299 0.375609 -0.173526
v 0.004299 0.490689 -0.166796
v 0.002799 0.260530 -0.220256
v 0.004299 0.280110 -0.199236
v 0.002179 0.252770 -0.224136
v 0.004299 0.248280 -0.211486
v 0.004299 0.260120 -0.221476
v 0.004299 0.252360 -0.225556
v 0.004299 0.507419 -0.151086
v 0.004299 0.309500 -0.181686
v 0.011419 0.249920 -0.206586
v 0.006439 0.252770 -0.224136
v 0.015789 0.245830 -0.206586
v 0.022829 0.241350 -0.227396
v 0.005819 0.260530 -0.220256
v 0.008559 0.254810 -0.219846
v 0.025649 0.247880 -0.182706
v 0.017149 0.259300 -0.183736
v 0.038969 0.240120 -0.200876
v 0.007899 0.261750 -0.215566
v 0.027719 0.234820 -0.262086
v 0.055419 0.228290 -0.234946
v 0.006199 0.279300 -0.198426
v 0.011939 0.292770 -0.170676
v 0.049839 0.241750 -0.142306
v 0.033029 0.254810 -0.133946
v 0.021549 0.273180 -0.132926
v 0.069759 0.231960 -0.152516
v 0.006399 0.309090 -0.179446
v 0.053709 0.214410 -0.306976
v 0.028589 0.222980 -0.312287
v 0.080219 0.200540 -0.304117
v 0.095769 0.217680 -0.157406
v 0.077659 0.234820 -0.031206
v 0.035449 0.264610 -0.044976
v 0.055319 0.246650 -0.035486
v 0.021509 0.290320 -0.057016
v 0.046829 0.190740 -0.423286
v 0.068639 0.180130 -0.423287
v 0.025279 0.197270 -0.423287
v 0.118879 0.173600 -0.300447
v 0.100419 0.159320 -0.422876
v 0.138269 0.185440 -0.152516
v 0.105619 0.218900 -0.029576
v 0.070779 0.238900 0.092553
v 0.046899 0.251550 0.058523
v 0.028779 0.271140 0.030623
v 0.037539 0.166260 -0.539597
v 0.055579 0.157280 -0.540817
v 0.019779 0.171970 -0.539187
v 0.149179 0.134830 -0.293107
v 0.173159 0.137690 -0.140876
v 0.152349 0.186250 -0.021306
v 0.108729 0.217270 0.096633
v 0.028529 0.255220 0.089233
v 0.017959 0.272770 0.057913
v 0.016229 0.143810 -0.653047
v 0.029109 0.139320 -0.657537
v 0.161829 0.095860 -0.286166
v 0.183869 0.092800 -0.130476
v 0.186729 0.133200 -0.005286
v 0.158155 0.179758 0.110682
v 0.013869 0.132380 -0.701197
v 0.161729 0.046680 -0.279226
v 0.184789 0.038520 -0.118846
v 0.196629 0.083820 0.006644
v 0.198421 0.119719 0.125957
v 0.011449 0.127890 -0.728947
v 0.145709 -0.030450 -0.275146
v 0.168059 -0.039630 -0.107826
v 0.196109 0.030770 0.020114
v 0.207239 0.066070 0.146393
v 0.009739 0.127890 -0.742827
v 0.113269 -0.099010 -0.277186
v 0.131639 -0.105740 -0.107416
v 0.177749 -0.040850 0.038583
v 0.205199 0.020770 0.157523
v 0.096789 -0.140430 -0.113946
v 0.080929 -0.134000 -0.274736
v 0.144489 -0.104110 0.044394
v 0.108479 -0.141650 0.041434
v 0.156839 -0.086560 0.170573
v 0.180909 -0.052080 0.187403
v -0.055781 -0.011470 0.823863
v -0.044531 -0.016160 0.818143
v -0.062111 -0.013510 0.819773
v -0.046351 -0.016370 0.815293
v -0.075881 -0.006780 0.823863
v -0.084301 -0.011880 0.792023
v -0.069811 -0.017180 0.782643
v -0.079661 -0.009230 0.799373
v -0.087971 -0.009020 0.785903
v -0.081801 -0.008210 0.790803
v -0.079661 -0.009230 0.799373
v -0.069811 -0.017180 0.782643
v -0.087971 -0.009020 0.785903
v -0.092211 -0.010250 0.774073
v -0.075421 -0.014530 0.767953
v -0.089251 -0.006980 0.781823
v -0.094601 -0.008000 0.766723
v -0.089651 -0.006370 0.772843
v -0.089251 -0.006980 0.781823
v -0.075421 -0.014530 0.767953
v -0.094601 -0.008000 0.766723
v -0.048181 -0.036980 0.799783
v -0.051401 -0.028410 0.798963
v -0.052061 -0.034730 0.793253
v -0.050631 -0.028000 0.802633
v -0.049921 -0.020450 0.801823
v -0.047751 -0.028610 0.804273
v -0.049151 -0.020240 0.802633
v -0.043721 -0.036570 0.805493
v -0.051401 -0.028410 0.798963
v -0.045941 -0.035140 0.798153
v -0.052061 -0.034730 0.793253
v -0.048591 -0.027390 0.801413
v -0.049921 -0.020450 0.801823
v -0.047751 -0.028610 0.804273
v -0.049151 -0.020240 0.802633
v -0.043721 -0.036570 0.805493
v -0.041351 -0.045750 0.815693
v -0.044511 -0.039630 0.819373
v -0.042671 -0.044320 0.812433
v -0.043591 -0.039830 0.820183
v -0.038361 -0.045550 0.816513
v -0.040301 -0.043510 0.814883
v -0.042671 -0.044320 0.812433
v -0.044511 -0.039630 0.819373
v -0.043591 -0.039830 0.820183
v -0.038361 -0.045550 0.816513
v -0.052771 -0.039830 0.805083
v -0.057261 -0.034530 0.808353
v -0.053841 -0.038400 0.801823
v -0.056501 -0.034530 0.809573
v -0.050021 -0.039220 0.806723
v -0.052011 -0.037380 0.804673
v -0.053841 -0.038400 0.801823
v -0.057261 -0.034530 0.808353
v -0.056501 -0.034530 0.809573
v -0.050021 -0.039220 0.806723
v -0.058331 -0.031060 0.777333
v -0.054511 -0.035960 0.784683
v -0.061241 -0.026770 0.786723
v -0.061341 -0.028000 0.791213
v -0.063031 -0.018610 0.793663
v -0.058131 -0.028610 0.793663
v -0.062361 -0.019020 0.794883
v -0.050781 -0.037380 0.792843
v -0.061241 -0.026770 0.786723
v -0.052111 -0.032490 0.784683
v -0.058331 -0.031060 0.777333
v -0.058891 -0.025960 0.790393
v -0.063031 -0.018610 0.793663
v -0.058131 -0.028610 0.793663
v -0.062361 -0.019020 0.794883
v -0.050781 -0.037380 0.792843
v -0.063641 -0.038400 0.789583
v -0.067361 -0.030040 0.793253
v -0.063841 -0.036160 0.785093
v -0.066651 -0.030450 0.794883
v -0.060371 -0.038610 0.791623
v -0.061701 -0.035750 0.789173
v -0.063841 -0.036160 0.785093
v -0.067361 -0.030040 0.793253
v -0.066651 -0.030450 0.794883
v -0.060371 -0.038610 0.791623
v -0.073591 -0.033100 0.777333
v -0.076241 -0.027390 0.779373
v -0.073591 -0.031880 0.774483
v -0.075831 -0.027590 0.780193
v -0.071491 -0.033100 0.778963
v -0.072261 -0.031260 0.776923
v -0.073591 -0.031880 0.774483
v -0.076241 -0.027390 0.779373
v -0.075831 -0.027590 0.780193
v -0.071491 -0.033100 0.778963
v -0.080221 -0.021670 0.748363
v -0.086441 -0.016980 0.747953
v -0.081801 -0.018610 0.742643
v -0.087211 -0.018000 0.750813
v -0.090471 -0.012490 0.752033
v -0.085731 -0.018000 0.753253
v -0.090371 -0.012690 0.752853
v -0.079501 -0.022490 0.754483
v -0.081801 -0.018610 0.742643
v -0.086441 -0.016980 0.747953
v -0.079351 -0.019020 0.748773
v -0.085981 -0.016370 0.750813
v -0.090471 -0.012490 0.752033
v -0.079501 -0.022490 0.754483
v -0.085731 -0.018000 0.753253
v -0.090371 -0.012690 0.752853
v -0.087311 -0.028200 0.750813
v -0.089861 -0.023100 0.754073
v -0.087211 -0.026570 0.748363
v -0.089451 -0.023510 0.754893
v -0.085221 -0.028610 0.752443
v -0.085981 -0.026570 0.751213
v -0.087211 -0.026570 0.748363
v -0.089861 -0.023100 0.754073
v -0.089451 -0.023510 0.754893
v -0.085221 -0.028610 0.752443
v 0.020449 -0.045340 0.828343
v 0.030529 -0.041060 0.824673
v 0.026639 -0.035550 0.835283
v 0.023069 -0.036360 0.839363
v 0.024609 -0.025750 0.842633
v 0.018379 -0.036360 0.838953
v 0.022829 -0.025750 0.843443
v 0.010839 -0.045340 0.832433
v 0.026639 -0.035550 0.835283
v 0.030529 -0.041060 0.824673
v 0.019349 -0.041060 0.826303
v 0.021839 -0.033710 0.836913
v 0.024609 -0.025750 0.842633
v 0.010839 -0.045340 0.832433
v 0.018379 -0.036360 0.838953
v 0.022829 -0.025750 0.843443
v 0.012969 -0.016570 0.856503
v 0.022499 -0.007390 0.868343
v 0.008159 -0.007190 0.866713
v 0.021179 -0.019430 0.855283
v 0.016859 -0.022900 0.841813
v 0.028459 -0.016980 0.853653
v 0.019999 -0.022900 0.841003
v 0.035119 -0.007390 0.864673
v 0.012969 -0.016570 0.856503
v 0.008159 -0.007190 0.866713
v 0.021399 -0.003720 0.863443
v 0.020649 -0.015760 0.852423
v 0.016859 -0.022900 0.841813
v 0.028459 -0.016980 0.853653
v 0.019999 -0.022900 0.841003
v 0.035119 -0.007390 0.864673
v 0.054399 -0.003720 0.854463
v 0.053539 -0.014330 0.839363
v 0.063989 -0.003920 0.845483
v 0.047999 -0.016980 0.844673
v 0.041089 -0.003920 0.859773
v 0.040319 -0.021880 0.832433
v 0.041139 -0.013920 0.849163
v 0.038029 -0.021670 0.834473
v 0.041139 -0.013920 0.849163
v 0.041089 -0.003920 0.859773
v 0.050989 -0.000450 0.850383
v 0.045989 -0.013510 0.842223
v 0.038029 -0.021670 0.834473
v 0.053539 -0.014330 0.839363
v 0.040319 -0.021880 0.832433
v 0.063989 -0.003920 0.845483
v 0.052619 -0.034940 0.809983
v 0.051389 -0.029220 0.816513
v 0.047359 -0.037590 0.815293
v 0.049969 -0.029220 0.819773
v 0.050219 -0.021470 0.819773
v 0.046879 -0.029630 0.820593
v 0.049229 -0.021470 0.820593
v 0.041979 -0.037380 0.819773
v 0.045679 -0.035140 0.813243
v 0.051389 -0.029220 0.816513
v 0.052619 -0.034940 0.809983
v 0.048379 -0.028200 0.818143
v 0.050219 -0.021470 0.819773
v 0.046879 -0.029630 0.820593
v 0.049229 -0.021470 0.820593
v 0.041979 -0.037380 0.819773
v 0.077459 -0.005960 0.834873
v 0.065929 -0.004530 0.843443
v 0.061239 -0.012290 0.832023
v 0.065979 -0.015550 0.825493
v 0.053149 -0.016160 0.818143
v 0.070729 -0.013510 0.819773
v 0.054959 -0.016370 0.815293
v 0.084499 -0.006780 0.823863
v 0.061239 -0.012290 0.832023
v 0.065929 -0.004530 0.843443
v 0.074149 -0.001680 0.832433
v 0.064399 -0.011470 0.823863
v 0.053149 -0.016160 0.818143
v 0.070729 -0.013510 0.819773
v 0.054959 -0.016370 0.815293
v 0.084499 -0.006780 0.823863
v 0.100819 -0.010250 0.774073
v 0.097869 -0.006980 0.781823
v 0.084039 -0.014530 0.767953
v 0.103219 -0.008000 0.766723
v 0.098269 -0.006370 0.772843
v 0.084039 -0.014530 0.767953
v 0.097869 -0.006980 0.781823
v 0.103219 -0.008000 0.766723
v 0.060679 -0.034730 0.793253
v 0.060009 -0.028410 0.798963
v 0.056799 -0.036980 0.799783
v 0.059249 -0.028000 0.802633
v 0.058539 -0.020450 0.801823
v 0.056369 -0.028610 0.804273
v 0.057769 -0.020240 0.802633
v 0.052339 -0.036570 0.805493
v 0.054559 -0.035140 0.798153
v 0.060009 -0.028410 0.798963
v 0.060679 -0.034730 0.793253
v 0.057209 -0.027390 0.801413
v 0.058539 -0.020450 0.801823
v 0.056369 -0.028610 0.804273
v 0.057769 -0.020240 0.802633
v 0.052339 -0.036570 0.805493
v 0.049969 -0.045750 0.815693
v 0.051289 -0.044320 0.812433
v 0.053129 -0.039630 0.819373
v 0.052209 -0.039830 0.820183
v 0.046979 -0.045550 0.816513
v 0.048919 -0.043510 0.814883
v 0.053129 -0.039630 0.819373
v 0.051289 -0.044320 0.812433
v 0.052209 -0.039830 0.820183
v 0.046979 -0.045550 0.816513
v 0.061389 -0.039830 0.805083
v 0.062459 -0.038400 0.801823
v 0.065879 -0.034530 0.808353
v 0.065119 -0.034530 0.809573
v 0.058639 -0.039220 0.806723
v 0.060629 -0.037380 0.804673
v 0.065879 -0.034530 0.808353
v 0.062459 -0.038400 0.801823
v 0.065119 -0.034530 0.809573
v 0.058639 -0.039220 0.806723
v 0.069859 -0.026770 0.786723
v 0.063129 -0.035960 0.784683
v 0.066949 -0.031060 0.777333
v 0.069959 -0.028000 0.791213
v 0.071649 -0.018610 0.793663
v 0.066749 -0.028610 0.793663
v 0.070979 -0.019020 0.794883
v 0.059399 -0.037380 0.792843
v 0.066949 -0.031060 0.777333
v 0.060729 -0.032490 0.784683
v 0.069859 -0.026770 0.786723
v 0.067509 -0.025960 0.790393
v 0.071649 -0.018610 0.793663
v 0.066749 -0.028610 0.793663
v 0.070979 -0.019020 0.794883
v 0.059399 -0.037380 0.792843
v 0.072259 -0.038400 0.789583
v 0.072459 -0.036160 0.785093
v 0.075979 -0.030040 0.793253
v 0.075269 -0.030450 0.794883
v 0.068989 -0.038610 0.791623
v 0.070319 -0.035750 0.789173
v 0.075979 -0.030040 0.793253
v 0.072459 -0.036160 0.785093
v 0.075269 -0.030450 0.794883
v 0.068989 -0.038610 0.791623
v 0.082199 -0.033100 0.777333
v 0.082199 -0.031880 0.774483
v 0.084859 -0.027390 0.779373
v 0.084449 -0.027590 0.780193
v 0.080109 -0.033100 0.778963
v 0.080879 -0.031260 0.776923
v 0.084859 -0.027390 0.779373
v 0.082199 -0.031880 0.774483
v 0.084449 -0.027590 0.780193
v 0.080109 -0.033100 0.778963
v 0.060979 -0.169510 0.037564
v 0.054019 -0.165020 -0.117826
v 0.043409 -0.156140 -0.267796
v 0.126329 -0.127570 0.187683
v 0.068529 -0.165530 0.185833
v 0.155509 -0.069830 0.201513
v 0.150709 -0.094720 0.219063
v 0.060169 -0.165220 0.316693
v 0.128880 -0.133390 0.339043
v 0.148669 -0.105540 0.265583
v 0.113679 -0.142060 0.429023
v 0.051949 -0.163590 0.434333
v 0.159280 -0.102480 0.330263
v 0.160100 -0.101860 0.357813
v 0.115919 -0.130630 0.508803
v 0.050319 -0.151240 0.537373
v 0.153669 -0.095540 0.485143
v 0.154390 -0.104720 0.419023
v 0.128569 -0.119110 0.559613
v 0.180300 -0.073710 0.332713
v 0.193050 -0.049420 0.346593
v 0.192440 -0.048400 0.396993
v 0.184589 -0.056970 0.466163
v 0.052849 -0.126040 0.638993
v 0.175399 -0.048400 0.571653
v 0.159589 -0.085540 0.569823
v 0.137349 -0.074320 0.643073
v 0.101949 -0.108800 0.641843
v 0.194579 -0.060030 0.306693
v 0.190099 -0.012690 0.570023
v 0.195199 -0.021880 0.456163
v 0.149899 -0.021880 0.687963
v 0.204889 0.015260 0.451063
v 0.207129 0.006280 0.373933
v 0.047619 -0.116860 0.687963
v 0.096789 -0.094930 0.697353
v 0.132759 -0.060650 0.685923
v 0.197949 0.023010 0.562063
v 0.168259 0.008320 0.678573
v 0.176119 0.037910 0.669593
v 0.198459 0.058310 0.553703
v 0.209989 0.052800 0.446773
v 0.177139 0.069540 0.660213
v 0.069149 -0.095950 0.730403
v 0.038409 -0.109010 0.721833
v 0.107759 -0.062890 0.721833
v 0.176829 0.106670 0.651643
v 0.192949 0.099740 0.547373
v 0.157349 0.076680 0.734073
v 0.154389 0.106270 0.732033
v 0.153059 0.031380 0.741423
v 0.154389 0.051780 0.736933
v 0.049579 -0.092890 0.758563
v 0.028079 -0.101460 0.753663
v 0.087359 -0.074110 0.739793
v 0.066089 -0.079420 0.765093
v 0.129189 0.147080 0.726733
v 0.148569 0.156050 0.638173
v 0.135099 0.061370 0.790393
v 0.136229 0.077490 0.791213
v 0.129999 0.098100 0.799783
v 0.109189 0.133200 0.796513
v 0.075009 0.177270 0.717753
v 0.046239 -0.078190 0.789983
v 0.034129 -0.086970 0.784683
v 0.019749 -0.092680 0.781413
v 0.130619 0.074840 0.808763
v 0.129489 0.065250 0.806723
v 0.128879 0.083820 0.814883
v 0.119489 0.103000 0.826713
v 0.102349 0.130340 0.829163
v 0.065319 0.160130 0.793663
v 0.125509 0.067290 0.814472
v 0.034689 -0.071870 0.810803
v 0.023669 -0.074520 0.813653
v 0.124599 0.088720 0.826303
v 0.122759 0.080560 0.825903
v 0.119489 0.089530 0.840593
v 0.111839 0.102180 0.850383
v 0.093379 0.124630 0.859773
v 0.060269 0.151970 0.827943
v 0.026349 -0.058610 0.828753
v 0.117559 0.077900 0.843443
v 0.101589 0.065660 0.826303
v 0.112759 0.086880 0.857323
v 0.101639 0.096880 0.875283
v 0.083019 0.116060 0.889153
v 0.055119 0.143810 0.861402
v 0.105979 0.080560 0.873243
v 0.115719 0.067500 0.847533
v 0.088019 0.086060 0.905073
v 0.101839 0.071990 0.882213
v 0.070929 0.105860 0.918132
v 0.049149 0.133610 0.892423
v 0.086849 0.071170 0.911193
v 0.070469 0.081580 0.943433
v 0.101029 0.063620 0.883443
v 0.059399 0.098510 0.947513
v 0.042389 0.122180 0.921393
v 0.004299 0.137690 0.890783
v 0.004299 0.148300 0.859363
v 0.047619 0.091780 0.973222
v 0.036139 0.112800 0.947923
v 0.004299 0.127890 0.920173
v 0.087819 0.060350 0.909563
v 0.075269 0.056480 0.934452
v 0.072609 0.068720 0.940162
v 0.059199 0.065660 0.967912
v 0.056599 0.077490 0.971592
v 0.060419 0.050760 0.960573
v 0.004299 0.118510 0.947102
v 0.029879 0.104220 0.971182
v 0.025609 0.082190 1.011992
v 0.020329 0.091170 1.005462
v 0.079599 0.045260 0.922213
v 0.069499 0.038930 0.939753
v 0.004299 0.109530 0.969552
v 0.032239 0.060560 1.009542
v 0.033049 0.049740 1.003832
v 0.030429 0.070350 1.013622
v 0.033869 0.024440 0.979752
v 0.051729 0.030360 0.963422
v 0.004319 0.067290 1.026682
v 0.004319 0.077490 1.025052
v 0.004319 0.058110 1.023412
v 0.004299 0.087700 1.015252
v 0.004319 0.047500 1.016892
v 0.075059 0.026070 0.919763
v 0.046469 0.011380 0.948733
v 0.004319 0.020360 0.988733
v 0.004319 0.001590 0.959343
v 0.039989 -0.003920 0.931593
v 0.056849 0.003830 0.925062
v 0.004319 -0.009230 0.934863
v 0.037899 -0.018820 0.889973
v 0.078379 0.016480 0.902623
v 0.073789 -0.009230 0.858953
v 0.085319 0.034640 0.906293
v 0.090979 0.024850 0.886293
v 0.034329 -0.021670 0.869563
v 0.095209 0.042600 0.887523
v 0.090259 0.050760 0.900993
v 0.004319 -0.050240 0.837733
v -0.017841 -0.058810 0.829163
v 0.004319 -0.060240 0.832833
v 0.026349 -0.058610 0.828753
v -0.018241 -0.047790 0.832433
v 0.004319 -0.039430 0.837733
v 0.026699 -0.047790 0.832023
v -0.033641 -0.057180 0.820593
v 0.041979 -0.056970 0.820183
v -0.033871 -0.045550 0.823043
v -0.018021 -0.037590 0.831203
v 0.004319 -0.028410 0.823863
v 0.026539 -0.037590 0.830793
v 0.042189 -0.045340 0.822633
v -0.054511 -0.054320 0.802633
v 0.062719 -0.054120 0.802233
v -0.054761 -0.041670 0.804273
v -0.032881 -0.035550 0.825083
v -0.018381 -0.026980 0.819773
v 0.004319 -0.034320 0.761823
v 0.026949 -0.027390 0.819373
v 0.041219 -0.035750 0.824673
v 0.063019 -0.041670 0.803863
v -0.074201 -0.047990 0.775293
v 0.082609 -0.047990 0.774883
v -0.075221 -0.035140 0.776523
v -0.052671 -0.030650 0.803043
v -0.032271 -0.027790 0.817733
v -0.010421 -0.035140 0.758973
v -0.027671 -0.035340 0.767543
v 0.004319 -0.031260 0.726733
v 0.019039 -0.035140 0.758973
v 0.040729 -0.028200 0.817333
v 0.036289 -0.035340 0.767543
v 0.061029 -0.030850 0.802633
v 0.083679 -0.035140 0.776523
v -0.046501 -0.023710 0.798963
v -0.067211 -0.022900 0.776113
v -0.028921 -0.028810 0.723873
v 0.037539 -0.028810 0.723872
v 0.004319 -0.016370 0.710003
v 0.054989 -0.024120 0.798963
v 0.075779 -0.022900 0.776113
v 0.071589 -0.018200 0.763053
v 0.062819 -0.026160 0.727953
v 0.042649 -0.016780 0.713673
v -0.062981 -0.018200 0.763053
v -0.054201 -0.026160 0.727953
v -0.034031 -0.016780 0.713673
v 0.086799 -0.016780 0.754483
v 0.081489 -0.014330 0.740603
v 0.064609 -0.013920 0.716533
v 0.085929 -0.011880 0.728363
v 0.094349 -0.012080 0.739793
v 0.041619 0.002610 0.738163
v 0.087099 -0.008410 0.721423
v 0.098989 -0.008410 0.728773
v -0.055991 -0.013920 0.716533
v -0.033011 0.002610 0.738163
v 0.004319 0.005260 0.742643
v 0.081079 -0.005550 0.741833
v 0.064859 -0.000040 0.780193
v 0.035039 0.008530 0.775703
v -0.026431 0.008530 0.775703
v 0.004319 0.008730 0.777743
v 0.093429 -0.005550 0.743873
v 0.076239 -0.003920 0.785493
v 0.049579 -0.003310 0.816513
v 0.029339 0.004450 0.821413
v -0.056241 -0.000040 0.780193
v -0.078481 -0.008410 0.721423
v -0.072461 -0.005550 0.741833
v -0.040961 -0.003310 0.816513
v -0.020721 0.004450 0.821413
v 0.004319 0.005060 0.826303
v -0.067621 -0.003920 0.785493
v 0.095109 -0.014940 0.798153
v 0.110619 -0.011270 0.750812
v 0.067159 -0.017800 0.845893
v 0.034329 -0.021670 0.869563
v -0.090371 -0.008410 0.728773
v -0.084811 -0.005550 0.743873
v -0.086491 -0.014940 0.798153
v -0.058541 -0.017800 0.845893
v -0.025711 -0.021670 0.869563
v 0.004319 -0.024120 0.876503
v -0.102001 -0.011270 0.750813
v -0.094651 -0.008820 0.727143
v -0.101181 -0.012900 0.724693
v -0.093681 -0.015140 0.729993
v -0.099551 -0.020650 0.727953
v -0.090831 -0.021470 0.738563
v -0.085731 -0.012080 0.739793
v -0.095471 -0.030040 0.737343
v -0.086131 -0.027590 0.751623
v -0.078231 -0.016780 0.754483
v -0.088631 -0.038400 0.751213
v -0.072871 -0.014330 0.740603
v -0.077311 -0.011880 0.728363
v 0.097199 -0.038400 0.751213
v 0.094699 -0.027590 0.751623
v 0.104089 -0.030040 0.737343
v 0.099449 -0.021470 0.738563
v 0.108169 -0.020650 0.727953
v 0.102299 -0.015140 0.729993
v 0.109799 -0.012900 0.724693
v 0.103269 -0.008820 0.727143
v -0.031371 -0.003920 0.931593
v -0.037881 0.011380 0.948733
v -0.048181 0.003830 0.925062
v -0.025381 0.024440 0.979752
v -0.066441 0.026070 0.919763
v -0.069761 0.016480 0.902623
v -0.043231 0.030360 0.963422
v -0.060931 0.038930 0.939753
v -0.051911 0.050760 0.960573
v -0.024461 0.049740 1.003832
v -0.076701 0.034640 0.906293
v -0.070981 0.045260 0.922213
v -0.082361 0.024850 0.886293
v -0.066651 0.056480 0.934452
v -0.050631 0.065660 0.967912
v -0.064101 0.068720 0.940573
v -0.023651 0.060560 1.009542
v -0.086591 0.042600 0.887523
v -0.081651 0.050760 0.900993
v -0.079251 0.060350 0.909563
v -0.078331 0.071170 0.911193
v -0.061961 0.081580 0.943433
v -0.048031 0.077490 0.971592
v -0.092511 0.063620 0.883443
v -0.093741 0.056480 0.878133
v -0.021811 0.070350 1.013622
v -0.093281 0.071990 0.882213
v -0.079451 0.086060 0.905073
v 0.098269 0.015870 0.861403
v 0.101389 0.035870 0.870793
v 0.067159 -0.017800 0.845893
v 0.109289 -0.007590 0.804273
v 0.120209 0.008120 0.805903
v 0.108779 0.031580 0.850793
v 0.105359 0.050970 0.867932
v 0.102249 0.056480 0.878133
v 0.110519 0.047500 0.854463
v 0.115309 0.057910 0.841403
v 0.095109 -0.014940 0.798153
v 0.116229 0.046680 0.840593
v 0.126739 0.030970 0.805082
v 0.140209 -0.000860 0.750403
v 0.148879 0.014240 0.745503
v 0.118779 0.056680 0.823453
v 0.124089 0.050150 0.816513
v 0.133059 0.047090 0.794473
v 0.127349 0.056680 0.809573
v 0.132959 -0.024530 0.712853
v 0.117959 -0.018200 0.720203
v 0.122049 -0.042280 0.710403
v 0.114899 -0.028610 0.721833
v 0.106889 -0.043100 0.732033
v 0.104089 -0.030040 0.737343
v 0.108169 -0.020650 0.727953
v 0.097199 -0.038400 0.751213
v 0.095109 -0.054320 0.747133
v 0.109799 -0.012900 0.724693
v 0.125309 -0.011270 0.752853
v 0.082609 -0.047990 0.774883
v 0.076949 -0.063500 0.770803
v 0.056209 -0.067380 0.796103
v 0.110619 -0.011270 0.750812
v 0.062719 -0.054120 0.802233
v 0.041979 -0.056970 0.820183
v -0.010291 -0.114820 -0.451847
v -0.004021 -0.124820 -0.430227
v -0.017471 -0.118900 -0.441647
v -0.010521 -0.125130 -0.429407
v -0.010991 -0.135630 -0.404917
v -0.003641 -0.135530 -0.399617
v -0.017181 -0.125941 -0.435937
v -0.018161 -0.135120 -0.416347
v -0.021911 -0.121040 -0.444097
v -0.023471 -0.146450 -0.400027
v -0.017731 -0.151140 -0.380437
v -0.006491 -0.147670 -0.370237
v -0.027851 -0.128901 -0.455117
v -0.027091 -0.138491 -0.430627
v -0.028851 -0.144820 -0.414717
v -0.035511 -0.157360 -0.395947
v -0.028391 -0.121961 -0.459607
v -0.039201 -0.152980 -0.417977
v -0.040630 -0.148591 -0.441237
v -0.033411 -0.159920 -0.377987
v -0.028491 -0.151651 -0.362887
v -0.019321 -0.149410 -0.349007
v -0.042091 -0.141041 -0.466137
v -0.038621 -0.123591 -0.486946
v -0.054460 -0.173591 -0.388186
v -0.055940 -0.172571 -0.404517
v -0.058690 -0.168490 -0.424917
v -0.060831 -0.165531 -0.447367
v -0.037951 -0.119111 -0.485727
v -0.037701 -0.156341 -0.369007
v -0.056910 -0.170020 -0.381247
v -0.041351 -0.137880 -0.366967
v -0.044460 -0.150731 -0.376357
v -0.040711 -0.140220 -0.378807
v -0.045531 -0.120021 -0.505316
v -0.045861 -0.130941 -0.492256
v -0.083690 -0.188791 -0.402876
v -0.081140 -0.191341 -0.406956
v -0.082050 -0.191851 -0.418796
v -0.084810 -0.189401 -0.433897
v -0.061140 -0.165631 -0.386557
v -0.047390 -0.147160 -0.393087
v -0.041121 -0.123800 -0.403697
v -0.100980 -0.203171 -0.422056
v -0.039081 -0.127470 -0.407367
v -0.041271 -0.136760 -0.398797
v -0.105370 -0.206031 -0.431446
v -0.106280 -0.202971 -0.423286
v -0.086640 -0.184501 -0.406146
v -0.104860 -0.198281 -0.422056
v -0.064910 -0.162061 -0.401247
v -0.049870 -0.144410 -0.414717
v -0.089910 -0.182261 -0.417566
v -0.030941 -0.119720 -0.432667
v -0.037211 -0.128190 -0.416757
v -0.041191 -0.136760 -0.411857
v -0.110160 -0.200211 -0.431446
v -0.116790 -0.209301 -0.436346
v -0.067920 -0.159610 -0.422057
v -0.092310 -0.180831 -0.432267
v -0.038771 -0.131650 -0.428587
v -0.050730 -0.141251 -0.438387
v -0.030811 -0.121960 -0.436347
v -0.112200 -0.200011 -0.440836
v -0.069560 -0.157981 -0.444507
v -0.093170 -0.179911 -0.447367
v -0.035431 -0.124621 -0.454297
v -0.050891 -0.135631 -0.464097
v -0.068481 -0.153691 -0.469806
v -0.092720 -0.179911 -0.459607
v -0.107820 -0.195011 -0.455527
v -0.111590 -0.198281 -0.449407
v -0.070831 -0.159201 -0.478786
v -0.059511 -0.135021 -0.495926
v -0.091590 -0.182561 -0.464907
v -0.109240 -0.199191 -0.456747
v -0.117710 -0.207461 -0.451037
v -0.052011 -0.126861 -0.491026
v -0.042621 -0.120021 -0.486126
v -0.060481 -0.139001 -0.498786
v -0.057261 -0.125641 -0.510616
v -0.048081 -0.117781 -0.504496
v -0.053391 -0.120531 -0.510206
v -0.056911 -0.125941 -0.514286
v -0.046681 -0.117471 -0.506946
v -0.037951 -0.119111 -0.485727
v -0.052881 -0.119511 -0.516326
v -0.028391 -0.121961 -0.459607
v -0.021911 -0.121040 -0.444097
v -0.017471 -0.118900 -0.441647
v -0.029281 -0.116250 -0.439197
v -0.010291 -0.114820 -0.451847
v 0.004299 0.129120 -0.739557
v 0.004299 0.131570 -0.749357
v -0.001121 0.127890 -0.742827
v -0.000191 0.130750 -0.751807
v 0.004299 0.138100 -0.762417
v -0.004641 0.124630 -0.756697
v -0.003001 0.127490 -0.764047
v 0.000649 0.137280 -0.764047
v 0.004299 0.145850 -0.777917
v -0.005311 0.118510 -0.784447
v -0.003411 0.120960 -0.787717
v -0.001611 0.133610 -0.773837
v 0.001879 0.145440 -0.779557
v 0.004299 0.147890 -0.793427
v -0.001821 0.115240 -0.811387
v -0.001961 0.126670 -0.791797
v -0.000081 0.139320 -0.783637
v 0.002879 0.147480 -0.793427
v -0.003501 0.113200 -0.812197
v 0.000149 0.137280 -0.794247
v -0.107201 0.067500 0.847533
v -0.096751 0.050970 0.867933
v -0.016981 0.082190 1.011992
v -0.039031 0.091780 0.973222
v -0.062211 0.105860 0.918132
v -0.050831 0.098510 0.947513
v -0.097411 0.080560 0.873243
v -0.011711 0.091170 1.005462
v -0.093121 0.096880 0.875283
v -0.074401 0.116060 0.889153
v -0.027551 0.113200 0.947923
v -0.021261 0.104220 0.971182
v -0.033771 0.122180 0.921393
v -0.040481 0.133200 0.892423
v -0.084761 0.124630 0.859773
v -0.046451 0.143810 0.861403
v 0.004299 0.159320 0.826303
v -0.051651 0.151970 0.827943
v -0.095521 0.132380 0.829983
v -0.103331 0.102180 0.850792
v -0.111491 0.103410 0.827123
v -0.104241 0.086880 0.857323
v -0.110881 0.089530 0.840593
v -0.108941 0.077900 0.843443
v -0.114241 0.080560 0.825903
v -0.115981 0.088720 0.826303
v -0.120261 0.083820 0.814883
v -0.121891 0.098510 0.799783
v -0.092971 0.065660 0.826303
v -0.116901 0.067290 0.814883
v -0.122101 0.074840 0.808763
v -0.127711 0.077490 0.791213
v -0.120981 0.065250 0.806723
v -0.110161 0.056680 0.823453
v -0.106691 0.057910 0.841403
v -0.118731 0.056680 0.809573
v -0.126491 0.061370 0.790393
v -0.148731 0.076680 0.734073
v -0.115471 0.050150 0.816513
v -0.107611 0.046680 0.840593
v -0.101901 0.047500 0.854463
v -0.124441 0.047090 0.794473
v -0.118121 0.030970 0.805083
v -0.145871 0.051780 0.736933
v -0.100161 0.031580 0.850793
v -0.092771 0.035870 0.870793
v -0.089651 0.015870 0.861403
v -0.169340 -0.058810 0.217833
v -0.146890 -0.069830 0.201513
v -0.174130 -0.072890 0.207073
v -0.153620 -0.072680 0.187733
v -0.188410 -0.071260 0.263693
v -0.186070 -0.054520 0.261913
v -0.186070 -0.059830 0.306693
v -0.208920 -0.102480 0.210513
v -0.175870 -0.086150 0.151523
v -0.206270 -0.106560 0.157403
v -0.164440 -0.085340 0.147923
v -0.211780 -0.106150 0.261353
v -0.189030 -0.077380 0.304763
v -0.171680 -0.073500 0.332713
v -0.180970 -0.097780 0.118743
v -0.204430 -0.115940 0.118433
v -0.240750 -0.141960 0.128643
v -0.245850 -0.137470 0.163473
v -0.254220 -0.145730 0.253393
v -0.251160 -0.138180 0.209313
v -0.211370 -0.115840 0.297313
v -0.177400 -0.086360 0.323533
v -0.176380 -0.100840 0.112623
v -0.201780 -0.125530 0.103773
v -0.237280 -0.147980 0.115223
v -0.274220 -0.169100 0.134402
v -0.270140 -0.172970 0.123232
v -0.280950 -0.167770 0.163612
v -0.293810 -0.180420 0.241042
v -0.288700 -0.171440 0.202602
v -0.254420 -0.156040 0.285073
v -0.295230 -0.190830 0.269152
v -0.207080 -0.124210 0.311593
v -0.304620 -0.197660 0.132572
v -0.299720 -0.200210 0.123262
v -0.252180 -0.164300 0.297313
v -0.324000 -0.204090 0.190692
v -0.313600 -0.198580 0.157182
v -0.332170 -0.213990 0.224362
v -0.336250 -0.224700 0.249153
v -0.293600 -0.199090 0.279762
v -0.339920 -0.229440 0.126492
v -0.334410 -0.231130 0.119022
v -0.350730 -0.231840 0.146852
v -0.247890 -0.168490 0.286093
v -0.289110 -0.203680 0.269763
v -0.372360 -0.246740 0.204242
v -0.362770 -0.238070 0.175082
v -0.377060 -0.255670 0.225992
v -0.335230 -0.232450 0.258393
v -0.329310 -0.235010 0.249153
v -0.375830 -0.259440 0.121242
v -0.369920 -0.260310 0.115452
v -0.387870 -0.263210 0.136622
v -0.244220 -0.166140 0.253033
v -0.283400 -0.199700 0.240482
v -0.409910 -0.276070 0.182212
v -0.413380 -0.281990 0.200872
v -0.400930 -0.269640 0.157972
v -0.376040 -0.262250 0.233652
v -0.411750 -0.286990 0.207322
v -0.369100 -0.264850 0.225432
v -0.320330 -0.230470 0.223553
v -0.406850 -0.283700 0.120222
v -0.400730 -0.284000 0.116372
v -0.418890 -0.288800 0.130072
v -0.405620 -0.289660 0.200232
v -0.240140 -0.161650 0.206993
v -0.276870 -0.193480 0.200822
v -0.359510 -0.260720 0.203272
v -0.310540 -0.222660 0.189342
v -0.439290 -0.305380 0.181282
v -0.434390 -0.308181 0.176272
v -0.397260 -0.287370 0.181642
v -0.425420 -0.298580 0.119812
v -0.424190 -0.301380 0.118612
v -0.271970 -0.185930 0.161402
v -0.349100 -0.252860 0.174242
v -0.303400 -0.213780 0.155772
v -0.442960 -0.306400 0.123692
v -0.453170 -0.317501 0.158422
v -0.429090 -0.308221 0.161422
v -0.387670 -0.281200 0.157912
v -0.421340 -0.303910 0.147402
v -0.449090 -0.313940 0.120322
v -0.456840 -0.320840 0.144152
v -0.340120 -0.244190 0.146202
v -0.378080 -0.272750 0.136932
v 0.002519 0.130750 -0.810567
v 0.004299 0.130750 -0.811387
v -0.000611 0.118920 -0.813837
v 0.000869 0.112390 -0.823627
v 0.000649 0.128300 -0.807307
v -0.000101 0.110750 -0.826897
v 0.001669 0.119320 -0.822807
v 0.002779 0.120140 -0.823627
v 0.002289 0.115240 -0.830157
v 0.001509 0.113200 -0.824447
v 0.004299 0.111980 -0.826077
v 0.004299 0.120550 -0.824447
v 0.003279 0.115240 -0.832607
v 0.003009 0.114430 -0.831787
v 0.004299 0.112800 -0.826897
v 0.004299 0.110350 -0.830157
v 0.004299 0.114020 -0.832607
v 0.004299 0.115240 -0.832607
v 0.004299 -0.043710 -0.884027
v -0.000811 -0.041870 -0.884847
v 0.004299 -0.041670 -0.887287
v 0.000239 -0.044120 -0.881577
v -0.004661 -0.043300 -0.873417
v -0.001581 -0.051060 -0.876677
v 0.000979 -0.045550 -0.885657
v 0.004299 -0.045140 -0.888107
v 0.000379 -0.049830 -0.894637
v 0.001879 -0.046360 -0.896267
v 0.004299 -0.045950 -0.897087
v 0.000939 -0.055340 -0.895457
v 0.001689 -0.050240 -0.904427
v 0.002559 -0.047180 -0.906067
v -0.002851 -0.055140 -0.857087
v 0.000249 -0.066970 -0.875047
v -0.006721 -0.046570 -0.852197
v 0.004299 -0.046970 -0.906877
v 0.002799 -0.048610 -0.909327
v 0.002049 -0.067790 -0.879947
v 0.002279 -0.056770 -0.897087
v 0.002689 -0.051670 -0.906067
v 0.004299 -0.048400 -0.910147
v 0.004299 -0.051460 -0.906877
v 0.004299 -0.056970 -0.897897
v 0.004299 -0.067990 -0.880757
v 0.002449 -0.078810 -0.861987
v 0.004299 -0.079420 -0.861987
v -0.002421 -0.059010 -0.840766
v -0.005711 -0.050040 -0.831787
v 0.001239 -0.072280 -0.846476
v 0.004299 -0.072890 -0.845666
v -0.000501 -0.071050 -0.851376
v 0.000029 -0.061670 -0.833417
v -0.001841 -0.052690 -0.820367
v 0.004299 -0.062480 -0.830977
v 0.001139 -0.076770 -0.861987
v -0.000771 -0.069220 -0.861987
v 0.004299 -0.053710 -0.817917
v -0.119340 -0.210211 -0.444916
v -0.107200 -0.205931 -0.441647
v -0.107200 -0.202971 -0.450627
v -0.117710 -0.207461 -0.451037
v -0.086390 -0.186951 -0.449407
v -0.104550 -0.198481 -0.456337
v -0.109240 -0.199191 -0.456747
v -0.088120 -0.184401 -0.461237
v -0.091590 -0.182561 -0.464907
v -0.062161 -0.158281 -0.471846
v -0.070831 -0.159201 -0.478786
v -0.055071 -0.137981 -0.497146
v -0.060481 -0.139001 -0.498786
v -0.054411 -0.127571 -0.511436
v -0.056911 -0.125941 -0.514286
v -0.050321 -0.122981 -0.511026
v -0.052881 -0.119511 -0.516326
v -0.046681 -0.117471 -0.506946
v -0.000571 -0.016980 -1.039107
v -0.000181 -0.027790 -1.074196
v -0.007101 -0.012900 -1.039917
v -0.008511 -0.018000 -1.104397
v -0.000391 -0.049830 -1.106026
v -0.005711 -0.042279 -1.134597
v -0.000421 -0.080639 -1.138677
v -0.014671 -0.003920 -1.083997
v -0.014181 -0.006570 -1.037467
v -0.008391 -0.001880 -1.165616
v -0.016771 0.009750 -1.121536
v -0.005171 -0.071459 -1.163166
v 0.000909 -0.013100 -1.272536
v -0.000151 -0.110029 -1.170506
v -0.027341 0.014850 -1.079097
v -0.020051 0.002000 -1.064407
v -0.023241 0.003220 -1.036656
v -0.030051 0.026890 -1.088077
v -0.018511 0.025460 -1.134597
v -0.010511 0.024440 -1.173777
v 0.000899 0.002810 -1.267636
v -0.004971 -0.098189 -1.191726
v 0.000889 -0.029219 -1.279876
v 0.000089 -0.134609 -1.201526
v -0.031781 0.014240 -1.038287
v -0.043131 0.029540 -1.036656
v -0.019931 0.044850 -1.123167
v -0.028391 0.041790 -1.078277
v -0.010591 0.057090 -1.171326
v 0.000889 0.019950 -1.267636
v 0.000849 -0.046569 -1.288036
v -0.004691 -0.121959 -1.218666
v -0.000081 -0.156039 -1.232536
v -0.032951 0.048520 -1.030937
v -0.016341 0.063820 -1.080726
v -0.010271 0.080760 -1.109297
v -0.020371 0.057910 -1.057057
v -0.004651 -0.143689 -1.246416
v 0.000799 -0.066159 -1.297836
v 0.000109 -0.173689 -1.262736
v -0.022651 0.059540 -1.022777
v -0.012401 0.068110 -1.025227
v -0.005951 0.073210 -1.032577
v 0.000759 -0.089419 -1.310076
v -0.004321 -0.162769 -1.274166
v 0.000229 -0.187159 -1.290486
v -0.003901 -0.178589 -1.299466
v 0.000739 -0.115939 -1.324765
v 0.000179 -0.196949 -1.314976
v 0.000739 -0.143489 -1.340275
v -0.003371 -0.191029 -1.321505
v 0.000659 -0.202869 -1.336195
v 0.000789 -0.167569 -1.352515
v -0.002151 -0.199299 -1.340275
v 0.000819 -0.205828 -1.354965
v 0.000819 -0.185729 -1.362315
v 0.000819 -0.199598 -1.365575
v 0.000739 -0.205009 -1.363945
v 0.000879 0.041990 -1.274166
v 0.000909 0.072190 -1.288857
v -0.410720 -0.296650 0.133052
v -0.334820 -0.236380 0.126012
v -0.299310 -0.205930 0.131602
v -0.370940 -0.265360 0.121222
v -0.402360 -0.288440 0.120862
v -0.437250 -0.310941 0.126242
v -0.453170 -0.319070 0.132082
v -0.421740 -0.302000 0.121392
v -0.400730 -0.284000 0.116372
v -0.369920 -0.260310 0.115452
v -0.299720 -0.200210 0.123262
v -0.334410 -0.231130 0.119022
v -0.424190 -0.301380 0.118612
v -0.449090 -0.313940 0.120322
v -0.270140 -0.172970 0.123232
v -0.465410 -0.322060 0.124222
v -0.468670 -0.322650 0.137512
v -0.458470 -0.317001 0.157702
v -0.458060 -0.313311 0.158022
v -0.463780 -0.315170 0.142822
v -0.440110 -0.299240 0.160672
v -0.441330 -0.301930 0.176212
v -0.460510 -0.313340 0.129402
v -0.465410 -0.322060 0.124222
v -0.432760 -0.295160 0.143862
v -0.153620 -0.072680 0.187733
v -0.146890 -0.069830 0.201513
v -0.158830 -0.090230 0.205673
v -0.142100 -0.094720 0.219063
v -0.169850 -0.097780 0.149643
v -0.164440 -0.085340 0.147923
v -0.196780 -0.124210 0.207763
v -0.160660 -0.095540 0.265273
v -0.140050 -0.105540 0.265583
v -0.176680 -0.105740 0.116983
v -0.198000 -0.124000 0.153933
v -0.176380 -0.100840 0.112623
v -0.201780 -0.125530 0.103773
v -0.199430 -0.126450 0.116833
v -0.237280 -0.156650 0.160623
v -0.236260 -0.152260 0.126853
v -0.237280 -0.147980 0.115223
v -0.198310 -0.126250 0.261293
v -0.164540 -0.101860 0.313223
v -0.150670 -0.102480 0.330263
v -0.269520 -0.178690 0.132952
v -0.201370 -0.128080 0.299863
v 0.161829 -0.072890 0.187793
v 0.155509 -0.069830 0.201513
v 0.182239 -0.073300 0.207123
v 0.177849 -0.058810 0.217833
v 0.183969 -0.086560 0.151563
v 0.172549 -0.085740 0.147963
v 0.214479 -0.106960 0.157443
v 0.216929 -0.102680 0.210563
v 0.196829 -0.071460 0.263693
v 0.194689 -0.054520 0.261913
v 0.189079 -0.098190 0.118793
v 0.212539 -0.116250 0.118493
v 0.184479 -0.101050 0.112673
v 0.209989 -0.125840 0.103823
v 0.248759 -0.142370 0.128693
v 0.254059 -0.137880 0.163523
v 0.245489 -0.148390 0.115273
v 0.194579 -0.060030 0.306693
v 0.219989 -0.106560 0.261403
v 0.197440 -0.077580 0.304763
v 0.282219 -0.169510 0.134433
v 0.278139 -0.173380 0.123283
v 0.180300 -0.073710 0.332713
v 0.219580 -0.116150 0.297413
v 0.185810 -0.086360 0.323533
v 0.307729 -0.200620 0.123313
v 0.289159 -0.168080 0.163663
v 0.312829 -0.198070 0.132623
v 0.262429 -0.146140 0.253443
v 0.262630 -0.156340 0.285073
v 0.215300 -0.124510 0.311693
v 0.172850 -0.102070 0.313223
v 0.159280 -0.102480 0.330263
v 0.342419 -0.231490 0.119053
v 0.348129 -0.229800 0.126553
v 0.321599 -0.198890 0.157233
v 0.260390 -0.164710 0.297313
v 0.303439 -0.191240 0.269153
v 0.259169 -0.138490 0.209363
v 0.302019 -0.180830 0.241093
v 0.209480 -0.128490 0.299863
v 0.256110 -0.168890 0.286193
v 0.168869 -0.095950 0.265273
v 0.148669 -0.105540 0.265583
v 0.377919 -0.260660 0.115503
v 0.358739 -0.232200 0.146903
v 0.384039 -0.259800 0.121293
v 0.297119 -0.203990 0.269863
v 0.301809 -0.199500 0.279863
v 0.344249 -0.225060 0.249203
v 0.206520 -0.126660 0.261353
v 0.252229 -0.166550 0.253033
v 0.150709 -0.094720 0.219063
v 0.204889 -0.124620 0.207813
v 0.166939 -0.090640 0.205723
v 0.408939 -0.284330 0.116423
v 0.396079 -0.263570 0.136663
v 0.415059 -0.284050 0.120273
v 0.337319 -0.235360 0.249153
v 0.291609 -0.200110 0.240533
v 0.343229 -0.232810 0.258443
v 0.248349 -0.162060 0.207043
v 0.155509 -0.069830 0.201513
v 0.161829 -0.072890 0.187793
v 0.177949 -0.098190 0.149693
v 0.245489 -0.156960 0.160673
v 0.206109 -0.124310 0.153983
v 0.432399 -0.301720 0.118663
v 0.427099 -0.289150 0.130123
v 0.433219 -0.298950 0.119863
v 0.377309 -0.265200 0.225483
v 0.328339 -0.230820 0.223553
v 0.285079 -0.193890 0.200873
v 0.280179 -0.186340 0.161453
v 0.172549 -0.085740 0.147963
v 0.184789 -0.106150 0.117033
v 0.451179 -0.306770 0.123743
v 0.244269 -0.152570 0.126903
v 0.277729 -0.179100 0.132973
v 0.207539 -0.126860 0.116853
v 0.318749 -0.223020 0.189373
v 0.367519 -0.261070 0.203323
v 0.311609 -0.214090 0.155813
v 0.307529 -0.206340 0.131653
v 0.278139 -0.173380 0.123283
v 0.245489 -0.148390 0.115273
v 0.209989 -0.125840 0.103823
v 0.184479 -0.101050 0.112673
v 0.357109 -0.253220 0.174293
v 0.342829 -0.236740 0.126043
v 0.348329 -0.244540 0.146253
v 0.307729 -0.200620 0.123313
v 0.378939 -0.265710 0.121273
v 0.386079 -0.273110 0.136973
v 0.395879 -0.281530 0.157953
v 0.405469 -0.287730 0.181683
v 0.342419 -0.231490 0.119053
v 0.377919 -0.260660 0.115503
v 0.408939 -0.284330 0.116423
v 0.410369 -0.288800 0.120883
v 0.418939 -0.297000 0.133083
v 0.429549 -0.304250 0.147443
v 0.429949 -0.302330 0.121443
v 0.445459 -0.311280 0.126293
v 0.432399 -0.301720 0.118663
v 0.456889 -0.314280 0.120353
v -0.007701 0.115650 -1.154187
v -0.005981 0.158911 -1.199896
v 0.000949 0.109120 -1.310077
v -0.001191 0.123810 -1.124806
v -0.000621 0.169110 -1.177036
v 0.000389 0.211960 -1.228456
v -0.004801 0.200540 -1.246417
v 0.000999 0.149121 -1.333747
v -0.000461 0.089530 -1.079096
v 0.000679 0.247471 -1.275797
v -0.004311 0.237261 -1.290487
v 0.001039 0.190740 -1.359047
v 0.000889 0.274811 -1.318237
v -0.003381 0.266651 -1.329667
v 0.001069 0.229511 -1.383537
v 0.001059 0.295211 -1.352517
v -0.002861 0.288281 -1.360687
v 0.001089 0.258891 -1.403127
v 0.001159 0.308271 -1.377007
v -0.002641 0.301741 -1.383537
v 0.001119 0.272771 -1.414547
v 0.001199 0.316441 -1.394967
v -0.002321 0.310311 -1.400677
v 0.001149 0.275221 -1.420267
v 0.001139 0.322561 -1.412107
v -0.001301 0.281751 -1.431687
v -0.002061 0.317661 -1.416187
v 0.001359 0.271141 -1.426797
v 0.001149 0.328271 -1.429247
v -0.001721 0.324191 -1.432507
v 0.001279 0.286641 -1.441487
v 0.001359 0.276031 -1.435777
v 0.001339 0.271541 -1.430877
v 0.001309 0.332351 -1.446387
v -0.001251 0.329491 -1.448017
v 0.001209 0.301341 -1.449647
v 0.001369 0.335211 -1.464337
v 0.001299 0.315621 -1.460257
v 0.001349 0.328681 -1.470867
v 0.001279 0.334391 -1.471687
v -0.000601 0.075860 -1.035017
v 0.085159 0.190330 0.625113
v 0.092759 0.203390 0.524313
v 0.166219 0.157280 0.533903
v 0.170299 0.163400 0.439223
v 0.094959 0.210740 0.437803
v 0.205399 0.098510 0.442903
v 0.165709 0.167480 0.353633
v 0.203459 0.100140 0.357303
v 0.095469 0.218490 0.356893
v 0.213659 0.053210 0.364133
v 0.203869 0.105040 0.273843
v 0.157959 0.176050 0.257723
v 0.211519 0.053620 0.282213
v 0.095929 0.222170 0.255123
v 0.208659 0.001180 0.293743
v 0.196319 -0.047380 0.306903
v 0.196829 -0.040850 0.253493
v 0.194689 -0.054520 0.261913
v 0.177849 -0.058810 0.217833
v 0.037079 0.249920 0.122593
v 0.012509 0.306229 0.028583
v 0.010079 0.353979 -0.004066
v 0.017899 0.302560 0.004914
v 0.012959 0.348669 -0.023046
v 0.008179 0.418459 -0.052936
v 0.014219 0.333579 -0.072116
v 0.010059 0.413149 -0.066406
v 0.007679 0.467839 -0.097006
v 0.010479 0.401319 -0.099456
v 0.009539 0.463759 -0.105376
v 0.007249 0.496809 -0.130066
v 0.010019 0.386629 -0.138026
v 0.013989 0.311540 -0.132106
v 0.009879 0.455999 -0.125786
v 0.008639 0.449469 -0.148836
v 0.009189 0.493549 -0.131906
v 0.009469 0.491099 -0.143536
v 0.006769 0.504979 -0.150066
v 0.007539 0.447839 -0.162106
v 0.008509 0.378469 -0.159246
v 0.008439 0.487429 -0.156596
v 0.007049 0.485389 -0.163126
v 0.005909 0.447429 -0.170676
v 0.006209 0.501299 -0.160066
v 0.005949 0.487429 -0.166796
v 0.006189 0.375609 -0.170466
v 0.009179 -0.016980 -1.039107
v 0.461379 -0.319400 0.132133
v 0.465049 -0.321170 0.144183
v 0.436889 -0.308560 0.161463
v 0.473619 -0.322400 0.124283
v 0.476889 -0.322980 0.137553
v 0.466679 -0.317340 0.157743
v 0.461379 -0.317840 0.158473
v 0.447499 -0.305710 0.181333
v 0.442609 -0.308510 0.176313
v 0.466269 -0.313650 0.158063
v 0.471989 -0.315540 0.142863
v 0.419749 -0.287340 0.207373
v 0.413629 -0.290000 0.200263
v 0.421589 -0.282340 0.200923
v 0.449539 -0.302300 0.176263
v 0.448319 -0.299610 0.160723
v 0.418119 -0.276400 0.182253
v 0.385269 -0.256020 0.226043
v 0.384039 -0.262600 0.233703
v 0.380569 -0.247100 0.204293
v 0.409139 -0.270000 0.158023
v 0.440559 -0.295530 0.143903
v 0.370979 -0.238420 0.175123
v 0.340379 -0.214400 0.224363
v 0.332009 -0.204500 0.190743
v 0.296909 -0.171750 0.202663
v 0.468719 -0.313710 0.129453
v 0.456889 -0.314280 0.120353
v 0.473619 -0.322400 0.124283
v -0.098331 0.080560 0.809163
v -0.107711 0.079130 0.815693
v -0.095371 0.088720 0.816513
v -0.099401 0.069540 0.806313
v -0.105161 0.086060 0.822223
v -0.112711 0.075050 0.825083
v -0.108631 0.069540 0.813243
v -0.091391 0.091570 0.827123
v -0.101691 0.088720 0.830793
v -0.109241 0.080560 0.834063
v -0.098221 0.086060 0.839773
v -0.112711 0.064030 0.825083
v -0.111281 0.069540 0.834873
v -0.107711 0.059950 0.815693
v -0.098331 0.058520 0.809163
v -0.105771 0.075050 0.842633
v -0.087361 0.088720 0.837323
v -0.095671 0.079130 0.846303
v -0.105161 0.053010 0.822223
v -0.109241 0.058520 0.834063
v -0.105771 0.064030 0.842633
v -0.095371 0.050360 0.816513
v -0.094761 0.069540 0.848753
v -0.084451 0.080560 0.844673
v -0.091391 0.047500 0.827123
v -0.101691 0.050360 0.830793
v -0.098221 0.053010 0.839773
v -0.095671 0.059950 0.846303
v -0.087361 0.050360 0.837323
v -0.084451 0.058520 0.844673
v -0.083381 0.069540 0.847533
v 0.103989 0.088720 0.816513
v 0.116329 0.079130 0.815693
v 0.106949 0.080560 0.809163
v 0.108019 0.069540 0.806313
v 0.113779 0.086060 0.822223
v 0.100009 0.091570 0.827123
v 0.117249 0.069540 0.813243
v 0.121329 0.075050 0.825083
v 0.110309 0.088720 0.830793
v 0.117859 0.080560 0.834063
v 0.106839 0.086060 0.839773
v 0.095979 0.088720 0.837323
v 0.116329 0.059950 0.815693
v 0.121329 0.064030 0.825083
v 0.119899 0.069540 0.834873
v 0.106949 0.058520 0.809163
v 0.114389 0.075050 0.842633
v 0.104289 0.079130 0.846303
v 0.093069 0.080560 0.844673
v 0.103989 0.050360 0.816513
v 0.113779 0.053010 0.822223
v 0.117859 0.058520 0.834063
v 0.114389 0.064030 0.842633
v 0.103369 0.069540 0.848753
v 0.091999 0.069540 0.847533
v 0.100009 0.047500 0.827123
v 0.110309 0.050360 0.830793
v 0.106839 0.053010 0.839773
v 0.104289 0.059950 0.846303
v 0.093069 0.058520 0.844673
v 0.095979 0.050360 0.837323
vn 0.2728 -0.9282 -0.2529
vn 0.1830 -0.9741 -0.1324
vn 0.4082 -0.8998 -0.1539
vn -0.0002 -0.9654 -0.2607
vn -0.0002 -0.9510 -0.3091
vn 0.6394 -0.7684 0.0283
vn 0.7043 -0.7072 -0.0617
vn 0.6104 -0.7788 -0.1448
vn 0.5516 -0.8073 -0.2098
vn 0.3297 -0.9016 -0.2801
vn -0.0003 -0.9175 -0.3978
vn 0.7599 -0.6452 -0.0793
vn 0.7443 -0.6530 -0.1398
vn 0.7701 -0.6246 -0.1300
vn 0.6528 -0.7404 -0.1598
vn 0.5606 -0.7975 -0.2231
vn 0.3735 -0.8596 -0.3487
vn 0.8611 -0.4937 -0.1213
vn 0.8934 -0.4347 -0.1136
vn 0.7956 -0.5990 -0.0907
vn 0.7661 -0.6300 -0.1274
vn 0.5611 -0.8186 -0.1226
vn 0.5253 -0.8464 -0.0880
vn 0.6070 -0.7801 -0.1514
vn 0.7777 -0.5769 -0.2497
vn 0.8911 -0.4379 -0.1192
vn 0.9874 -0.0560 -0.1477
vn 0.9852 0.0974 -0.1409
vn 0.9876 -0.0461 -0.1503
vn 0.7897 -0.6029 -0.1136
vn 0.7436 -0.6687 -0.0008
vn 0.2783 -0.9602 -0.0243
vn 0.4700 -0.8629 0.1857
vn 0.5786 -0.8039 -0.1377
vn 0.2923 -0.9474 -0.1306
vn 0.9892 0.0064 -0.1463
vn 0.8669 0.4678 -0.1720
vn 0.7772 0.6077 -0.1632
vn 0.7868 0.6039 -0.1276
vn -0.0001 -0.9998 -0.0208
vn -0.0005 -0.9556 0.2947
vn 0.3153 -0.9376 -0.1467
vn -0.0001 -0.9906 -0.1366
vn 0.7075 0.6832 -0.1806
vn 0.8633 0.4719 -0.1788
vn 0.6309 0.7581 -0.1650
vn 0.6662 0.7361 -0.1195
vn 0.3172 -0.9304 -0.1836
vn -0.0001 -0.9885 -0.1512
vn 0.7081 0.6769 -0.2009
vn 0.6072 0.7730 -0.1840
vn 0.5495 0.8172 -0.1738
vn 0.6693 0.7370 -0.0944
vn -0.0001 -0.9811 -0.1933
vn 0.6152 0.7593 -0.2121
vn 0.5379 0.8240 -0.1783
vn 0.9187 0.3472 -0.1881
vn 0.7476 0.6314 -0.2061
vn 0.3943 0.9011 -0.1804
vn 0.4386 0.8788 -0.1882
vn 0.5833 0.8122 -0.0040
vn -0.0001 -0.9731 -0.2302
vn 0.6119 0.7601 -0.2185
vn 0.4936 0.8410 -0.2217
vn 0.3033 0.9340 -0.1888
vn 0.4477 0.8784 -0.1672
vn 0.9566 0.2255 -0.1848
vn 0.8180 0.5405 -0.1967
vn 0.1772 0.9685 -0.1747
vn 0.2325 0.9497 -0.2096
vn 0.2961 0.9364 -0.1884
vn 0.1706 0.9664 -0.1925
vn 0.2254 0.9669 0.1192
vn 0.4007 0.9068 -0.1311
vn 0.3958 0.9007 -0.1794
vn -0.0001 0.9856 -0.1690
vn -0.0002 0.9765 -0.2156
vn -0.0001 0.9792 -0.2029
vn 0.4954 0.8391 -0.2246
vn 0.1925 0.9498 -0.2467
vn -0.0001 0.9705 -0.2409
vn -0.0001 0.9951 0.0988
vn 0.7141 0.6979 -0.0549
vn 0.6675 0.7248 -0.1706
vn 0.9756 -0.1399 -0.1689
vn 0.9856 -0.0676 -0.1548
vn 0.8990 -0.4129 -0.1460
vn 0.9086 -0.3730 -0.1878
vn 0.7551 -0.6347 -0.1642
vn 0.7950 -0.5573 -0.2394
vn 0.5453 -0.8198 -0.1745
vn 0.5182 -0.8125 -0.2670
vn 0.2954 -0.9267 -0.2324
vn 0.7073 -0.6443 -0.2909
vn 0.6415 -0.7430 -0.1910
vn 0.4534 -0.7803 -0.4307
vn 0.1826 -0.9096 -0.3733
vn -0.0001 -0.9523 -0.3051
vn 0.7231 -0.6905 -0.0203
vn 0.8196 -0.4987 -0.2820
vn -0.0000 -0.9314 -0.3640
vn 0.0061 -0.9217 -0.3878
vn 0.1901 -0.9812 -0.0344
vn 0.3115 -0.9386 -0.1485
vn -0.2132 -0.9082 -0.3601
vn 0.0001 -0.9427 -0.3337
vn -0.3024 -0.9482 -0.0971
vn 0.0001 -0.9858 -0.1678
vn -0.0000 -0.9842 -0.1773
vn -0.0000 -0.9914 -0.1312
vn 0.1825 -0.9096 -0.3733
vn -0.0123 -0.7204 -0.6934
vn -0.2200 -0.8735 -0.4343
vn -0.3827 -0.8478 -0.3672
vn -0.2133 -0.9082 -0.3601
vn -0.6803 -0.5699 -0.4609
vn -0.5649 -0.7641 -0.3116
vn -0.4349 0.7057 -0.5594
vn -0.5632 -0.7578 -0.3293
vn -0.4546 -0.8816 -0.1267
vn -0.8401 -0.4224 -0.3404
vn -0.6799 -0.6907 -0.2463
vn -0.6295 -0.7333 -0.2570
vn -0.5913 -0.7716 -0.2344
vn -0.6388 0.7419 -0.2038
vn -0.6522 -0.7258 -0.2187
vn -0.6817 -0.6979 -0.2194
vn -0.4369 -0.8833 0.1700
vn 0.2718 -0.8337 0.4807
vn -0.7102 -0.6372 -0.2993
vn -0.8825 -0.2991 -0.3628
vn -0.4376 -0.8710 0.2234
vn -0.6321 -0.7572 -0.1646
vn -0.6555 -0.7287 -0.1984
vn -0.6533 -0.7278 -0.2086
vn -0.6151 0.7749 -0.1454
vn 0.3008 -0.4296 0.8514
vn 0.2929 -0.4266 0.8557
vn 0.7231 -0.6904 -0.0202
vn 0.7219 0.3826 0.5766
vn 0.9776 0.0757 0.1964
vn -0.8774 -0.1562 -0.4536
vn -0.7341 -0.5700 -0.3691
vn 0.3558 -0.4504 0.8189
vn -0.3581 -0.8848 0.2982
vn -0.5937 -0.7958 -0.1191
vn -0.6290 -0.7513 -0.2000
vn 0.7231 0.4233 0.5458
vn 0.7769 0.5966 0.2012
vn 0.8197 -0.4986 -0.2820
vn -0.1516 -0.9106 0.3845
vn 0.9699 -0.0627 -0.2354
vn 0.8913 0.4472 0.0749
vn -0.3566 -0.9302 0.0864
vn 0.5921 -0.4878 0.6415
vn 0.7388 0.3698 0.5633
vn 0.7851 0.3131 0.5344
vn 0.6975 0.6680 0.2594
vn 0.6905 0.7118 0.1285
vn 0.7158 0.6507 0.2533
vn 0.9106 0.0319 -0.4120
vn 0.9246 0.3624 -0.1178
vn 0.7940 0.6072 0.0292
vn 0.8029 0.5041 0.3180
vn 0.7037 -0.6024 0.3767
vn 0.6796 0.7192 0.1449
vn 0.7010 0.7004 0.1339
vn 0.7504 0.6592 0.0483
vn 0.6735 0.7273 0.1322
vn -0.3315 -0.4875 0.8077
vn 0.0076 -0.7276 0.6859
vn 0.0104 -0.5426 0.8399
vn -0.2290 -0.7868 0.5731
vn 0.0033 -0.8727 0.4882
vn -0.3990 -0.7268 0.5591
vn -0.5525 -0.4119 0.7247
vn -0.3062 -0.8537 0.4213
vn -0.1606 -0.9077 0.3877
vn -0.0000 -0.9317 0.3632
vn -0.5949 -0.6310 0.4979
vn -0.4498 -0.7724 0.4484
vn -0.7291 -0.3440 0.5916
vn -0.3709 -0.8525 0.3684
vn -0.1791 -0.9344 0.3080
vn 0.0001 -0.9598 0.2808
vn -0.5900 -0.6941 0.4123
vn -0.8229 -0.2622 0.5040
vn -0.7372 -0.5205 0.4308
vn -0.4618 -0.8134 0.3538
vn -0.1890 -0.9432 0.2731
vn -0.0000 -0.9711 0.2386
vn -0.8062 -0.3542 0.4739
vn -0.6860 -0.5939 0.4202
vn -0.8801 -0.0295 0.4739
vn -0.7492 -0.4331 0.5011
vn -0.8405 -0.1399 0.5235
vn -0.5547 -0.7548 0.3501
vn -0.2085 -0.9478 0.2411
vn -0.0000 -0.9742 0.2255
vn -0.8299 0.1573 0.5353
vn -0.7420 -0.3063 0.5963
vn -0.7931 -0.4762 0.3797
vn -0.6861 -0.0712 0.7240
vn -0.7698 -0.5732 0.2809
vn -0.4921 -0.8346 0.2475
vn -0.8209 -0.4556 0.3443
vn -0.5747 -0.5873 0.5699
vn -0.0000 -0.9772 0.2124
vn -0.2072 -0.9550 0.2123
vn -0.5535 -0.8170 0.1615
vn -0.6695 0.2376 0.7038
vn -0.2783 -0.5310 0.8004
vn -0.8956 -0.4037 0.1871
vn -0.8181 -0.5501 0.1680
vn -0.7580 -0.6009 0.2535
vn -0.8986 -0.2994 0.3208
vn -0.9140 -0.3042 0.2684
vn -0.9457 -0.2777 0.1692
vn -0.0000 -0.9824 0.1868
vn -0.1931 -0.9655 0.1749
vn -0.7628 -0.6422 0.0752
vn -0.5183 -0.8509 0.0853
vn -0.8916 -0.4459 0.0788
vn -0.1046 -0.5648 0.8186
vn -0.3321 -0.9341 0.1307
vn -0.5876 -0.7560 0.2884
vn -0.8189 -0.4215 0.3895
vn -0.9401 -0.0826 0.3306
vn -0.9677 -0.0618 0.2442
vn -0.9869 -0.0872 0.1354
vn -0.9650 -0.2531 0.0693
vn -0.0000 -0.9953 0.0965
vn -0.2129 -0.9735 0.0835
vn -0.5175 -0.8529 0.0694
vn 0.1379 -0.9904 0.0096
vn -0.0546 -0.9973 -0.0485
vn -0.5440 -0.7731 0.3261
vn -0.1277 -0.9913 0.0327
vn -0.0000 -0.9996 0.0286
vn -0.3059 -0.9521 0.0063
vn -0.9732 0.0651 0.2204
vn -0.9887 0.0774 0.1284
vn -0.9818 -0.1763 0.0710
vn -0.0828 -0.9856 -0.1473
vn -0.0000 -0.9999 0.0162
vn -0.9305 0.3085 0.1973
vn -0.9451 0.3018 0.1251
vn -0.9968 -0.0084 0.0794
vn -0.2740 -0.9350 0.2253
vn -0.0000 -0.9904 -0.1381
vn -0.9023 0.3261 0.2820
vn -0.6816 0.7138 0.1610
vn -0.6479 0.7220 0.2427
vn -0.7359 0.6673 0.1150
vn -0.9533 0.2970 0.0553
vn -0.9809 -0.1911 0.0375
vn -0.9993 0.0382 0.0065
vn -0.0000 -0.9691 0.2466
vn -0.3184 0.9359 0.1505
vn -0.2904 0.9331 0.2120
vn -0.6694 0.6944 0.2641
vn -0.3594 0.9258 0.1173
vn -0.7303 0.6822 0.0359
vn -0.9386 0.3451 -0.0053
vn -0.9987 0.0475 -0.0199
vn -0.9864 -0.1641 -0.0106
vn 0.0046 0.9870 0.1605
vn 0.0030 0.9896 0.1438
vn 0.0001 0.9789 0.2041
vn -0.2821 0.9280 0.2433
vn -0.3924 0.9164 0.0793
vn 0.0005 0.9933 0.1156
vn -0.7387 0.6739 0.0131
vn -0.9389 0.3443 -0.0008
vn -0.9969 0.0622 -0.0477
vn -0.9808 -0.1841 -0.0636
vn -0.0000 0.9700 0.2432
vn -0.0000 0.9959 0.0907
vn -0.4240 0.9033 0.0658
vn -0.7265 0.6871 0.0121
vn -0.9305 0.3657 -0.0197
vn -0.9861 -0.1459 -0.0792
vn -0.9941 0.0796 -0.0732
vn -0.0000 0.9979 0.0652
vn -0.4490 0.8927 0.0393
vn -0.7366 0.6762 0.0108
vn -0.9278 0.3695 -0.0512
vn -0.9885 0.0983 -0.1148
vn -0.9863 -0.1164 -0.1170
vn -0.9240 -0.3777 -0.0595
vn -0.9300 -0.3532 -0.1018
vn -0.5493 0.8355 0.0112
vn -0.7235 0.6892 -0.0386
vn -0.9113 0.3956 -0.1143
vn -0.2432 0.9676 0.0676
vn -0.4325 0.9012 0.0296
vn -0.0000 0.9975 0.0711
vn -0.5394 0.8415 -0.0300
vn -0.9788 -0.1226 -0.1639
vn -0.9803 0.1254 -0.1526
vn -0.9292 -0.3204 -0.1841
vn -0.7160 0.6896 -0.1088
vn -0.8815 0.4452 -0.1574
vn -0.3018 0.9305 0.2075
vn -0.0000 0.9650 0.2622
vn -0.4821 0.8757 -0.0270
vn -0.5192 0.8500 0.0886
vn -0.5468 0.8314 -0.0988
vn -0.6910 0.7035 -0.1662
vn -0.9086 -0.3730 -0.1878
vn -0.9756 -0.1399 -0.1689
vn -0.9566 0.2254 -0.1848
vn -0.8181 0.5403 -0.1968
vn -0.0002 0.8316 0.5554
vn -0.5099 0.7518 0.4180
vn -0.7949 0.5919 0.1334
vn -0.5794 0.8144 -0.0320
vn -0.4725 0.8751 -0.1047
vn -0.4387 0.8948 -0.0825
vn -0.5244 0.8332 -0.1756
vn -0.4329 0.8887 -0.1508
vn -0.6549 0.7266 -0.2079
vn -0.7872 0.4362 0.4360
vn -0.7480 0.6309 -0.2062
vn -0.9187 0.3472 -0.1881
vn -0.6120 0.7601 -0.2186
vn -0.7983 0.6009 -0.0411
vn -0.9546 0.2824 0.0948
vn -0.3522 0.9262 -0.1349
vn -0.4858 0.8488 -0.2088
vn -0.4163 0.8880 -0.1951
vn -0.2447 0.9520 -0.1840
vn -0.2109 0.9654 -0.1536
vn -0.7081 0.6769 -0.2009
vn -0.6153 0.7592 -0.2121
vn 0.6022 0.7756 -0.1892
vn 0.7866 0.6042 0.1277
vn 0.6938 0.7137 0.0961
vn 0.6965 0.7170 0.0275
vn 0.4863 0.8641 0.1295
vn 0.6911 0.6964 0.1934
vn 0.7809 0.6237 0.0330
vn 0.7387 0.6439 -0.1996
vn 0.7579 0.5559 -0.3415
vn 0.7833 0.6166 -0.0796
vn 0.4687 -0.3006 -0.8306
vn 0.8823 0.4613 0.0934
vn 0.3371 -0.1447 -0.9303
vn 0.4666 -0.2344 -0.8528
vn 0.6661 -0.4246 -0.6133
vn 0.7213 0.6448 0.2530
vn 0.4416 0.8672 0.2301
vn 0.6055 -0.4701 -0.6422
vn 0.9027 0.4303 0.0091
vn 0.3933 0.9089 0.1388
vn 0.6802 0.7229 0.1217
vn 0.4980 -0.1590 -0.8525
vn -0.4527 0.7768 -0.4379
vn 0.0490 0.4674 -0.8827
vn -0.6388 0.7419 -0.2037
vn 0.4344 0.8995 0.0476
vn -0.0008 0.9430 0.3327
vn -0.0005 0.9976 0.0698
vn 0.6511 0.7234 0.2296
vn 0.7141 0.6978 -0.0549
vn -0.0011 0.8940 0.4481
vn 0.9296 0.3683 0.0128
vn 0.7148 0.6399 0.2820
vn 0.6676 0.7247 -0.1706
vn -0.0017 0.9419 0.3359
vn 0.9349 0.3354 -0.1165
vn 0.9670 0.2541 0.0199
vn 0.6838 0.7144 0.1486
vn -0.0020 0.9554 -0.2954
vn 0.8683 0.4499 -0.2090
vn 0.9782 0.1843 -0.0962
vn 0.9675 0.2510 -0.0300
vn 0.6209 0.7364 -0.2688
vn 0.4955 0.8391 -0.2247
vn 0.9625 0.2293 -0.1446
vn 0.6603 0.5692 -0.4900
vn -0.0020 0.7543 -0.6565
vn 0.9546 0.2174 -0.2038
vn 0.6705 0.6102 -0.4220
vn 0.9379 0.2783 -0.2072
vn 0.8528 0.4115 -0.3214
vn 0.6028 0.6498 -0.4630
vn 0.9480 0.0997 -0.3023
vn 0.8610 -0.2144 -0.4612
vn -0.0024 0.4302 -0.9027
vn -0.0036 0.8344 -0.5511
vn 0.5178 0.2784 -0.8089
vn 0.7326 -0.5523 -0.3979
vn -0.0020 -0.9202 -0.3914
vn -0.0041 -0.6906 -0.7233
vn -0.0000 0.4768 -0.8790
vn -0.0003 -0.9174 -0.3979
vn 0.3736 -0.8596 -0.3486
vn -0.0023 0.0492 -0.9988
vn 0.8286 -0.3163 -0.4619
vn 0.7778 -0.5768 -0.2497
vn 0.9749 -0.1205 -0.1872
vn 0.7209 0.6572 -0.2199
vn -0.0008 0.9860 -0.1670
vn 0.9831 0.1385 -0.1198
vn 0.6467 0.7530 -0.1213
vn -0.0010 0.9955 -0.0946
vn 0.9381 -0.2714 -0.2152
vn 0.9787 -0.0632 -0.1955
vn 0.6719 0.7122 -0.2033
vn 0.9658 -0.2471 -0.0786
vn 0.9439 -0.2802 -0.1747
vn 0.7898 -0.6028 -0.1136
vn -0.0018 0.9542 -0.2992
vn 0.6895 0.1014 -0.7171
vn 0.6172 -0.6672 -0.4170
vn 0.6095 -0.6653 -0.4311
vn 0.6004 -0.6375 -0.4828
vn -0.0029 0.1836 -0.9830
vn -0.0017 -0.7761 -0.6306
vn -0.0017 -0.8540 -0.5203
vn -0.0014 -0.8458 -0.5334
vn 0.5628 -0.8227 -0.0804
vn -0.0018 -0.9970 -0.0773
vn 0.9392 -0.3353 0.0741
vn 0.7436 -0.6686 -0.0008
vn 0.6272 -0.6816 0.3769
vn -0.0010 -0.8644 0.5028
vn 0.9329 -0.3454 0.1015
vn 0.6998 -0.6200 0.3547
vn 0.4701 -0.8629 0.1858
vn -0.0011 -0.8358 0.5490
vn 0.8907 -0.4467 -0.0841
vn 0.9805 -0.1860 -0.0635
vn 0.7674 -0.6301 -0.1186
vn -0.4725 -0.8658 -0.1644
vn -0.6202 -0.7519 -0.2236
vn -0.4527 -0.8042 -0.3852
vn 0.6660 -0.4247 -0.6132
vn -0.3598 -0.7289 -0.5825
vn -0.5050 -0.7317 -0.4579
vn 0.4666 -0.2343 -0.8528
vn -0.5925 -0.7170 -0.3671
vn 0.4686 -0.3006 -0.8307
vn -0.5252 -0.7084 -0.4715
vn 0.6054 -0.4700 -0.6423
vn -0.4786 -0.6427 -0.5982
vn 0.4980 -0.1591 -0.8525
vn -0.7390 -0.4093 -0.5352
vn 0.0489 0.4674 -0.8827
vn -0.4526 0.7768 -0.4379
vn -0.0006 -0.9858 0.1677
vn -0.0014 -0.9119 0.4103
vn 0.4007 -0.9069 0.1301
vn 0.7243 -0.6414 0.2529
vn 0.0010 -0.7843 0.6203
vn 0.6393 -0.7684 0.0283
vn 0.9543 -0.2970 0.0313
vn 0.8170 -0.4531 0.3568
vn 0.0014 -0.7303 0.6832
vn 0.9919 -0.1196 0.0424
vn 0.8341 -0.4049 0.3745
vn 0.0011 -0.7593 0.6508
vn 0.9968 -0.0639 0.0477
vn 0.8327 -0.4257 0.3542
vn 0.9850 -0.1405 -0.1006
vn 0.9339 0.1195 -0.3370
vn 0.9378 -0.3169 -0.1419
vn 0.8682 -0.4948 -0.0369
vn 0.7043 -0.7073 -0.0617
vn 0.0011 -0.8059 0.5920
vn 0.9966 -0.0663 0.0480
vn 0.9159 0.1646 -0.3660
vn 0.8154 -0.4675 0.3414
vn 0.8728 -0.4644 -0.1505
vn 0.7990 -0.5984 -0.0588
vn 0.9748 -0.0710 -0.2114
vn 0.9776 -0.0904 -0.1901
vn 0.7599 -0.6452 -0.0792
vn 0.7956 -0.5990 -0.0906
vn 0.9876 -0.0460 -0.1503
vn 0.0009 -0.8432 0.5376
vn 0.8947 0.1924 -0.4031
vn 0.9959 -0.0743 0.0523
vn 0.7785 -0.5290 0.3377
vn 0.9682 0.1941 -0.1578
vn 0.9068 0.3886 -0.1634
vn 0.7867 0.6039 -0.1278
vn 0.0009 -0.8841 0.4674
vn 0.9950 -0.0859 0.0504
vn 0.8903 0.2105 -0.4038
vn -0.4838 0.8461 -0.2237
vn -0.4936 0.8409 -0.2218
vn -0.3595 0.9077 -0.2164
vn -0.2416 0.9457 -0.2174
vn -0.0000 0.9799 -0.1995
vn -0.0000 0.9863 -0.1647
vn -0.3691 0.8730 -0.3188
vn -0.0003 0.8449 -0.5350
vn -0.6072 0.7730 -0.1840
vn -0.5379 0.8240 -0.1783
vn -0.3571 0.9062 -0.2266
vn -0.3242 0.9178 -0.2292
vn -0.3034 0.9340 -0.1889
vn -0.1981 0.9543 -0.2238
vn -0.0000 0.9745 -0.2244
vn -0.2068 0.9511 -0.2294
vn -0.1744 0.9557 -0.2372
vn -0.1507 0.9672 -0.2047
vn -0.0001 0.9742 -0.2258
vn -0.5495 0.8172 -0.1738
vn -0.4386 0.8787 -0.1882
vn -0.4477 0.8784 -0.1672
vn -0.4007 0.9068 -0.1311
vn -0.2160 0.9703 -0.1087
vn -0.0001 0.9730 -0.2307
vn -0.0001 0.9705 -0.2410
vn -0.0001 0.9773 -0.2117
vn -0.0001 0.9941 -0.1083
vn -0.2958 0.9365 -0.1884
vn -0.3962 0.9005 -0.1793
vn -0.7141 0.6979 -0.0549
vn -0.4350 0.8992 0.0476
vn -0.0005 0.9976 0.0697
vn -0.6675 0.7248 -0.1706
vn -0.4954 0.8391 -0.2246
vn -0.1929 0.9497 -0.2467
vn -0.1705 0.9664 -0.1925
vn -0.2325 0.9497 -0.2096
vn -0.3946 0.9010 -0.1804
vn -0.1773 0.9685 -0.1747
vn -0.6693 0.7369 -0.0944
vn -0.5833 0.8122 -0.0040
vn -0.2256 0.9669 0.1192
vn -0.6309 0.7581 -0.1650
vn -0.6662 0.7361 -0.1195
vn -0.7075 0.6832 -0.1806
vn -0.7772 0.6077 -0.1632
vn -0.7868 0.6039 -0.1276
vn -0.8633 0.4719 -0.1788
vn -0.8669 0.4678 -0.1720
vn -0.9852 0.0974 -0.1409
vn -0.9876 -0.0461 -0.1503
vn -0.9856 -0.0676 -0.1548
vn -0.9892 0.0064 -0.1463
vn -0.9874 -0.0560 -0.1477
vn -0.8934 -0.4347 -0.1136
vn -0.8990 -0.4129 -0.1460
vn -0.8911 -0.4379 -0.1192
vn -0.8611 -0.4937 -0.1213
vn -0.7956 -0.5990 -0.0906
vn -0.7661 -0.6300 -0.1274
vn -0.7701 -0.6246 -0.1300
vn -0.7599 -0.6452 -0.0792
vn -0.7443 -0.6530 -0.1398
vn -0.7551 -0.6347 -0.1642
vn -0.6104 -0.7787 -0.1449
vn -0.7043 -0.7073 -0.0617
vn -0.5453 -0.8198 -0.1745
vn -0.5786 -0.8039 -0.1377
vn -0.5611 -0.8186 -0.1226
vn -0.6528 -0.7405 -0.1598
vn -0.5515 -0.8073 -0.2098
vn -0.4082 -0.8998 -0.1539
vn -0.7950 -0.5574 -0.2394
vn -0.5182 -0.8125 -0.2670
vn -0.6394 -0.7684 0.0283
vn -0.2955 -0.9266 -0.2324
vn -0.3173 -0.9304 -0.1836
vn -0.3149 -0.9377 -0.1468
vn -0.2924 -0.9473 -0.1306
vn -0.5253 -0.8464 -0.0880
vn -0.2785 -0.9601 -0.0243
vn -0.2729 -0.9282 -0.2529
vn -0.1832 -0.9741 -0.1324
vn -0.4013 -0.9067 0.1300
vn -0.4706 -0.8626 0.1857
vn -0.0001 -0.9946 -0.1038
vn -0.0006 -0.9859 0.1676
vn -0.7435 -0.6687 -0.0008
vn -0.1827 -0.9096 -0.3732
vn -0.6071 -0.7801 -0.1513
vn -0.7897 -0.6029 -0.1136
vn -0.5605 -0.7975 -0.2232
vn -0.7777 -0.5769 -0.2497
vn -0.4534 -0.7803 -0.4307
vn -0.0061 -0.9218 -0.3877
vn -0.3298 -0.9016 -0.2800
vn -0.3739 -0.8595 -0.3486
vn 0.2133 -0.9082 -0.3601
vn 0.3028 -0.9481 -0.0970
vn -0.1901 -0.9812 -0.0344
vn -0.3116 -0.9385 -0.1485
vn -0.6415 -0.7430 -0.1910
vn -0.7231 -0.6905 -0.0203
vn -0.6150 -0.7760 -0.1401
vn -0.3161 -0.9430 -0.1040
vn -0.0000 -0.9964 -0.0848
vn -0.3424 -0.9374 -0.0637
vn -0.6097 -0.7891 -0.0748
vn -0.8141 -0.5527 -0.1781
vn -0.7073 -0.6443 -0.2909
vn -0.8196 -0.4987 -0.2820
vn -0.0000 -0.9981 -0.0617
vn -0.3461 -0.9380 -0.0182
vn -0.0000 -0.9999 -0.0129
vn -0.7985 -0.5958 -0.0854
vn -0.6240 -0.7811 -0.0222
vn -0.3791 -0.9251 0.0200
vn -0.8073 -0.5896 -0.0261
vn -0.8324 -0.5529 0.0382
vn -0.6838 -0.7295 -0.0129
vn -0.8329 -0.5522 -0.0371
vn -0.7603 -0.5126 -0.3989
vn -0.6047 -0.7763 -0.1779
vn -0.5851 -0.8107 -0.0178
vn -0.6174 -0.7803 -0.0998
vn -0.9172 -0.1912 -0.3497
vn -0.9489 -0.2906 -0.1229
vn -0.6817 -0.7269 0.0833
vn -0.7739 -0.6327 0.0295
vn -0.9858 -0.0656 -0.1543
vn -0.9823 -0.1846 0.0307
vn -0.8273 -0.4640 0.3167
vn -0.7548 -0.6533 0.0595
vn -0.9230 -0.3798 0.0625
vn -0.9187 -0.3930 0.0401
vn 0.7581 -0.5772 0.3036
vn 0.8865 0.4627 -0.0033
vn 0.7964 0.6016 -0.0618
vn 0.0012 -0.9155 0.4024
vn 0.8857 0.2180 -0.4100
vn 0.9933 -0.1056 0.0471
vn 0.7119 -0.6404 0.2882
vn 0.5833 0.8122 -0.0039
vn 0.0008 -0.9509 0.3095
vn 0.9578 0.2816 0.0576
vn 0.9901 -0.1321 0.0480
vn 0.8440 0.2624 -0.4678
vn 0.6696 -0.7039 0.2368
vn 0.0005 -0.9784 0.2065
vn 0.8279 0.2657 -0.4939
vn 0.9819 -0.1865 0.0341
vn 0.5620 -0.8065 0.1840
vn 0.6095 0.7237 0.3236
vn 0.2254 0.9669 0.1193
vn 0.7548 0.5141 0.4073
vn 0.9913 0.1229 0.0479
vn 0.9920 0.0611 -0.1107
vn 0.9637 -0.2668 0.0055
vn 0.8175 0.2573 -0.5153
vn 0.6796 -0.7335 -0.0125
vn 0.0008 -0.9998 0.0178
vn -0.0007 0.7790 0.6270
vn -0.0004 0.8998 0.4362
vn -0.0001 0.9951 0.0990
vn 0.0014 0.7665 0.6423
vn 0.8061 0.4594 0.3731
vn 0.9952 0.0860 0.0462
vn 0.9110 -0.1847 -0.3687
vn 0.7176 0.2517 -0.6494
vn 0.7776 0.0056 -0.6287
vn 0.7437 -0.5424 -0.3907
vn 0.0008 -0.8170 -0.5767
vn -0.0016 0.7881 0.6155
vn 0.7734 0.5025 0.3864
vn 0.0013 -0.0664 -0.9978
vn 0.0006 0.3492 -0.9370
vn 0.9946 0.0886 0.0545
vn 0.8998 -0.2176 -0.3781
vn -0.0011 0.8191 0.5737
vn 0.7373 0.5526 0.3886
vn 0.0011 0.4412 -0.8974
vn 0.9928 0.1034 0.0598
vn 0.8990 -0.2234 -0.3768
vn -0.0012 0.8495 0.5276
vn 0.7690 0.5438 0.3360
vn 0.0011 0.4699 -0.8827
vn 0.9912 0.1184 0.0597
vn 0.8694 -0.2595 -0.4204
vn -0.0013 0.8730 0.4877
vn 0.7560 0.5713 0.3196
vn 0.0012 0.4845 -0.8748
vn 0.9877 0.1400 0.0698
vn 0.8572 -0.2775 -0.4338
vn -0.0012 0.9010 0.4339
vn 0.7112 0.6316 0.3086
vn 0.0019 0.4637 -0.8860
vn 0.8179 -0.3416 -0.4629
vn 0.9858 0.1545 0.0664
vn -0.0010 0.9260 0.3776
vn 0.6673 0.6902 0.2798
vn 0.0014 0.4571 -0.8894
vn 0.8462 -0.4353 -0.3075
vn 0.9829 0.1703 0.0702
vn -0.0009 0.9467 0.3220
vn 0.6446 0.7212 0.2537
vn 0.0014 0.4217 -0.9067
vn 0.8670 -0.4937 0.0677
vn -0.0014 -0.7596 -0.6504
vn 0.9845 -0.1221 -0.1258
vn 0.9736 0.2195 0.0624
vn -0.0007 0.9624 0.2715
vn 0.5945 0.7719 0.2252
vn 0.0018 0.4027 -0.9153
vn 0.9721 0.2301 0.0458
vn 0.7437 -0.2872 -0.6037
vn -0.0011 -0.9950 -0.1002
vn -0.0011 -0.9794 0.2018
vn 0.7112 -0.6829 0.1669
vn 0.6097 -0.4900 -0.6231
vn 0.6862 -0.6553 -0.3158
vn -0.0009 0.9815 0.1915
vn 0.5458 0.8200 0.1725
vn 0.0016 0.3605 -0.9328
vn -0.0010 -0.9171 -0.3986
vn 0.9555 0.2948 0.0120
vn 0.7790 -0.3471 -0.5222
vn -0.0006 -0.6397 -0.7686
vn 0.7551 0.6556 -0.0012
vn 0.8021 -0.3509 -0.4832
vn -0.0009 1.0000 0.0015
vn 0.0016 0.1532 -0.9882
vn -0.0013 -0.4835 -0.8753
vn 0.7711 0.4271 -0.4722
vn 0.7769 -0.2879 -0.5600
vn -0.0012 -0.6152 -0.7883
vn 0.9317 0.0474 -0.3600
vn -0.0016 -0.3327 -0.9430
vn -0.0016 0.5884 -0.8085
vn 0.0020 -0.1492 -0.9888
vn 0.9280 -0.0501 -0.3693
vn 0.9875 -0.0527 -0.1486
vn 0.9049 -0.1478 -0.3992
vn 0.0015 -0.3551 -0.9348
vn 0.0015 -0.4723 -0.8815
vn 0.0018 -0.4990 -0.8666
vn -0.0021 -0.5082 -0.8613
vn -0.0014 -0.5237 -0.8519
vn -0.0014 -0.5359 -0.8443
vn -0.0013 -0.5836 -0.8121
vn -0.0009 -0.5531 -0.8331
vn -0.9790 0.1878 -0.0792
vn -0.9314 0.3184 0.1761
vn -0.3657 -0.7117 0.5998
vn -0.3275 -0.5729 0.7513
vn -0.5818 0.7785 0.2356
vn 0.7945 -0.0207 0.6069
vn 0.3146 0.7257 0.6119
vn 0.6245 -0.0867 0.7762
vn 0.3298 0.8235 -0.4616
vn -0.9315 0.3184 0.1760
vn -0.9790 0.1879 -0.0791
vn 0.3348 0.7117 -0.6176
vn 0.6245 -0.0866 0.7762
vn -0.0642 -0.7670 0.6384
vn 0.9597 -0.2789 -0.0338
vn 0.9188 -0.3872 -0.0765
vn -0.0865 -0.8814 0.4645
vn 0.6221 -0.3580 -0.6963
vn -0.9275 -0.2350 -0.2908
vn -0.2776 -0.3404 -0.8984
vn -0.8912 -0.4193 -0.1733
vn 0.0717 0.6661 -0.7424
vn 0.9188 -0.3872 -0.0764
vn 0.9597 -0.2788 -0.0339
vn 0.0733 0.7863 -0.6135
vn 0.6220 -0.3580 -0.6963
vn -0.9275 -0.2349 -0.2909
vn -0.2777 -0.3404 -0.8983
vn -0.8911 -0.4193 -0.1734
vn -0.6882 -0.2214 -0.6909
vn -0.4127 -0.6926 0.5915
vn -0.7343 -0.4276 -0.5272
vn -0.3419 -0.8384 0.4245
vn 0.1503 -0.4319 -0.8893
vn 0.8308 -0.3390 0.4414
vn 0.8844 -0.3091 0.3497
vn 0.8654 -0.3929 -0.3110
vn 0.4453 0.5953 -0.6689
vn 0.8308 -0.3389 0.4415
vn 0.8845 -0.3090 0.3497
vn 0.4040 0.7246 -0.5584
vn 0.8653 -0.3930 -0.3111
vn -0.6881 -0.2214 -0.6910
vn 0.1502 -0.4319 -0.8893
vn -0.7342 -0.4277 -0.5273
vn -0.6439 -0.4543 0.6157
vn -0.8537 0.2831 -0.4371
vn -0.8716 0.4382 -0.2199
vn -0.6380 -0.2703 0.7211
vn -0.4549 0.8760 -0.1605
vn 0.6062 0.0631 0.7928
vn 0.2983 0.8433 0.4471
vn 0.3480 0.1220 0.9295
vn -0.8537 0.2832 -0.4371
vn 0.5859 0.6330 -0.5060
vn -0.8716 0.4381 -0.2200
vn 0.6465 0.4396 -0.6235
vn 0.6063 0.0631 0.7928
vn 0.2982 0.8433 0.4472
vn 0.7724 -0.1833 0.6081
vn 0.7880 -0.3084 0.5329
vn -0.3285 -0.8637 0.3822
vn -0.2104 -0.9512 0.2259
vn 0.9812 -0.1588 -0.1097
vn -0.4700 -0.2661 -0.8416
vn 0.4449 -0.2034 -0.8722
vn -0.4591 -0.4902 -0.7409
vn 0.4163 0.7867 -0.4558
vn 0.7725 -0.1833 0.6080
vn -0.9865 -0.0708 0.1480
vn -0.0006 0.6213 0.7835
vn -0.0008 0.6042 0.7969
vn -0.8801 0.3074 0.3618
vn -0.0012 0.6478 0.7618
vn -0.9908 0.1208 0.0606
vn -0.9020 0.2890 0.3206
vn -0.0014 0.7200 0.6940
vn -0.9960 0.0717 0.0526
vn -0.8598 0.3705 0.3513
vn -0.9497 0.3103 -0.0427
vn -0.9946 0.1005 -0.0245
vn -0.0013 0.8561 0.5168
vn -0.9994 0.0308 -0.0129
vn -0.9927 0.0890 0.0817
vn -0.7056 0.6165 0.3493
vn -0.9982 0.0303 -0.0512
vn -0.9908 0.1155 -0.0700
vn -0.9198 0.3691 -0.1332
vn -0.7109 0.6860 -0.1554
vn -0.9998 0.0025 -0.0193
vn -0.9977 -0.0003 -0.0683
vn -0.9455 0.3150 0.0822
vn -0.9937 0.1088 -0.0275
vn -0.8400 0.5387 -0.0650
vn -0.9908 0.0082 -0.1354
vn -0.9889 0.0262 -0.1460
vn -0.9620 0.1723 -0.2120
vn -0.8853 0.3832 -0.2634
vn -0.5858 0.7803 -0.2192
vn -0.9868 0.0474 -0.1551
vn -0.9729 0.0364 -0.2284
vn -0.9382 0.0154 -0.3457
vn -0.8552 0.1594 -0.4932
vn -0.9316 0.0277 -0.3625
vn -0.7274 0.1444 -0.6708
vn -0.0054 0.8518 -0.5239
vn -0.8463 0.3811 -0.3722
vn -0.7033 0.4916 -0.5136
vn -0.8289 0.1772 -0.5306
vn -0.9173 0.0552 -0.3944
vn -0.0033 0.0532 -0.9986
vn -0.0032 0.0720 -0.9974
vn -0.0036 0.4056 -0.9141
vn -0.5931 0.5277 -0.6081
vn -0.0031 0.6468 -0.7626
vn -0.6915 -0.3002 -0.6571
vn -0.0014 -0.5549 -0.8319
vn -0.0031 0.5751 -0.8181
vn -0.0023 -0.3685 -0.9296
vn -0.0016 0.9711 -0.2386
vn -0.0032 0.3406 -0.9402
vn 0.8288 0.1769 -0.5309
vn 0.6891 -0.3006 -0.6594
vn 0.3694 0.8728 -0.3191
vn 0.2109 0.9654 -0.1536
vn 0.5908 0.5285 -0.6097
vn 0.9173 0.0551 -0.3943
vn 0.5858 0.7803 -0.2192
vn 0.8853 0.3832 -0.2634
vn 0.3559 0.9249 -0.1337
vn 0.8463 0.3811 -0.3722
vn 0.2446 0.9520 -0.1840
vn 0.4330 0.8888 -0.1500
vn 0.7013 0.4929 -0.5150
vn 0.9620 0.1723 -0.2120
vn 0.4808 0.8703 -0.1066
vn 0.7109 0.6860 -0.1554
vn 0.9198 0.3691 -0.1332
vn 0.4393 0.8945 -0.0828
vn 0.8539 0.1601 -0.4952
vn 0.4162 0.8881 -0.1950
vn 0.2416 0.9457 -0.2174
vn 0.5249 0.8329 -0.1754
vn 0.5418 0.8348 -0.0980
vn 0.4820 0.8757 -0.0273
vn 0.7982 0.6009 -0.0411
vn 0.5795 0.8143 -0.0319
vn 0.9497 0.3104 -0.0426
vn 0.3591 0.9078 -0.2164
vn 0.4857 0.8488 -0.2089
vn 0.1980 0.9543 -0.2237
vn 0.6908 0.7037 -0.1662
vn 0.6553 0.7262 -0.2079
vn 0.7159 0.6896 -0.1090
vn 0.5393 0.8416 -0.0301
vn 0.4325 0.9012 0.0296
vn 0.5193 0.8500 0.0886
vn 0.7949 0.5919 0.1334
vn 0.3571 0.9062 -0.2266
vn 0.4842 0.8459 -0.2237
vn 0.2068 0.9511 -0.2294
vn 0.8812 0.4458 -0.1575
vn 0.9113 0.3955 -0.1143
vn 0.7235 0.6893 -0.0388
vn 0.5488 0.8359 0.0110
vn 0.3018 0.9305 0.2075
vn 0.5098 0.7519 0.4180
vn 0.1744 0.9557 -0.2372
vn 0.3241 0.9178 -0.2292
vn 0.9803 0.1254 -0.1526
vn 0.9885 0.0983 -0.1149
vn 0.9270 0.3709 -0.0558
vn 0.7285 0.6850 0.0081
vn 0.1506 0.9672 -0.2047
vn 0.9788 -0.1226 -0.1639
vn 0.9863 -0.1164 -0.1170
vn 0.9941 0.0758 -0.0775
vn 0.9327 0.3601 -0.0217
vn 0.2158 0.9704 -0.1087
vn 0.9292 -0.3204 -0.1841
vn 0.9291 -0.3557 -0.1013
vn 0.9861 -0.1459 -0.0792
vn 0.9979 0.0458 -0.0461
vn 0.4343 0.8995 0.0476
vn 0.8142 -0.5527 -0.1778
vn 0.7993 -0.5949 -0.0845
vn 0.9238 -0.3781 -0.0600
vn 0.9808 -0.1841 -0.0636
vn 0.6129 -0.7866 -0.0745
vn 0.6150 -0.7760 -0.1401
vn 0.8072 -0.5896 -0.0275
vn 0.6244 -0.7808 -0.0229
vn 0.8324 -0.5529 0.0383
vn 0.8328 -0.5524 -0.0366
vn 0.2971 0.8871 -0.3531
vn 0.9812 -0.1589 -0.1097
vn -0.4700 -0.2660 -0.8416
vn 0.4448 -0.2034 -0.8722
vn -0.4592 -0.4902 -0.7408
vn -0.2707 -0.9549 0.1217
vn 0.7490 -0.4167 -0.5152
vn 0.7326 -0.3371 0.5913
vn -0.2788 -0.2495 -0.9274
vn 0.4475 0.8500 -0.2778
vn 0.7489 -0.4168 -0.5152
vn -0.2789 -0.2495 -0.9274
vn -0.2025 -0.9714 0.1237
vn 0.8747 -0.3620 -0.3223
vn 0.6055 -0.2682 0.7493
vn -0.0601 -0.3520 -0.9341
vn 0.4254 0.8766 -0.2250
vn 0.8746 -0.3621 -0.3224
vn -0.8002 -0.3085 0.5143
vn -0.6869 0.3110 -0.6568
vn -0.7644 0.4744 -0.4366
vn -0.8033 -0.1070 0.5859
vn -0.3709 0.8533 -0.3665
vn 0.4335 0.1170 0.8935
vn 0.2831 0.9034 0.3221
vn 0.1701 0.2335 0.9573
vn -0.6869 0.3111 -0.6568
vn 0.7495 0.4856 -0.4499
vn -0.7644 0.4745 -0.4366
vn 0.8181 0.2804 -0.5021
vn -0.3710 0.8532 -0.3665
vn 0.4336 0.1170 0.8935
vn 0.2830 0.9034 0.3220
vn 0.1701 0.2336 0.9573
vn -0.5632 -0.6507 0.5094
vn -0.7267 0.6473 0.2301
vn -0.8643 0.2797 -0.4180
vn -0.0131 0.4960 0.8682
vn 0.5325 -0.0556 0.8446
vn 0.5175 0.8103 -0.2751
vn -0.8643 0.2796 -0.4181
vn -0.7267 0.6473 0.2302
vn -0.5540 -0.7517 0.3577
vn -0.8593 0.5080 0.0590
vn -0.8380 0.1465 -0.5257
vn -0.2815 0.4608 0.8417
vn 0.3539 -0.0788 0.9320
vn 0.4199 0.8907 -0.1744
vn -0.8380 0.1465 -0.5256
vn -0.8593 0.5080 0.0591
vn 0.3538 -0.0787 0.9320
vn -0.7864 0.4327 -0.4409
vn -0.7580 -0.6402 0.1252
vn -0.6263 0.3672 -0.6877
vn -0.8224 -0.4955 0.2795
vn -0.4559 0.8884 -0.0544
vn 0.2324 -0.1674 0.9581
vn -0.0234 0.6446 0.7642
vn -0.1017 -0.1763 0.9791
vn -0.6263 0.3673 -0.6876
vn 0.6489 0.7606 -0.0195
vn -0.7863 0.4327 -0.4410
vn 0.7609 0.6278 -0.1642
vn 0.2325 -0.1674 0.9581
vn -0.7803 -0.5463 0.3045
vn -0.6319 0.7750 -0.0038
vn -0.6759 0.4194 -0.6060
vn -0.2121 0.5042 0.8371
vn 0.2648 -0.1757 0.9482
vn 0.7091 0.7005 -0.0805
vn -0.6759 0.4193 -0.6061
vn -0.2121 0.5042 0.8372
vn 0.2648 -0.1757 0.9481
vn -0.8037 -0.5192 0.2908
vn -0.6508 0.7584 -0.0350
vn -0.6591 0.3414 -0.6700
vn -0.2303 0.5514 0.8018
vn 0.1775 -0.0783 0.9810
vn 0.6787 0.7239 -0.1241
vn -0.6591 0.3414 -0.6701
vn -0.6511 0.7582 -0.0350
vn -0.2305 0.5513 0.8019
vn 0.1775 -0.0784 0.9810
vn -0.5578 -0.8183 -0.1387
vn -0.4607 0.2636 -0.8475
vn -0.6743 0.2898 -0.6792
vn -0.7017 -0.7122 -0.0214
vn -0.6070 0.7640 -0.2188
vn -0.0670 -0.1501 0.9864
vn -0.4938 0.5375 0.6836
vn -0.3746 -0.2647 0.8886
vn -0.4608 0.2636 -0.8475
vn 0.3876 0.9003 0.1981
vn 0.5644 0.8210 0.0857
vn -0.6071 0.7639 -0.2189
vn -0.0669 -0.1501 0.9864
vn -0.4939 0.5374 0.6836
vn -0.8190 -0.5543 0.1485
vn -0.6286 0.7696 0.1119
vn -0.6444 0.4834 -0.5925
vn -0.2319 0.3703 0.8995
vn 0.1062 -0.3573 0.9279
vn 0.7188 0.6924 0.0621
vn -0.6287 0.7696 0.1119
vn 0.3691 -0.7192 0.5887
vn 0.9315 0.3183 0.1762
vn 0.9719 0.2129 -0.1000
vn 0.3434 -0.5633 0.7515
vn 0.5753 0.7894 0.2141
vn -0.7913 -0.0298 0.6106
vn -0.3165 0.7417 0.5914
vn -0.6429 -0.0974 0.7597
vn 0.9719 0.2130 -0.1000
vn 0.9315 0.3182 0.1762
vn -0.3304 0.8278 -0.4534
vn -0.3663 0.7006 -0.6124
vn 0.5753 0.7894 0.2142
vn -0.7914 -0.0298 0.6105
vn -0.9597 -0.2789 -0.0338
vn 0.0642 -0.7670 0.6384
vn -0.9188 -0.3872 -0.0764
vn 0.0865 -0.8813 0.4645
vn -0.6221 -0.3579 -0.6963
vn 0.9275 -0.2350 -0.2908
vn 0.2778 -0.3404 -0.8983
vn 0.8911 -0.4193 -0.1733
vn -0.9597 -0.2789 -0.0339
vn -0.0717 0.6660 -0.7425
vn -0.0733 0.7863 -0.6135
vn -0.6221 -0.3580 -0.6963
vn 0.9275 -0.2349 -0.2909
vn 0.2777 -0.3404 -0.8983
vn 0.8911 -0.4193 -0.1734
vn 0.4127 -0.6926 0.5915
vn 0.6882 -0.2214 -0.6909
vn 0.7343 -0.4276 -0.5272
vn 0.3419 -0.8384 0.4245
vn -0.8308 -0.3390 0.4414
vn -0.1501 -0.4318 -0.8894
vn -0.8844 -0.3091 0.3497
vn -0.8653 -0.3929 -0.3112
vn -0.8845 -0.3090 0.3497
vn -0.8308 -0.3390 0.4415
vn -0.4453 0.5953 -0.6689
vn -0.4040 0.7246 -0.5584
vn -0.8653 -0.3929 -0.3111
vn 0.6881 -0.2214 -0.6910
vn -0.1501 -0.4319 -0.8894
vn 0.8716 0.4382 -0.2198
vn 0.8537 0.2832 -0.4371
vn 0.6438 -0.4542 0.6158
vn 0.6380 -0.2703 0.7211
vn 0.4548 0.8760 -0.1605
vn -0.6062 0.0632 0.7928
vn -0.2983 0.8433 0.4471
vn -0.3481 0.1219 0.9295
vn -0.5855 0.6331 -0.5063
vn 0.8716 0.4381 -0.2199
vn -0.6464 0.4396 -0.6236
vn 0.4549 0.8760 -0.1605
vn -0.6063 0.0632 0.7927
vn -0.2982 0.8433 0.4471
vn -0.3480 0.1220 0.9295
vn 0.3283 -0.8640 0.3818
vn -0.7880 -0.3083 0.5329
vn -0.7724 -0.1834 0.6081
vn 0.2104 -0.9512 0.2258
vn -0.9812 -0.1589 -0.1097
vn 0.4701 -0.2660 -0.8416
vn -0.4448 -0.2034 -0.8722
vn 0.4591 -0.4902 -0.7409
vn -0.7724 -0.1833 0.6081
vn -0.7881 -0.3083 0.5328
vn -0.4160 0.7869 -0.4558
vn -0.2971 0.8871 -0.3531
vn -0.9812 -0.1589 -0.1096
vn -0.4449 -0.2034 -0.8722
vn 0.4592 -0.4901 -0.7409
vn 0.2026 -0.9714 0.1239
vn -0.6055 -0.2681 0.7493
vn -0.8746 -0.3621 -0.3224
vn 0.0601 -0.3520 -0.9341
vn -0.4254 0.8766 -0.2250
vn -0.8746 -0.3621 -0.3223
vn -0.6055 -0.2682 0.7493
vn 0.7644 0.4744 -0.4366
vn 0.6869 0.3111 -0.6568
vn 0.8004 -0.3081 0.5142
vn 0.8034 -0.1070 0.5857
vn 0.3709 0.8533 -0.3665
vn -0.4336 0.1171 0.8935
vn -0.2831 0.9034 0.3220
vn -0.1702 0.2334 0.9574
vn -0.7494 0.4856 -0.4500
vn 0.6869 0.3112 -0.6568
vn 0.7644 0.4745 -0.4365
vn -0.8182 0.2804 -0.5019
vn 0.3710 0.8533 -0.3665
vn -0.4337 0.1170 0.8934
vn -0.2830 0.9034 0.3221
vn -0.1701 0.2336 0.9573
vn 0.5632 -0.6506 0.5094
vn 0.8643 0.2796 -0.4180
vn 0.7267 0.6473 0.2302
vn 0.0131 0.4960 0.8682
vn -0.5325 -0.0556 0.8446
vn -0.5175 0.8103 -0.2751
vn 0.7267 0.6473 0.2301
vn 0.8643 0.2796 -0.4181
vn 0.0131 0.4961 0.8682
vn -0.5325 -0.0557 0.8446
vn 0.5541 -0.7517 0.3577
vn 0.8379 0.1467 -0.5258
vn 0.8593 0.5081 0.0588
vn 0.2818 0.4609 0.8415
vn -0.3539 -0.0786 0.9320
vn -0.4199 0.8907 -0.1743
vn 0.8379 0.1467 -0.5257
vn 0.2817 0.4608 0.8416
vn 0.6263 0.3671 -0.6877
vn 0.7580 -0.6402 0.1252
vn 0.7863 0.4326 -0.4411
vn 0.8224 -0.4955 0.2795
vn 0.4559 0.8884 -0.0543
vn -0.2325 -0.1675 0.9581
vn 0.0234 0.6446 0.7642
vn 0.1017 -0.1763 0.9791
vn 0.7863 0.4327 -0.4411
vn -0.6489 0.7606 -0.0195
vn 0.6263 0.3672 -0.6877
vn -0.7609 0.6278 -0.1641
vn 0.4559 0.8883 -0.0544
vn -0.2326 -0.1674 0.9580
vn 0.0234 0.6447 0.7641
vn 0.7803 -0.5464 0.3045
vn 0.6759 0.4194 -0.6060
vn 0.6319 0.7750 -0.0037
vn 0.2122 0.5042 0.8371
vn -0.2648 -0.1756 0.9482
vn -0.7093 0.7003 -0.0806
vn 0.6319 0.7751 -0.0038
vn 0.6759 0.4193 -0.6061
vn 0.2121 0.5042 0.8371
vn 0.8036 -0.5193 0.2909
vn 0.6591 0.3414 -0.6701
vn 0.6508 0.7585 -0.0350
vn 0.2302 0.5514 0.8018
vn -0.1776 -0.0784 0.9810
vn -0.6786 0.7239 -0.1241
vn 0.6511 0.7582 -0.0350
vn 0.2305 0.5513 0.8019
vn -0.1775 -0.0784 0.9810
vn 0.3461 -0.9380 -0.0182
vn 0.3425 -0.9373 -0.0637
vn 0.3161 -0.9430 -0.1040
vn 0.6839 -0.7295 -0.0129
vn 0.3791 -0.9251 0.0199
vn 0.7713 -0.4968 -0.3979
vn 0.5970 -0.7821 -0.1786
vn 0.3060 -0.9520 0.0063
vn 0.5853 -0.8106 -0.0177
vn 0.6146 -0.7825 -0.0997
vn 0.5173 -0.8529 0.0701
vn 0.2131 -0.9734 0.0838
vn 0.6810 -0.7275 0.0835
vn 0.7736 -0.6330 0.0298
vn 0.5167 -0.8522 0.0823
vn 0.1928 -0.9657 0.1742
vn 0.7626 -0.6426 0.0745
vn 0.7548 -0.6533 0.0595
vn 0.5535 -0.8174 0.1598
vn 0.8274 -0.4644 0.3159
vn 0.9232 -0.3790 0.0630
vn 0.9187 -0.3930 0.0401
vn 0.8916 -0.4459 0.0788
vn 0.2067 -0.9550 0.2127
vn 0.8962 -0.4023 0.1871
vn 0.8203 -0.5468 0.1678
vn 0.7692 -0.5728 0.2834
vn 0.4920 -0.8337 0.2507
vn 0.9862 -0.0758 0.1469
vn 0.9460 -0.2764 0.1692
vn 0.9650 -0.2529 0.0695
vn 0.8210 -0.4555 0.3441
vn 0.9817 -0.1764 0.0713
vn 0.9808 -0.1911 0.0374
vn 0.2097 -0.9475 0.2413
vn 0.5558 -0.7543 0.3495
vn 0.7909 -0.4791 0.3807
vn 0.9869 -0.0883 0.1348
vn 0.9144 -0.3029 0.2684
vn 0.9667 -0.0693 0.2465
vn 0.9895 0.0685 0.1270
vn 0.9969 -0.0094 0.0783
vn 0.9728 0.0509 0.2258
vn 0.4629 -0.8120 0.3554
vn 0.1895 -0.9429 0.2741
vn 0.7487 -0.4361 0.4994
vn 0.9298 0.3094 0.1995
vn 0.9460 0.3002 0.1223
vn 0.9500 0.0310 0.3107
vn 0.8955 0.3318 0.2967
vn 0.9408 -0.0805 0.3292
vn 0.9440 -0.0325 0.3284
vn 0.3725 -0.8494 0.3738
vn 0.1834 -0.9328 0.3101
vn 0.6849 -0.5926 0.4238
vn 0.5903 -0.6897 0.4194
vn 0.6404 0.7202 0.2670
vn 0.6718 0.7239 0.1570
vn 0.9341 -0.0587 0.3521
vn 0.9407 0.0262 0.3383
vn 0.8937 0.3278 0.3063
vn 0.6683 0.6956 0.2636
vn 0.2946 0.9309 0.2160
vn 0.4514 -0.7693 0.4522
vn 0.3169 -0.8488 0.4233
vn 0.1707 -0.9051 0.3895
vn 0.9256 -0.0856 0.3687
vn 0.9117 -0.1267 0.3907
vn 0.9451 0.0312 0.3254
vn 0.8714 0.4099 0.2694
vn 0.6603 0.7025 0.2655
vn 0.3127 0.9181 0.2437
vn 0.7728 -0.1533 0.6158
vn 0.4090 -0.7198 0.5608
vn 0.2423 -0.7813 0.5752
vn 0.9451 0.0799 0.3170
vn 0.8102 -0.4098 0.4191
vn 0.9375 0.1061 0.3313
vn 0.8501 0.3815 0.3630
vn 0.6283 0.6863 0.3665
vn 0.2843 0.9204 0.2686
vn 0.3430 -0.4837 0.8052
vn 0.9500 -0.2794 0.1397
vn 0.9598 0.0514 0.2758
vn 0.9141 0.0866 0.3961
vn 0.8337 0.3220 0.4487
vn 0.6353 0.6280 0.4495
vn 0.2702 0.9090 0.3173
vn 0.9035 0.0626 0.4240
vn 0.9941 -0.1070 0.0185
vn 0.8516 0.2514 0.4599
vn 0.9008 0.0145 0.4341
vn 0.6618 0.6063 0.4409
vn 0.2736 0.8825 0.3826
vn 0.8937 0.0548 0.4454
vn 0.8625 0.2391 0.4459
vn 0.9053 -0.0842 0.4163
vn 0.6605 0.6100 0.4378
vn 0.3058 0.8697 0.3875
vn -0.0033 0.9436 0.3310
vn -0.0012 0.9474 0.3200
vn 0.6466 0.5990 0.4724
vn 0.3228 0.8627 0.3894
vn 0.0013 0.9447 0.3278
vn 0.8961 -0.0653 0.4389
vn 0.8862 -0.0802 0.4564
vn 0.8930 -0.0034 0.4501
vn 0.8707 -0.0660 0.4875
vn 0.8331 0.2302 0.5029
vn 0.8390 -0.2115 0.5013
vn 0.0045 0.9356 0.3531
vn 0.3302 0.8515 0.4073
vn 0.5243 0.5027 0.6873
vn 0.3108 0.7947 0.5215
vn 0.8821 -0.1817 0.4346
vn 0.8322 -0.3002 0.4661
vn -0.0001 0.9221 0.3869
vn 0.6726 -0.2372 0.7010
vn 0.6194 -0.4356 0.6532
vn 0.6502 0.0745 0.7561
vn 0.5050 -0.6470 0.5714
vn 0.7344 -0.3899 0.5555
vn 0.0002 -0.0754 0.9971
vn 0.0001 0.3828 0.9238
vn 0.0003 -0.4156 0.9096
vn -0.0004 0.7735 0.6338
vn 0.0004 -0.6057 0.7957
vn 0.8011 -0.3997 0.4456
vn 0.5551 -0.6660 0.4983
vn 0.0007 -0.7797 0.6261
vn 0.0003 -0.8675 0.4974
vn 0.3473 -0.8483 0.3998
vn 0.6243 -0.6763 0.3909
vn -0.0000 -0.9376 0.3477
vn 0.2739 -0.9350 0.2252
vn 0.7663 -0.5335 0.3580
vn 0.5440 -0.7731 0.3260
vn 0.8690 -0.2635 0.4187
vn 0.8246 -0.4222 0.3764
vn 0.0828 -0.9856 -0.1473
vn 0.8933 -0.1918 0.4064
vn 0.8947 -0.1490 0.4210
vn 0.0097 -0.2106 0.9775
vn -0.3315 -0.4874 0.8078
vn 0.0104 -0.5425 0.8400
vn 0.3430 -0.4836 0.8053
vn -0.3819 -0.0811 0.9206
vn 0.0084 0.4033 0.9150
vn 0.3923 -0.0838 0.9160
vn -0.5525 -0.4118 0.7247
vn 0.5568 -0.4076 0.7237
vn -0.5823 -0.1193 0.8042
vn -0.2768 0.4295 0.8596
vn 0.0089 0.9399 0.3413
vn 0.2890 0.4353 0.8527
vn 0.5849 -0.1206 0.8021
vn -0.7292 -0.3439 0.5917
vn 0.7276 -0.3432 0.5940
vn -0.7505 0.0366 0.6598
vn -0.4637 0.3074 0.8310
vn -0.0622 0.9513 0.3019
vn 0.0012 0.9995 -0.0326
vn 0.0720 0.9530 0.2942
vn 0.4653 0.3083 0.8297
vn 0.7483 0.0321 0.6625
vn -0.8230 -0.2620 0.5040
vn 0.8169 -0.2733 0.5079
vn -0.8252 0.1870 0.5330
vn -0.6420 0.4826 0.5958
vn -0.2067 0.8972 0.3904
vn -0.0115 0.9997 0.0205
vn 0.1690 0.9847 -0.0424
vn -0.0000 0.9174 0.3980
vn 0.0113 0.9997 0.0228
vn 0.2063 0.8981 0.3884
vn -0.1694 0.9848 -0.0382
vn 0.6397 0.4765 0.6032
vn 0.8232 0.1749 0.5401
vn -0.0594 0.9675 0.2460
vn -0.5128 0.7460 0.4248
vn 0.1022 0.8741 0.4750
vn -0.1022 0.8741 0.4750
vn -0.0000 -0.0719 0.9974
vn 0.0633 0.9640 0.2581
vn 0.5082 0.7451 0.4320
vn -0.1850 0.9770 0.1059
vn -0.3502 0.8735 0.3381
vn -0.1208 -0.0481 0.9915
vn 0.1838 0.9775 0.1035
vn 0.3502 0.8735 0.3381
vn 0.1207 -0.0480 0.9915
vn 0.4309 0.8018 0.4140
vn -0.3210 0.9444 0.0718
vn -0.2036 -0.0330 0.9785
vn -0.3246 0.9026 0.2828
vn 0.3715 0.8197 0.4360
vn -0.0968 -0.9335 0.3453
vn -0.4884 -0.1694 0.8560
vn 0.2550 -0.4475 0.8571
vn 0.2036 -0.0330 0.9785
vn 0.0968 -0.9335 0.3453
vn -0.0000 -0.9441 0.3296
vn -0.1290 -0.9888 0.0754
vn -0.2656 -0.9620 -0.0636
vn -0.1541 -0.9881 -0.0019
vn 0.1541 -0.9881 -0.0019
vn -0.0000 -1.0000 0.0025
vn -0.1550 -0.9870 0.0424
vn -0.3110 -0.9369 -0.1596
vn -0.3489 -0.9152 -0.2017
vn -0.1954 -0.9477 -0.2525
vn 0.2657 -0.9620 -0.0636
vn 0.4884 -0.1694 0.8560
vn 0.1290 -0.9888 0.0754
vn 0.3489 -0.9152 -0.2017
vn 0.1954 -0.9477 -0.2525
vn -0.0000 -0.9521 -0.3058
vn 0.3110 -0.9369 -0.1596
vn 0.0546 -0.9973 -0.0485
vn -0.1380 -0.9904 0.0095
vn 0.1277 -0.9913 0.0327
vn 0.0828 -0.9856 -0.1474
vn -0.2550 -0.4475 0.8571
vn 0.1550 -0.9870 0.0424
vn -0.0827 -0.9856 -0.1473
vn -0.0000 -0.9904 -0.1382
vn 0.1380 -0.9904 0.0095
vn -0.0214 -0.6157 0.7877
vn -0.1046 -0.5647 0.8186
vn -0.6310 0.3871 0.6723
vn -0.6694 0.2376 0.7038
vn -0.7632 0.3725 0.5279
vn -0.3714 0.8201 0.4353
vn -0.8299 0.1574 0.5353
vn -0.8129 0.3241 0.4839
vn -0.4313 0.8018 0.4137
vn -0.8801 -0.0294 0.4739
vn 0.3209 0.9444 0.0719
vn 0.3246 0.9026 0.2828
vn 0.8778 -0.0314 0.4780
vn 0.8121 0.3231 0.4859
vn 0.8293 0.1568 0.5364
vn 0.7628 0.3720 0.5290
vn 0.6695 0.2376 0.7038
vn 0.6310 0.3871 0.6723
vn 0.1047 -0.5647 0.8186
vn 0.0214 -0.6157 0.7877
vn -0.3476 -0.8483 0.3995
vn -0.5550 -0.6671 0.4970
vn -0.6243 -0.6768 0.3901
vn -0.5048 -0.6469 0.5716
vn -0.8009 -0.4003 0.4453
vn -0.7660 -0.5339 0.3582
vn -0.7349 -0.3908 0.5543
vn -0.8332 -0.3002 0.4643
vn -0.8385 -0.2120 0.5019
vn -0.6189 -0.4351 0.6539
vn -0.8690 -0.2637 0.4188
vn -0.8822 -0.1822 0.4342
vn -0.8246 -0.4222 0.3764
vn -0.8873 -0.0887 0.4526
vn -0.8693 -0.0647 0.4900
vn -0.8937 -0.0047 0.4487
vn -0.6723 -0.2365 0.7015
vn -0.8928 -0.1941 0.4066
vn -0.8941 -0.1517 0.4214
vn -0.8956 -0.0691 0.4395
vn -0.8941 0.0541 0.4446
vn -0.8607 0.2456 0.4459
vn -0.8325 0.2304 0.5038
vn -0.9051 -0.0830 0.4171
vn -0.9084 -0.1599 0.3862
vn -0.6496 0.0754 0.7566
vn -0.9008 0.0172 0.4340
vn -0.8509 0.2538 0.4600
vn 0.7638 -0.5122 0.3927
vn 0.8904 -0.2340 0.3905
vn 0.5876 -0.7560 0.2884
vn 0.8189 -0.4215 0.3895
vn 0.8900 -0.2534 0.3791
vn 0.9163 -0.1514 0.3709
vn 0.9088 -0.1556 0.3870
vn 0.9236 -0.0861 0.3736
vn 0.9745 0.2187 0.0494
vn 0.9411 -0.0467 0.3350
vn 0.9126 -0.1712 0.3712
vn 0.7580 -0.6009 0.2535
vn 0.8996 -0.2974 0.3199
vn 0.7654 0.4267 0.4818
vn 0.9164 0.0474 0.3975
vn 0.9251 -0.0705 0.3732
vn 0.9015 -0.0481 0.4301
vn 0.5747 -0.5873 0.5699
vn 0.2784 -0.5311 0.8003
vn 0.7419 -0.3090 0.5951
vn 0.6861 -0.0711 0.7240
vn 0.8400 -0.1418 0.5238
vn 0.8293 0.1567 0.5364
vn 0.6695 0.2375 0.7038
vn 0.8778 -0.0315 0.4780
vn 0.8031 -0.3560 0.4779
vn 0.1047 -0.5648 0.8186
vn 0.3322 -0.9341 0.1306
vn 0.8169 -0.2734 0.5079
vn 0.7343 -0.5185 0.4381
vn 0.5968 -0.6270 0.5007
vn -0.1379 -0.9904 0.0096
vn 0.7276 -0.3433 0.5940
vn 0.5568 -0.4077 0.7237
vn -0.1827 -0.9096 -0.3733
vn 0.0122 -0.7206 -0.6932
vn 0.2198 -0.8735 -0.4344
vn 0.3827 -0.8478 -0.3672
vn 0.2134 -0.9082 -0.3601
vn 0.6801 -0.5702 -0.4608
vn 0.5649 -0.7641 -0.3116
vn 0.4354 0.7053 -0.5594
vn 0.5631 -0.7579 -0.3293
vn 0.4547 -0.8816 -0.1267
vn 0.8400 -0.4225 -0.3404
vn 0.6800 -0.6905 -0.2464
vn 0.6294 -0.7333 -0.2570
vn 0.5912 -0.7717 -0.2344
vn 0.6388 0.7419 -0.2038
vn 0.6522 -0.7258 -0.2186
vn 0.6814 -0.6981 -0.2198
vn 0.4373 -0.8831 0.1702
vn -0.2718 -0.8337 0.4808
vn -0.1901 -0.9812 -0.0343
vn 0.7100 -0.6374 -0.2992
vn 0.8826 -0.2989 -0.3629
vn 0.4377 -0.8710 0.2234
vn 0.6321 -0.7572 -0.1646
vn 0.6554 -0.7287 -0.1988
vn 0.6532 -0.7278 -0.2088
vn 0.6152 0.7748 -0.1455
vn -0.3008 -0.4295 0.8515
vn -0.2933 -0.4261 0.8558
vn -0.7231 -0.6904 -0.0202
vn -0.7219 0.3827 0.5766
vn -0.9776 0.0757 0.1964
vn 0.8774 -0.1563 -0.4536
vn 0.7340 -0.5701 -0.3691
vn -0.3559 -0.4503 0.8189
vn 0.3582 -0.8848 0.2981
vn 0.5937 -0.7958 -0.1189
vn 0.6291 -0.7511 -0.2002
vn -0.7232 0.4236 0.5455
vn -0.7769 0.5966 0.2013
vn -0.8197 -0.4986 -0.2820
vn 0.1516 -0.9106 0.3845
vn -0.9699 -0.0626 -0.2353
vn -0.8915 0.4469 0.0746
vn 0.3566 -0.9302 0.0864
vn -0.5921 -0.4877 0.6415
vn -0.7388 0.3700 0.5633
vn -0.7851 0.3130 0.5345
vn -0.6976 0.6679 0.2594
vn -0.6904 0.7119 0.1285
vn -0.7158 0.6507 0.2533
vn -0.9106 0.0318 -0.4122
vn -0.9244 0.3629 -0.1176
vn -0.7940 0.6072 0.0292
vn -0.8032 0.5037 0.3180
vn -0.7034 -0.6029 0.3764
vn -0.6794 0.7193 0.1450
vn -0.7010 0.7004 0.1339
vn -0.7504 0.6592 0.0483
vn -0.6735 0.7273 0.1322
vn -0.6022 0.7756 -0.1892
vn -0.7866 0.6042 0.1277
vn -0.6938 0.7137 0.0962
vn -0.6965 0.7170 0.0278
vn -0.4863 0.8642 0.1296
vn -0.6911 0.6964 0.1934
vn -0.7809 0.6237 0.0334
vn -0.7387 0.6438 -0.1999
vn -0.7580 0.5558 -0.3414
vn -0.7834 0.6164 -0.0794
vn -0.4687 -0.3006 -0.8306
vn -0.8822 0.4615 0.0933
vn -0.3371 -0.1447 -0.9303
vn -0.4666 -0.2344 -0.8528
vn -0.6660 -0.4246 -0.6133
vn -0.7213 0.6448 0.2529
vn -0.4414 0.8673 0.2300
vn -0.6055 -0.4700 -0.6423
vn -0.9027 0.4302 0.0092
vn -0.3934 0.9088 0.1390
vn -0.6803 0.7227 0.1220
vn -0.4980 -0.1591 -0.8524
vn 0.4527 0.7768 -0.4379
vn -0.0489 0.4675 -0.8826
vn 0.6388 0.7419 -0.2037
vn -0.4534 -0.7803 -0.4308
vn -0.1827 -0.9095 -0.3733
vn -0.0009 0.9430 0.3327
vn -0.6516 0.7230 0.2293
vn -0.0012 0.8940 0.4481
vn -0.7141 0.6978 -0.0549
vn -0.9296 0.3683 0.0128
vn -0.7155 0.6393 0.2817
vn -0.0018 0.9419 0.3359
vn -0.6676 0.7247 -0.1706
vn -0.9351 0.3347 -0.1163
vn -0.9670 0.2541 0.0199
vn -0.6851 0.7133 0.1479
vn -0.0022 0.9553 -0.2955
vn -0.8682 0.4500 -0.2090
vn -0.9782 0.1843 -0.0962
vn -0.9675 0.2510 -0.0300
vn -0.6228 0.7348 -0.2687
vn -0.4955 0.8391 -0.2246
vn -0.9625 0.2293 -0.1446
vn -0.9942 -0.1067 0.0159
vn -0.9162 -0.1564 0.3690
vn -0.5239 0.5027 0.6876
vn -0.6463 0.5977 0.4744
vn -0.6599 0.6098 0.4389
vn -0.6632 0.6087 0.4356
vn -0.9033 0.0619 0.4245
vn -0.3108 0.7946 0.5216
vn -0.8326 0.3215 0.4510
vn -0.6318 0.6302 0.4513
vn -0.3226 0.8627 0.3895
vn -0.3272 0.8503 0.4123
vn -0.3101 0.8719 0.3790
vn -0.2736 0.8824 0.3827
vn -0.6137 0.6826 0.3966
vn -0.2681 0.9082 0.3213
vn -0.0001 0.9583 0.2857
vn -0.2638 0.9246 0.2749
vn -0.6462 0.6980 0.3085
vn -0.8506 0.3580 0.3850
vn -0.8878 0.3589 0.2880
vn -0.9150 0.0782 0.3957
vn -0.9376 0.0892 0.3361
vn -0.9505 -0.2783 0.1385
vn -0.8126 -0.4019 0.4222
vn -0.9444 0.0548 0.3241
vn -0.9427 0.0194 0.3330
vn -0.9067 0.2871 0.3091
vn -0.9588 0.0506 0.2794
vn -0.7708 -0.1575 0.6173
vn -0.9252 -0.0863 0.3694
vn -0.9420 0.0154 0.3352
vn -0.9130 -0.1341 0.3852
vn -0.7662 0.4192 0.4870
vn -0.9754 0.2153 0.0475
vn -0.9018 -0.0556 0.4285
vn -0.9343 -0.0616 0.3512
vn -0.9508 0.0300 0.3084
vn -0.9164 0.0474 0.3975
vn -0.9411 -0.0467 0.3350
vn -0.9237 -0.0861 0.3734
vn -0.9248 -0.0709 0.3738
vn -0.9126 -0.1712 0.3712
vn -0.9439 -0.0305 0.3287
vn -0.8900 -0.2533 0.3792
vn -0.8903 -0.2342 0.3904
vn -0.7638 -0.5122 0.3927
vn -0.7604 -0.5125 -0.3989
vn -0.5248 0.7911 -0.3141
vn 0.7004 0.5925 -0.3980
vn -0.9168 0.3908 -0.0825
vn -0.9858 -0.0655 -0.1544
vn -0.9865 -0.0706 0.1480
vn -0.6741 0.7361 -0.0622
vn -0.3721 0.8966 -0.2400
vn -0.6046 0.7797 -0.1628
vn 0.7399 0.5436 -0.3964
vn -0.7745 0.6276 0.0793
vn -0.9010 0.2717 0.3383
vn -0.8273 -0.4639 0.3168
vn -0.3276 0.8471 -0.4185
vn -0.5765 0.7231 -0.3806
vn -0.6211 0.7147 -0.3217
vn -0.6379 0.7595 -0.1272
vn -0.6803 0.7187 0.1437
vn -0.6546 0.7558 0.0132
vn -0.7600 0.5405 0.3609
vn -0.4478 -0.2421 0.8607
vn 0.4923 0.3301 -0.8054
vn 0.0750 -0.2117 -0.9744
vn -0.1450 -0.1719 -0.9744
vn -0.6364 0.7045 -0.3141
vn -0.0843 -0.0407 -0.9956
vn -0.6582 0.7424 -0.1250
vn -0.6800 0.7172 0.1522
vn -0.6697 0.7426 0.0100
vn -0.6842 0.6292 0.3686
vn -0.6879 0.6203 0.3769
vn -0.2293 -0.2461 0.9417
vn -0.6133 0.7108 -0.3444
vn 0.0395 0.0219 -0.9990
vn -0.1763 -0.1892 0.9660
vn -0.6661 0.7457 -0.0168
vn -0.6531 0.7429 -0.1469
vn -0.6738 0.7278 0.1275
vn -0.6911 0.6231 0.3662
vn -0.2611 -0.2185 0.9402
vn -0.5677 0.7266 -0.3870
vn 0.1063 0.0210 -0.9941
vn -0.6207 0.7662 -0.1662
vn 0.5798 -0.7747 0.2523
vn 0.5208 -0.8053 0.2832
vn -0.6522 0.7525 0.0918
vn -0.6360 0.7703 -0.0471
vn -0.6958 0.6245 0.3547
vn -0.2895 -0.2759 0.9165
vn 0.4933 -0.8267 0.2706
vn -0.5434 0.7128 -0.4435
vn 0.0810 -0.0198 -0.9965
vn -0.5970 0.7766 -0.2011
vn 0.6519 -0.7583 0.0028
vn 0.6392 -0.7690 0.0073
vn -0.6340 0.7715 0.0535
vn -0.7181 0.6061 0.3421
vn -0.6090 0.7885 -0.0855
vn -0.3730 -0.2960 0.8793
vn -0.4421 -0.3369 0.8313
vn 0.4229 -0.8569 0.2947
vn 0.6143 -0.7883 0.0361
vn -0.5204 0.6598 -0.5420
vn 0.0622 -0.1191 -0.9909
vn -0.5644 0.7827 -0.2622
vn 0.3524 -0.8828 0.3106
vn 0.6533 -0.7565 -0.0301
vn 0.6571 -0.7531 -0.0327
vn 0.5750 -0.8169 0.0441
vn 0.6417 -0.7664 -0.0280
vn -0.5304 -0.3760 0.7598
vn 0.2290 -0.9140 0.3349
vn 0.5325 -0.8435 0.0703
vn -0.3907 0.5352 -0.7490
vn 0.0813 -0.3388 -0.9373
vn 0.6580 -0.7474 -0.0915
vn 0.6109 -0.7914 -0.0219
vn 0.6581 -0.7475 -0.0898
vn -0.4335 0.7423 -0.5110
vn 0.0693 -0.9441 0.3223
vn 0.4406 -0.8948 0.0714
vn 0.5834 -0.8121 -0.0125
vn 0.5017 -0.8648 -0.0200
vn -0.0711 -0.2552 -0.9643
vn 0.2033 -0.9741 0.0986
vn 0.6333 -0.7698 -0.0799
vn 0.6002 -0.7961 -0.0772
vn -0.6613 0.5686 -0.4893
vn -0.0020 0.7544 -0.6565
vn -0.9547 0.2170 -0.2034
vn -0.6710 0.6100 -0.4214
vn -0.9378 0.2784 -0.2073
vn -0.8529 0.4115 -0.3214
vn -0.6058 0.6477 -0.4620
vn -0.9480 0.0998 -0.3023
vn -0.8620 -0.2121 -0.4604
vn -0.0025 0.4302 -0.9027
vn -0.5178 0.2803 -0.8083
vn -0.7355 -0.5496 -0.3962
vn -0.0021 -0.9202 -0.3914
vn -0.0002 0.9705 -0.2409
vn -0.0042 -0.6905 -0.7233
vn -0.0000 0.4771 -0.8789
vn -0.0022 0.0492 -0.9988
vn -0.3739 -0.8594 -0.3486
vn -0.0004 -0.9175 -0.3979
vn -0.8288 -0.3161 -0.4616
vn -0.7778 -0.5768 -0.2497
vn -0.9748 -0.1206 -0.1874
vn -0.7219 0.6562 -0.2198
vn -0.0009 0.9860 -0.1670
vn -0.9831 0.1385 -0.1198
vn -0.6477 0.7522 -0.1212
vn -0.0011 0.9955 -0.0946
vn -0.9381 -0.2713 -0.2152
vn -0.9786 -0.0635 -0.1956
vn -0.6729 0.7114 -0.2028
vn -0.9658 -0.2471 -0.0785
vn -0.9437 -0.2809 -0.1750
vn -0.7898 -0.6028 -0.1137
vn -0.0019 0.9542 -0.2992
vn -0.6924 0.1006 -0.7144
vn -0.6186 -0.6663 -0.4164
vn -0.6109 -0.6644 -0.4306
vn -0.6014 -0.6370 -0.4822
vn -0.0030 0.1836 -0.9830
vn -0.0018 -0.7761 -0.6306
vn -0.0018 -0.8540 -0.5203
vn -0.0015 -0.8458 -0.5334
vn -0.5646 -0.8215 -0.0804
vn -0.0019 -0.9970 -0.0773
vn -0.9393 -0.3351 0.0741
vn -0.7436 -0.6686 -0.0008
vn -0.6281 -0.6811 0.3764
vn -0.0011 -0.8644 0.5028
vn -0.9330 -0.3452 0.1013
vn -0.7010 -0.6191 0.3540
vn -0.4706 -0.8626 0.1858
vn -0.8909 -0.4464 -0.0841
vn -0.9805 -0.1861 -0.0631
vn -0.7672 -0.6304 -0.1183
vn 0.4725 -0.8658 -0.1644
vn 0.4527 -0.8042 -0.3852
vn 0.6205 -0.7516 -0.2236
vn 0.3598 -0.7289 -0.5825
vn -0.4667 -0.2344 -0.8528
vn 0.5052 -0.7316 -0.4578
vn 0.5927 -0.7171 -0.3666
vn -0.4686 -0.3007 -0.8307
vn 0.5251 -0.7084 -0.4716
vn -0.6054 -0.4700 -0.6423
vn 0.4787 -0.6429 -0.5979
vn -0.4980 -0.1591 -0.8525
vn 0.7388 -0.4095 -0.5353
vn -0.0489 0.4674 -0.8827
vn 0.4526 0.7768 -0.4379
vn -0.4013 -0.9067 0.1301
vn -0.7252 -0.6407 0.2523
vn -0.9544 -0.2970 0.0313
vn -0.8162 -0.4541 0.3572
vn -0.9919 -0.1194 0.0425
vn -0.8334 -0.4057 0.3754
vn -0.8682 -0.4948 -0.0369
vn -0.7043 -0.7072 -0.0617
vn -0.9849 -0.1406 -0.1006
vn -0.9377 -0.3171 -0.1418
vn -0.9968 -0.0639 0.0477
vn -0.9334 0.1202 -0.3382
vn -0.8317 -0.4268 0.3551
vn -0.8728 -0.4644 -0.1505
vn -0.7990 -0.5984 -0.0588
vn -0.9748 -0.0710 -0.2113
vn -0.9776 -0.0905 -0.1900
vn -0.9875 -0.0528 -0.1487
vn -0.9313 0.0475 -0.3612
vn -0.9966 -0.0664 0.0479
vn -0.9153 0.1652 -0.3673
vn -0.8145 -0.4685 0.3422
vn -0.9876 -0.0460 -0.1503
vn -0.9682 0.1943 -0.1576
vn -0.9068 0.3886 -0.1634
vn -0.9920 0.0610 -0.1107
vn -0.9273 -0.0505 -0.3710
vn -0.8940 0.1928 -0.4044
vn -0.9959 -0.0743 0.0523
vn -0.7780 -0.5296 0.3381
vn -0.8865 0.4627 -0.0033
vn -0.9578 0.2816 0.0576
vn -0.7964 0.6016 -0.0618
vn -0.9950 -0.0859 0.0504
vn -0.8895 0.2113 -0.4052
vn -0.7575 -0.5779 0.3037
vn -0.6693 0.7370 -0.0944
vn -0.5834 0.8122 -0.0039
vn -0.8850 0.2185 -0.4110
vn -0.9933 -0.1055 0.0471
vn -0.7109 -0.6413 0.2886
vn -0.9901 -0.1319 0.0481
vn -0.8434 0.2628 -0.4686
vn -0.6691 -0.7044 0.2369
vn -0.8273 0.2662 -0.4947
vn -0.9819 -0.1865 0.0340
vn -0.5620 -0.8064 0.1839
vn -0.8164 0.2580 -0.5166
vn -0.9639 -0.2663 0.0053
vn -0.6794 -0.7336 -0.0125
vn -0.7169 0.2519 -0.6500
vn -0.7767 0.0053 -0.6299
vn -0.7431 -0.5429 -0.3912
vn -0.9040 -0.1485 -0.4010
vn -0.9104 -0.1853 -0.3699
vn 0.5524 -0.8295 -0.0827
vn 0.6337 -0.7146 -0.2961
vn 0.6491 -0.7007 -0.2961
vn 0.5865 -0.7476 -0.3115
vn 0.5495 -0.7665 -0.3325
vn 0.4271 -0.8808 -0.2044
vn 0.3527 -0.9294 -0.1090
vn 0.4684 -0.8207 -0.3272
vn 0.0622 -0.1190 -0.9909
vn 0.0811 -0.0198 -0.9965
vn 0.0395 0.0218 -0.9990
vn 0.1064 0.0209 -0.9941
vn -0.5835 -0.4591 -0.6698
vn -0.8516 -0.5235 0.0258
vn -0.6554 -0.5485 0.5191
vn -0.8285 0.4097 0.3817
vn -0.7815 0.6105 0.1289
vn -0.6047 0.7960 0.0259
vn -0.7469 0.5726 0.3380
vn -0.6086 0.7295 -0.3123
vn -0.5836 -0.4591 -0.6698
vn -0.5561 0.8218 -0.1237
vn 0.6342 -0.7258 -0.2664
vn -0.6048 -0.7763 -0.1779
vn 0.8138 -0.5787 -0.0533
vn 0.7399 0.5436 -0.3963
vn 0.6557 -0.7546 -0.0246
vn 0.1245 -0.9860 -0.1110
vn 0.8075 -0.5425 -0.2318
vn 0.6499 -0.7600 -0.0053
vn 0.0751 -0.2118 -0.9744
vn 0.6063 -0.7911 -0.0815
vn 0.6354 -0.7696 -0.0639
vn 0.5632 -0.8012 -0.2022
vn -0.1450 -0.1720 -0.9744
vn 0.6434 -0.7655 0.0024
vn -0.0006 -0.9167 0.3997
vn -0.6816 -0.7269 0.0834
vn 0.6208 -0.7330 -0.2780
vn 0.5592 -0.7945 0.2367
vn -0.6975 0.5972 -0.3961
vn 0.7713 -0.4968 -0.3978
vn 0.5327 0.7831 -0.3208
vn 0.9143 -0.2080 -0.3476
vn 0.3725 0.8963 -0.2408
vn -0.7410 0.5423 -0.3960
vn 0.6042 0.7799 -0.1633
vn 0.6744 0.7356 -0.0637
vn 0.9204 0.3817 -0.0845
vn 0.9854 -0.0723 -0.1543
vn 0.3367 0.8469 -0.4115
vn 0.5766 0.7240 -0.3786
vn -0.4855 0.3427 -0.8043
vn -0.0710 -0.2060 -0.9760
vn 0.6224 0.7145 -0.3196
vn 0.6378 0.7594 -0.1288
vn 0.1501 -0.1692 -0.9741
vn 0.9862 -0.0757 0.1469
vn 0.7763 0.6255 0.0781
vn 0.9032 0.2674 0.3358
vn 0.6347 0.7044 -0.3178
vn 0.0819 -0.0453 -0.9956
vn 0.8274 -0.4643 0.3160
vn 0.7618 0.5389 0.3594
vn 0.4547 -0.2450 0.8563
vn -0.0490 0.0148 -0.9987
vn 0.6578 0.7424 -0.1272
vn 0.6112 0.7103 -0.3491
vn 0.6806 0.7187 0.1424
vn 0.6850 0.6281 0.3691
vn 0.2298 -0.2444 0.9421
vn -0.0056 -0.9162 0.4006
vn 0.6809 -0.7276 0.0836
vn -0.1091 0.0176 -0.9939
vn 0.5670 0.7260 -0.3892
vn 0.6547 0.7418 -0.1451
vn 0.1765 -0.1900 0.9658
vn 0.6885 0.6206 0.3753
vn 0.6546 0.7559 0.0133
vn 0.6801 0.7170 0.1531
vn -0.5595 -0.7934 0.2397
vn -0.5793 -0.7740 0.2555
vn -0.1295 -0.9855 -0.1094
vn 0.6146 -0.7826 -0.0997
vn -0.0851 -0.0249 -0.9961
vn 0.6201 0.7670 -0.1649
vn 0.5408 0.7119 -0.4480
vn -0.5211 -0.8053 0.2830
vn 0.2627 -0.2171 0.9401
vn 0.6907 0.6227 0.3676
vn -0.6438 -0.7652 0.0027
vn -0.6519 -0.7583 0.0035
vn 0.5970 -0.7821 -0.1785
vn -0.6554 -0.7548 -0.0249
vn -0.6442 -0.7181 -0.2635
vn -0.0535 -0.1085 -0.9926
vn 0.5964 0.7771 -0.2011
vn 0.5219 0.6595 -0.5410
vn -0.4939 -0.8269 0.2688
vn -0.6392 -0.7691 0.0062
vn 0.2881 -0.2780 0.9163
vn -0.6528 -0.7569 -0.0319
vn -0.6975 0.5971 -0.3961
vn -0.8140 -0.5785 -0.0531
vn -0.6353 -0.7696 -0.0633
vn -0.6490 -0.7608 -0.0050
vn -0.0723 -0.3262 -0.9425
vn 0.5679 0.7797 -0.2638
vn 0.3921 0.5439 -0.7419
vn -0.4232 -0.8568 0.2946
vn -0.6146 -0.7881 0.0352
vn -0.6571 -0.7530 -0.0330
vn -0.6581 -0.7473 -0.0915
vn -0.7410 0.5423 -0.3961
vn -0.8068 -0.5407 -0.2382
vn 0.4344 0.7398 -0.5139
vn -0.5634 -0.8014 -0.2007
vn -0.6223 -0.7338 -0.2726
vn -0.6059 -0.7908 -0.0864
vn -0.6423 -0.7659 -0.0296
vn -0.5745 -0.8172 0.0452
vn -0.6582 -0.7476 -0.0891
vn -0.6508 -0.7023 -0.2887
vn 0.0818 -0.0454 -0.9956
vn 0.1500 -0.1692 -0.9741
vn -0.0709 -0.2060 -0.9760
vn -0.6116 -0.7908 -0.0227
vn -0.6342 -0.7155 -0.2930
vn -0.6341 -0.7692 -0.0789
vn -0.0491 0.0148 -0.9987
vn -0.5862 -0.7477 -0.3119
vn -0.5995 -0.7968 -0.0752
vn -0.5816 -0.8134 -0.0112
vn -0.5325 -0.8437 0.0681
vn -0.1092 0.0175 -0.9939
vn -0.0535 -0.1084 -0.9927
vn -0.5442 -0.7657 -0.3428
vn -0.5504 -0.8310 -0.0801
vn -0.5032 -0.8638 -0.0242
vn -0.4678 -0.8210 -0.3274
vn -0.4303 -0.8808 -0.1975
vn -0.0723 -0.3261 -0.9426
vn 0.0624 -0.2712 -0.9605
vn -0.9913 0.1230 0.0479
vn -0.9952 0.0860 0.0462
vn -0.8991 -0.2184 -0.3795
vn -0.7552 0.5138 0.4070
vn -0.8056 0.4599 0.3736
vn -0.7741 0.5018 0.3859
vn -0.9946 0.0886 0.0546
vn -0.8998 -0.2227 -0.3752
vn -0.6099 0.7235 0.3235
vn -0.7384 0.5517 0.3879
vn -0.9928 0.1033 0.0598
vn -0.8704 -0.2587 -0.4190
vn -0.7701 0.5428 0.3353
vn -0.9912 0.1184 0.0596
vn -0.8579 -0.2769 -0.4328
vn -0.7571 0.5702 0.3190
vn -0.9877 0.1400 0.0699
vn -0.8188 -0.3409 -0.4619
vn -0.7124 0.6305 0.3081
vn -0.9858 0.1546 0.0664
vn -0.8467 -0.4345 -0.3071
vn -0.6684 0.6893 0.2794
vn -0.9829 0.1703 0.0702
vn -0.8677 -0.4925 0.0680
vn -0.6455 0.7205 0.2535
vn -0.9845 -0.1221 -0.1258
vn -0.9736 0.2195 0.0624
vn -0.7125 -0.6816 0.1668
vn -0.5954 0.7712 0.2250
vn -0.9721 0.2299 0.0459
vn -0.7443 -0.2869 -0.6031
vn -0.6103 -0.4895 -0.6228
vn -0.6873 -0.6542 -0.3157
vn -0.5463 0.8197 0.1723
vn -0.9558 0.2939 0.0117
vn -0.7799 -0.3463 -0.5214
vn -0.7559 0.6546 -0.0011
vn -0.8032 -0.3500 -0.4821
vn -0.7775 -0.2878 -0.5591
vn -0.7720 0.4266 -0.4711
vn -0.2255 0.9669 0.1193
vn 0.3183 0.9365 0.1469
vn 0.3596 0.9252 0.1210
vn 0.7317 0.6719 0.1144
vn 0.7297 0.6828 0.0365
vn 0.3924 0.9162 0.0815
vn 0.9530 0.2982 0.0532
vn 0.7384 0.6742 0.0140
vn 0.9387 0.3448 -0.0042
vn 0.4239 0.9033 0.0656
vn 0.9993 0.0382 0.0065
vn 0.9393 0.3430 0.0033
vn 0.7235 0.6902 0.0152
vn 0.9987 0.0463 -0.0196
vn 0.4489 0.8927 0.0396
vn 0.9864 -0.1641 -0.0106
vn 0.9818 -0.1876 0.0310
vn 0.9487 -0.2912 -0.1233
vn 0.9854 -0.0724 -0.1543
vn 0.9143 -0.2079 -0.3476
vn 0.2432 0.9676 0.0676
vn 0.7869 0.4365 0.4362
vn 0.8797 0.3078 0.3625
vn 0.9546 0.2823 0.0947
vn 0.9908 0.1208 0.0605
vn 0.9015 0.2898 0.3215
vn 0.9946 0.1006 -0.0246
vn 0.9960 0.0716 0.0526
vn 0.8589 0.3716 0.3525
vn 0.9994 0.0307 -0.0129
vn 0.9927 0.0890 0.0817
vn 0.7044 0.6176 0.3499
vn 0.9982 0.0302 -0.0513
vn 0.9908 0.1156 -0.0700
vn 0.9998 0.0026 -0.0194
vn 0.9977 -0.0002 -0.0682
vn 0.9455 0.3150 0.0820
vn 0.9937 0.1086 -0.0275
vn 0.8383 0.5414 -0.0654
vn 0.9908 0.0081 -0.1354
vn 0.9890 0.0261 -0.1459
vn 0.9868 0.0474 -0.1548
vn 0.9729 0.0364 -0.2284
vn 0.9370 0.0156 -0.3490
vn 0.0072 0.8519 -0.5237
vn 0.7259 0.1449 -0.6724
vn 0.9306 0.0278 -0.3650
vn 0.4007 -0.9069 0.1300
vn -0.3521 -0.9301 -0.1044
vn -0.2028 -0.9743 0.0976
vn -0.4420 -0.8942 0.0708
vn 0.5841 -0.4573 -0.6706
vn 0.8523 -0.5225 0.0255
vn 0.6557 -0.5487 0.5187
vn -0.0669 -0.9439 0.3233
vn 0.5311 -0.3749 0.7598
vn -0.2264 -0.9134 0.3384
vn 0.8287 0.4100 0.3810
vn 0.7794 0.6132 0.1283
vn 0.4350 -0.3448 0.8318
vn -0.3538 -0.8833 0.3076
vn 0.7191 0.6005 0.3497
vn 0.7467 0.5733 0.3373
vn 0.6035 0.7971 0.0209
vn 0.6341 0.7714 0.0533
vn 0.6964 0.6205 0.3606
vn 0.3671 -0.3033 0.8793
vn 0.6515 0.7531 0.0919
vn 0.6096 0.7880 -0.0861
vn 0.5571 0.8210 -0.1245
vn 0.6341 0.7718 -0.0479
vn 0.6738 0.7278 0.1279
vn 0.6668 0.7450 -0.0185
vn 0.6698 0.7425 0.0104
vn 0.6054 0.7311 -0.3146
vn 0.5841 -0.4572 -0.6706
vn -0.5492 0.4793 -0.6846
vn -0.7275 0.4392 -0.5270
vn -0.4257 0.8341 -0.3507
vn -0.5992 -0.0000 -0.8006
vn -0.6198 0.7529 -0.2211
vn -0.9651 0.2478 -0.0850
vn -0.7773 -0.0000 -0.6292
vn -0.2425 0.9652 0.0983
vn -0.4461 0.8793 0.1668
vn -0.8066 0.4949 0.3231
vn -0.3055 0.7519 0.5842
vn -0.9651 -0.2479 -0.0848
vn -0.9285 -0.0000 0.3713
vn -0.7275 -0.4391 -0.5272
vn -0.5491 -0.4793 -0.6846
vn -0.6509 0.2462 0.7181
vn -0.0742 0.8328 0.5486
vn -0.1780 0.4390 0.8807
vn -0.6198 -0.7529 -0.2212
vn -0.8064 -0.4951 0.3234
vn -0.6509 -0.2461 0.7181
vn -0.4256 -0.8340 -0.3512
vn -0.1475 -0.0000 0.9891
vn 0.0651 0.4790 0.8754
vn -0.2425 -0.9652 0.0983
vn -0.4463 -0.8792 0.1669
vn -0.3054 -0.7519 0.5842
vn -0.1779 -0.4388 0.8808
vn -0.0740 -0.8328 0.5487
vn 0.0651 -0.4790 0.8754
vn 0.1066 -0.0000 0.9943
vn 0.4256 0.8340 -0.3511
vn 0.7275 0.4392 -0.5270
vn 0.5491 0.4793 -0.6846
vn 0.5992 -0.0000 -0.8006
vn 0.6198 0.7529 -0.2211
vn 0.2425 0.9652 0.0983
vn 0.7773 -0.0000 -0.6292
vn 0.9650 0.2481 -0.0848
vn 0.4458 0.8795 0.1667
vn 0.8065 0.4950 0.3232
vn 0.3055 0.7519 0.5842
vn 0.0741 0.8328 0.5486
vn 0.7275 -0.4391 -0.5272
vn 0.9651 -0.2479 -0.0848
vn 0.9285 -0.0000 0.3713
vn 0.5495 -0.4792 -0.6844
vn 0.6508 0.2461 0.7182
vn 0.1781 0.4389 0.8807
vn -0.0652 0.4790 0.8754
vn 0.4256 -0.8340 -0.3511
vn 0.6198 -0.7529 -0.2212
vn 0.8064 -0.4951 0.3234
vn 0.6509 -0.2460 0.7182
vn 0.1472 -0.0000 0.9891
vn -0.1067 -0.0000 0.9943
vn 0.2425 -0.9652 0.0983
vn 0.4462 -0.8792 0.1669
vn 0.3054 -0.7519 0.5842
vn 0.1780 -0.4387 0.8808
vn -0.0651 -0.4790 0.8754
vn 0.0740 -0.8328 0.5487
vt 0.066400 0.957500
vt 0.046600 0.957500
vt 0.047000 0.919900
vt 0.065100 0.982900
vt 0.079800 0.982900
vt 0.005700 0.919900
vt 0.005700 0.866200
vt 0.046000 0.866200
vt 0.075700 0.919900
vt 0.082000 0.960900
vt 0.086900 0.982900
vt 0.005700 0.783700
vt 0.106600 0.866200
vt 0.042300 0.783700
vt 0.105700 0.904300
vt 0.092000 0.936500
vt 0.092500 0.959500
vt 0.110400 0.783700
vt 0.039100 0.687500
vt 0.005700 0.687500
vt 0.176400 0.874000
vt 0.134300 0.919400
vt 0.117900 0.934100
vt 0.105800 0.918000
vt 0.098800 0.936500
vt 0.181300 0.778300
vt 0.114400 0.687500
vt 0.039300 0.634800
vt 0.005700 0.634800
vt 0.105900 0.924800
vt 0.113100 0.937500
vt 0.125200 0.959000
vt 0.118800 0.960900
vt 0.174700 0.921900
vt 0.142800 0.955600
vt 0.186600 0.687500
vt 0.119600 0.634800
vt 0.046700 0.604500
vt 0.005700 0.604500
vt 0.126500 0.982900
vt 0.121200 0.982900
vt 0.174600 0.955600
vt 0.143200 0.982900
vt 0.125400 0.597200
vt 0.190200 0.634800
vt 0.063200 0.544900
vt 0.005700 0.544900
vt 0.249300 0.956500
vt 0.174000 0.982900
vt 0.193400 0.596200
vt 0.134900 0.549800
vt 0.069700 0.492700
vt 0.005700 0.492700
vt 0.246700 0.982900
vt 0.196900 0.536600
vt 0.141500 0.507300
vt 0.260000 0.634800
vt 0.260700 0.596200
vt 0.068700 0.463600
vt 0.107900 0.466100
vt 0.005700 0.463600
vt 0.277600 0.982900
vt 0.260300 0.536600
vt 0.198400 0.489700
vt 0.168300 0.469700
vt 0.142100 0.489700
vt 0.325700 0.634800
vt 0.323700 0.596200
vt 0.067300 0.438200
vt 0.096800 0.438200
vt 0.123400 0.459700
vt 0.111100 0.435100
vt 0.005700 0.438200
vt 0.155300 0.469700
vt 0.142700 0.482200
vt 0.067600 0.415500
vt 0.094700 0.415500
vt 0.107600 0.415500
vt 0.129000 0.458700
vt 0.117800 0.433300
vt 0.112800 0.415500
vt 0.005700 0.415500
vt 0.151400 0.471200
vt 0.142900 0.477500
vt 0.326900 0.687500
vt 0.258800 0.687500
vt 0.256300 0.773400
vt 0.327900 0.773400
vt 0.254600 0.870600
vt 0.329600 0.860400
vt 0.252700 0.919900
vt 0.295700 0.924300
vt 0.282000 0.960900
vt 0.333000 0.900400
vt 0.359400 0.903300
vt 0.315900 0.938500
vt 0.301300 0.967300
vt 0.293700 0.982900
vt 0.347900 0.918900
vt 0.335400 0.915500
vt 0.306200 0.982900
vt 0.307400 0.976600
vt 0.350100 0.950200
vt 0.367700 0.945800
vt 0.322000 0.976100
vt 0.322800 0.982900
vt 0.336900 0.970200
vt 0.339800 0.982900
vt 0.352100 0.982900
vt 0.367400 0.982900
vt 0.438700 0.043000
vt 0.430200 0.052100
vt 0.435100 0.055900
vt 0.439900 0.047900
vt 0.450400 0.039000
vt 0.450900 0.031400
vt 0.439000 0.055500
vt 0.447800 0.049000
vt 0.435100 0.060600
vt 0.456500 0.046600
vt 0.462900 0.032900
vt 0.462600 0.020100
vt 0.435100 0.073700
vt 0.445300 0.063200
vt 0.452400 0.057500
vt 0.462900 0.055000
vt 0.431400 0.073300
vt 0.455100 0.068300
vt 0.446500 0.080700
vt 0.469500 0.043500
vt 0.472400 0.026300
vt 0.470700 0.012200
vt 0.436800 0.092700
vt 0.424600 0.095200
vt 0.472700 0.068300
vt 0.467000 0.077600
vt 0.460000 0.089100
vt 0.452100 0.102000
vt 0.423300 0.091900
vt 0.474400 0.038700
vt 0.475800 0.064400
vt 0.481200 0.024400
vt 0.480000 0.043000
vt 0.484400 0.034300
vt 0.417700 0.106900
vt 0.425500 0.105400
vt 0.476800 0.098600
vt 0.474600 0.100300
vt 0.470900 0.107100
vt 0.466300 0.116100
vt 0.479200 0.067100
vt 0.488000 0.051400
vt 0.500000 0.037000
vt 0.475600 0.122200
vt 0.500500 0.042400
vt 0.494100 0.044900
vt 0.474600 0.130200
vt 0.477100 0.125400
vt 0.479200 0.100200
vt 0.478300 0.122500
vt 0.485400 0.075000
vt 0.497300 0.064000
vt 0.482900 0.106900
vt 0.515100 0.048800
vt 0.504900 0.047900
vt 0.499800 0.052900
vt 0.479200 0.130900
vt 0.476800 0.138900
vt 0.493400 0.087200
vt 0.487500 0.116100
vt 0.508300 0.058700
vt 0.507300 0.077600
vt 0.914100 0.850100
vt 0.915500 0.875000
vt 0.920400 0.869600
vt 0.905300 0.863300
vt 0.903300 0.886700
vt 0.902300 0.853500
vt 0.907700 0.837900
vt 0.889200 0.866200
vt 0.889600 0.881800
vt 0.892100 0.897000
vt 0.893100 0.835900
vt 0.890600 0.851100
vt 0.896000 0.822300
vt 0.874500 0.861300
vt 0.875000 0.884300
vt 0.877900 0.907700
vt 0.876000 0.840300
vt 0.881300 0.805200
vt 0.878900 0.821300
vt 0.858900 0.852100
vt 0.858400 0.884800
vt 0.861800 0.918900
vt 0.866200 0.804200
vt 0.862300 0.824200
vt 0.869100 0.789600
vt 0.852100 0.804200
vt 0.858900 0.788600
vt 0.840300 0.835400
vt 0.840800 0.886700
vt 0.845200 0.929200
vt 0.862800 0.778800
vt 0.847200 0.779300
vt 0.832500 0.790500
vt 0.855500 0.772500
vt 0.812500 0.801800
vt 0.814500 0.846700
vt 0.833000 0.750500
vt 0.847700 0.757800
vt 0.822800 0.941900
vt 0.817900 0.894500
vt 0.774900 0.842800
vt 0.860400 0.770000
vt 0.856400 0.762200
vt 0.778300 0.769500
vt 0.777800 0.803700
vt 0.863300 0.725600
vt 0.858900 0.710400
vt 0.826700 0.718700
vt 0.776400 0.735800
vt 0.775900 0.964400
vt 0.770500 0.920400
vt 0.741200 0.818400
vt 0.752900 0.862300
vt 0.731900 0.775900
vt 0.860800 0.765600
vt 0.868200 0.739700
vt 0.892600 0.727500
vt 0.890100 0.710900
vt 0.856000 0.694800
vt 0.821300 0.691900
vt 0.772900 0.704600
vt 0.727100 0.744100
vt 0.727100 0.980500
vt 0.722700 0.934100
vt 0.717800 0.875500
vt 0.870600 0.752000
vt 0.893600 0.743200
vt 0.921900 0.725600
vt 0.918900 0.740200
vt 0.668000 0.987800
vt 0.667500 0.934100
vt 0.816900 0.663600
vt 0.769000 0.673800
vt 0.724600 0.711400
vt 0.936500 0.750000
vt 0.607400 0.993200
vt 0.813000 0.634300
vt 0.766600 0.638700
vt 0.722700 0.678200
vt 0.942400 0.735800
vt 0.948200 0.767100
vt 0.850100 0.630900
vt 0.809100 0.588400
vt 0.849600 0.592800
vt 0.762700 0.586900
vt 0.721200 0.639600
vt 0.690900 0.719200
vt 0.687000 0.677700
vt 0.955100 0.754400
vt 0.809100 0.527300
vt 0.851100 0.540500
vt 0.881800 0.598100
vt 0.763200 0.512700
vt 0.721200 0.577600
vt 0.684100 0.635700
vt 0.650900 0.676800
vt 0.655800 0.723600
vt 0.816400 0.452600
vt 0.772000 0.432400
vt 0.857400 0.476600
vt 0.885300 0.554700
vt 0.724100 0.501000
vt 0.731000 0.416000
vt 0.683600 0.568400
vt 0.647000 0.630900
vt 0.589800 0.665500
vt 0.594700 0.706500
vt 0.893100 0.500000
vt 0.692400 0.404500
vt 0.687000 0.491200
vt 0.640100 0.555200
vt 0.580100 0.616700
vt 0.531700 0.698200
vt 0.525400 0.649400
vt 0.645500 0.393800
vt 0.640100 0.484400
vt 0.572800 0.551800
vt 0.519500 0.604000
vt 0.462200 0.641600
vt 0.467800 0.691900
vt 0.539600 0.766600
vt 0.472200 0.765100
vt 0.565900 0.494400
vt 0.511200 0.546900
vt 0.456800 0.599600
vt 0.578600 0.419400
vt 0.564000 0.452600
vt 0.583000 0.386500
vt 0.505900 0.494600
vt 0.393100 0.689000
vt 0.389400 0.638200
vt 0.394500 0.770000
vt 0.449700 0.546400
vt 0.385300 0.596200
vt 0.562500 0.408700
vt 0.567400 0.384500
vt 0.504400 0.463900
vt 0.546900 0.427200
vt 0.444800 0.496800
vt 0.379400 0.546400
vt 0.550300 0.379200
vt 0.545900 0.392100
vt 0.532700 0.402300
vt 0.501500 0.439900
vt 0.449500 0.445800
vt 0.445600 0.468000
vt 0.374500 0.499000
vt 0.405300 0.463400
vt 0.320100 0.541500
vt 0.529800 0.366000
vt 0.496100 0.414300
vt 0.519000 0.372300
vt 0.420400 0.444300
vt 0.316400 0.496600
vt 0.370600 0.468500
vt 0.389900 0.438000
vt 0.406300 0.433100
vt 0.516100 0.053500
vt 0.481400 0.138100
vt 0.502000 0.101100
vt 0.492400 0.125500
vt 0.521500 0.070400
vt 0.519000 0.092700
vt 0.512200 0.115700
vt 0.496600 0.133700
vt 0.487800 0.144500
vt 0.484400 0.143200
vt 0.513200 0.126100
vt 0.529300 0.120800
vt 0.498000 0.138400
vt 0.487100 0.148800
vt 0.479700 0.150800
vt 0.531700 0.109000
vt 0.534200 0.095800
vt 0.528800 0.126100
vt 0.538600 0.127100
vt 0.541000 0.113000
vt 0.541000 0.122200
vt 0.539600 0.130200
vt 0.542500 0.113400
vt 0.535600 0.091100
vt 0.543900 0.126800
vt 0.525900 0.067200
vt 0.521500 0.054600
vt 0.522500 0.052300
vt 0.519000 0.048100
vt 0.526400 0.049600
vt 0.180700 0.397500
vt 0.182700 0.389600
vt 0.178300 0.393800
vt 0.184700 0.392600
vt 0.187700 0.398900
vt 0.188500 0.382300
vt 0.190900 0.394500
vt 0.190100 0.384500
vt 0.201200 0.399400
vt 0.195600 0.373000
vt 0.202400 0.396000
vt 0.194800 0.387000
vt 0.196400 0.374800
vt 0.202800 0.369100
vt 0.214000 0.396200
vt 0.204000 0.389900
vt 0.198700 0.379900
vt 0.202600 0.370400
vt 0.214600 0.398400
vt 0.203900 0.379600
vt 0.212000 0.381600
vt 0.212600 0.380600
vt 0.214600 0.392100
vt 0.220000 0.395800
vt 0.210800 0.384800
vt 0.221300 0.397700
vt 0.219000 0.389400
vt 0.219200 0.387900
vt 0.222500 0.391400
vt 0.220500 0.394500
vt 0.221700 0.395300
vt 0.219600 0.387000
vt 0.223500 0.390600
vt 0.223400 0.391600
vt 0.221800 0.394800
vt 0.222800 0.396200
vt 0.223800 0.391800
vt 0.223900 0.390400
vt 0.098000 0.363000
vt 0.096500 0.362500
vt 0.097300 0.365000
vt 0.095500 0.365200
vt 0.091200 0.362500
vt 0.092200 0.370800
vt 0.097400 0.367900
vt 0.098600 0.366200
vt 0.100800 0.373800
vt 0.102100 0.370800
vt 0.102700 0.369400
vt 0.100500 0.378900
vt 0.104900 0.376200
vt 0.106100 0.373800
vt 0.082800 0.371100
vt 0.089900 0.385300
vt 0.081300 0.361600
vt 0.106700 0.373000
vt 0.107400 0.375700
vt 0.092200 0.387500
vt 0.101100 0.380900
vt 0.105800 0.377900
vt 0.108000 0.376000
vt 0.106300 0.378700
vt 0.101600 0.382300
vt 0.092800 0.388900
vt 0.082900 0.393800
vt 0.082900 0.395300
vt 0.075000 0.372300
vt 0.071400 0.361800
vt 0.076700 0.386000
vt 0.075700 0.387700
vt 0.079100 0.385000
vt 0.070900 0.374300
vt 0.065600 0.363800
vt 0.069200 0.376700
vt 0.083100 0.391600
vt 0.083800 0.384800
vt 0.063100 0.367400
vt 0.476600 0.146400
vt 0.472400 0.137100
vt 0.461400 0.125200
vt 0.469200 0.142200
vt 0.473400 0.150000
vt 0.465800 0.143300
vt 0.457300 0.132700
vt 0.466600 0.147300
vt 0.456100 0.137000
vt 0.442400 0.114600
vt 0.441700 0.124700
vt 0.427000 0.116600
vt 0.427200 0.122100
vt 0.418700 0.119100
vt 0.417200 0.122000
vt 0.417000 0.114200
vt 0.414100 0.116900
vt 0.416300 0.107000
vt 0.788600 0.200000
vt 0.803700 0.195100
vt 0.789100 0.204200
vt 0.805200 0.198900
vt 0.817900 0.179200
vt 0.789100 0.211100
vt 0.818400 0.212000
vt 0.819800 0.182000
vt 0.833000 0.152100
vt 0.833000 0.190700
vt 0.835000 0.154800
vt 0.848100 0.125000
vt 0.846700 0.163900
vt 0.850100 0.127700
vt 0.846700 0.229500
vt 0.897500 0.219600
vt 0.825700 0.240200
vt 0.808600 0.224700
vt 0.787600 0.219100
vt 0.863300 0.102100
vt 0.859900 0.139300
vt 0.900900 0.204500
vt 0.864700 0.105000
vt 0.805200 0.245400
vt 0.799300 0.230500
vt 0.809100 0.257300
vt 0.831500 0.255900
vt 0.786600 0.230500
vt 0.786600 0.242300
vt 0.784700 0.258500
vt 0.877900 0.082000
vt 0.904800 0.188400
vt 0.873000 0.117200
vt 0.878900 0.085100
vt 0.826200 0.274400
vt 0.804700 0.271500
vt 0.782700 0.277600
vt 0.892100 0.065800
vt 0.885700 0.097200
vt 0.909700 0.170200
vt 0.258500 0.492900
vt 0.314200 0.468000
vt 0.365500 0.441200
vt 0.384800 0.415500
vt 0.401600 0.415500
vt 0.415800 0.422100
vt 0.411600 0.411600
vt 0.256800 0.464400
vt 0.198900 0.460900
vt 0.311500 0.441200
vt 0.361600 0.415500
vt 0.254900 0.438000
vt 0.199600 0.436800
vt 0.176300 0.438200
vt 0.308800 0.415500
vt 0.161700 0.441900
vt 0.252900 0.415500
vt 0.198700 0.415500
vt 0.176300 0.415500
vt 0.163200 0.415500
vt 0.152800 0.457000
vt 0.149500 0.446500
vt 0.005700 0.957500
vt 0.047800 0.982900
vt 0.005700 0.982900
vt 0.391100 0.895500
vt 0.391600 0.939900
vt 0.390600 0.982900
vt 0.462600 0.926300
vt 0.466300 0.880400
vt 0.392300 0.847200
vt 0.460000 0.982900
vt 0.536100 0.932100
vt 0.534200 0.982900
vt 0.470900 0.835000
vt 0.539100 0.880900
vt 0.606000 0.928200
vt 0.541500 0.832500
vt 0.600100 0.815400
vt 0.607400 0.863800
vt 0.607900 0.776900
vt 0.614700 0.803700
vt 0.621600 0.826200
vt 0.676800 0.863800
vt 0.643100 0.834000
vt 0.621600 0.783700
vt 0.638200 0.762200
vt 0.672900 0.824700
vt 0.684600 0.823700
vt 0.642100 0.774400
vt 0.661600 0.767600
vt 0.673300 0.793500
vt 0.711900 0.826700
vt 0.679200 0.769500
vt 0.701700 0.768100
vt 0.893100 0.068800
vt 0.806600 0.294900
vt 0.795400 0.289600
vt 0.779800 0.291300
vt 0.780800 0.302700
vt 0.905300 0.053400
vt 0.915500 0.148300
vt 0.898400 0.079500
vt 0.906300 0.056300
vt 0.784700 0.309600
vt 0.917000 0.044400
vt 0.820300 0.310500
vt 0.910200 0.064900
vt 0.922400 0.123600
vt 0.918000 0.047300
vt 0.927200 0.039300
vt 0.929700 0.097800
vt 0.920900 0.053500
vt 0.927700 0.041900
vt 0.806600 0.323000
vt 0.785600 0.315200
vt 0.828100 0.350600
vt 0.842300 0.341600
vt 0.849600 0.285900
vt 0.929200 0.046100
vt 0.935500 0.075400
vt 0.936500 0.039900
vt 0.937000 0.037400
vt 0.826200 0.353800
vt 0.805200 0.326400
vt 0.785200 0.319600
vt 0.851100 0.395000
vt 0.853000 0.391800
vt 0.863800 0.381300
vt 0.905300 0.299300
vt 0.939500 0.058400
vt 0.941400 0.045700
vt 0.940400 0.041000
vt 0.941400 0.039000
vt 0.876000 0.434100
vt 0.877400 0.431400
vt 0.942400 0.045000
vt 0.940900 0.059100
vt 0.885700 0.420200
vt 0.915000 0.333700
vt 0.898400 0.467300
vt 0.899400 0.464600
vt 0.936500 0.076600
vt 0.906300 0.454100
vt 0.926800 0.371300
vt 0.918500 0.492400
vt 0.919400 0.490000
vt 0.930700 0.099400
vt 0.924800 0.481400
vt 0.938500 0.410200
vt 0.934600 0.511200
vt 0.935500 0.509300
vt 0.923800 0.125400
vt 0.939500 0.502000
vt 0.950200 0.446800
vt 0.945800 0.523900
vt 0.946800 0.521500
vt 0.917000 0.150100
vt 0.959500 0.474400
vt 0.950200 0.514600
vt 0.954600 0.531200
vt 0.955100 0.528800
vt 0.911100 0.171900
vt 0.964800 0.487300
vt 0.958000 0.522500
vt 0.962400 0.537100
vt 0.962900 0.534700
vt 0.906700 0.190100
vt 0.967300 0.490000
vt 0.965300 0.485100
vt 0.972700 0.496600
vt 0.965300 0.529300
vt 0.970700 0.543000
vt 0.971200 0.540000
vt 0.902800 0.205900
vt 0.972700 0.535600
vt 0.977100 0.501500
vt 0.967300 0.487100
vt 0.970700 0.484400
vt 0.970700 0.486800
vt 0.974600 0.491200
vt 0.972700 0.487300
vt 0.978500 0.546900
vt 0.979000 0.544400
vt 0.899400 0.220700
vt 0.972700 0.484900
vt 0.980000 0.541000
vt 0.981000 0.515100
vt 0.975600 0.489500
vt 0.986800 0.546900
vt 0.985800 0.528800
vt 0.987300 0.549300
vt 0.897500 0.235000
vt 0.978500 0.500500
vt 0.990200 0.545900
vt 0.989700 0.541500
vt 0.986800 0.527800
vt 0.895000 0.234500
vt 0.991200 0.541500
vt 0.991200 0.547400
vt 0.897500 0.250200
vt 0.895000 0.250500
vt 0.850600 0.254900
vt 0.897900 0.271000
vt 0.900400 0.270000
vt 0.907200 0.297900
vt 0.917000 0.331800
vt 0.928200 0.369100
vt 0.939900 0.408000
vt 0.951700 0.444800
vt 0.960400 0.472400
vt 0.982400 0.514200
vt 0.938000 0.967800
vt 0.934600 0.986800
vt 0.944300 0.986800
vt 0.943800 0.964800
vt 0.941400 0.946800
vt 0.949200 0.965800
vt 0.944800 0.945300
vt 0.952600 0.986800
vt 0.921400 0.986800
vt 0.930200 0.986800
vt 0.926800 0.968700
vt 0.921400 0.965800
vt 0.912100 0.986800
vt 0.923300 0.948700
vt 0.915500 0.966800
vt 0.920400 0.947800
vt 0.941900 0.945800
vt 0.944300 0.944800
vt 0.922900 0.947800
vt 0.920900 0.947300
vt 0.944300 0.944300
vt 0.941900 0.945300
vt 0.922900 0.947300
vt 0.920900 0.946800
vt 0.661600 0.778800
vt 0.534200 0.361100
vt 0.517100 0.321500
vt 0.513700 0.324700
vt 0.492900 0.264200
vt 0.504900 0.330300
vt 0.490500 0.266800
vt 0.471900 0.220600
vt 0.484400 0.272000
vt 0.470200 0.223000
vt 0.489700 0.386700
vt 0.482200 0.345500
vt 0.456100 0.196300
vt 0.469500 0.283000
vt 0.466600 0.226900
vt 0.455600 0.199000
vt 0.451900 0.295900
vt 0.453900 0.366000
vt 0.453100 0.403100
vt 0.452900 0.424600
vt 0.457800 0.234000
vt 0.447500 0.239400
vt 0.454800 0.202100
vt 0.450000 0.204600
vt 0.446500 0.194200
vt 0.441700 0.240700
vt 0.442100 0.302700
vt 0.435300 0.381800
vt 0.427700 0.412600
vt 0.428200 0.427000
vt 0.445100 0.207600
vt 0.442400 0.208700
vt 0.437700 0.240500
vt 0.431400 0.365700
vt 0.436800 0.304900
vt 0.440900 0.206500
vt 0.444100 0.199200
vt 0.413600 0.403100
vt 0.421900 0.389200
vt 0.416000 0.415000
vt 0.411400 0.407500
vt 0.436300 0.240100
vt 0.435100 0.305200
vt 0.440400 0.203500
vt 0.411400 0.403100
vt 0.421400 0.387700
vt 0.409700 0.407200
vt 0.412600 0.412800
vt 0.410600 0.402300
vt 0.408900 0.407700
vt 0.446000 0.191500
vt 0.429900 0.365000
vt 0.942900 0.940400
vt 0.921900 0.942400
vt 0.942900 0.939900
vt 0.851100 0.654800
vt 0.853500 0.676300
vt 0.878400 0.664100
vt 0.878400 0.649900
vt 0.881800 0.631800
vt 0.886200 0.650900
vt 0.886200 0.659200
vt 0.888700 0.643100
vt 0.894000 0.626000
vt 0.896000 0.600100
vt 0.890100 0.656700
vt 0.894000 0.638200
vt 0.894000 0.644000
vt 0.899900 0.636200
vt 0.904300 0.625000
vt 0.909700 0.603000
vt 0.900900 0.562000
vt 0.901900 0.645000
vt 0.897500 0.656200
vt 0.907700 0.636700
vt 0.915500 0.626500
vt 0.923300 0.606900
vt 0.915500 0.569300
vt 0.915000 0.639600
vt 0.904300 0.653800
vt 0.930200 0.630900
vt 0.919900 0.646000
vt 0.937500 0.610800
vt 0.929700 0.577100
vt 0.933600 0.642600
vt 0.948200 0.630900
vt 0.920900 0.652300
vt 0.950700 0.614700
vt 0.942900 0.585400
vt 0.938000 0.539600
vt 0.923800 0.525900
vt 0.962900 0.618200
vt 0.955100 0.593700
vt 0.950700 0.553700
vt 0.933100 0.651900
vt 0.945300 0.652300
vt 0.947300 0.641600
vt 0.959500 0.640600
vt 0.960900 0.631300
vt 0.957500 0.653800
vt 0.961900 0.567400
vt 0.965300 0.601100
vt 0.981000 0.623000
vt 0.979500 0.614300
vt 0.940400 0.663100
vt 0.949200 0.666000
vt 0.971200 0.580600
vt 0.979500 0.639600
vt 0.978000 0.648400
vt 0.980500 0.632300
vt 0.971700 0.673300
vt 0.961400 0.669900
vt 0.992200 0.631300
vt 0.991200 0.622600
vt 0.992200 0.640100
vt 0.987800 0.610800
vt 0.990700 0.651400
vt 0.941400 0.679200
vt 0.959000 0.689500
vt 0.983900 0.683100
vt 0.975600 0.709000
vt 0.955600 0.708000
vt 0.948700 0.698700
vt 0.967800 0.728000
vt 0.935100 0.690400
vt 0.934100 0.673800
vt 0.926300 0.685100
vt 0.924800 0.669900
vt 0.930200 0.661100
vt 0.721200 0.268100
vt 0.723600 0.291300
vt 0.724600 0.268100
vt 0.723600 0.244900
vt 0.718800 0.288600
vt 0.717300 0.268100
vt 0.718800 0.247600
vt 0.720200 0.311000
vt 0.720200 0.225000
vt 0.714800 0.304900
vt 0.714800 0.287100
vt 0.710000 0.268100
vt 0.714800 0.248900
vt 0.714800 0.231200
vt 0.710400 0.335900
vt 0.710400 0.200100
vt 0.705600 0.326900
vt 0.711400 0.300800
vt 0.707500 0.287400
vt 0.694800 0.268100
vt 0.707500 0.248800
vt 0.711400 0.235400
vt 0.705600 0.209200
vt 0.694800 0.358400
vt 0.694800 0.177600
vt 0.690400 0.347400
vt 0.702600 0.321300
vt 0.707000 0.299100
vt 0.693800 0.290000
vt 0.695300 0.300800
vt 0.679200 0.268100
vt 0.693800 0.246100
vt 0.707000 0.236900
vt 0.695300 0.235400
vt 0.702600 0.214800
vt 0.690400 0.188600
vt 0.698700 0.313000
vt 0.687500 0.341100
vt 0.675800 0.294700
vt 0.675800 0.241500
vt 0.659700 0.268100
vt 0.698700 0.223000
vt 0.687500 0.194900
vt 0.681200 0.208100
vt 0.673800 0.226200
vt 0.659700 0.239600
vt 0.681200 0.327900
vt 0.673800 0.309800
vt 0.659700 0.296400
vt 0.673300 0.184800
vt 0.668000 0.200200
vt 0.659700 0.221300
vt 0.661600 0.199000
vt 0.665500 0.182100
vt 0.645000 0.238000
vt 0.658700 0.197900
vt 0.657700 0.183300
vt 0.659700 0.314700
vt 0.645000 0.298100
vt 0.641600 0.268100
vt 0.648900 0.200900
vt 0.629900 0.214600
vt 0.628400 0.242600
vt 0.628400 0.293500
vt 0.626500 0.268100
vt 0.648400 0.188500
vt 0.627400 0.203200
vt 0.612800 0.227700
vt 0.604000 0.246900
vt 0.629900 0.321500
vt 0.658700 0.338100
vt 0.648900 0.335200
vt 0.612800 0.308300
vt 0.604000 0.289100
vt 0.601600 0.268100
vt 0.627400 0.332800
vt 0.621100 0.182700
vt 0.645000 0.170000
vt 0.598100 0.209800
vt 0.587400 0.240700
vt 0.657700 0.352800
vt 0.648400 0.347700
vt 0.621100 0.353300
vt 0.598100 0.326200
vt 0.587400 0.295400
vt 0.585000 0.268100
vt 0.645000 0.366000
vt 0.657700 0.358200
vt 0.658700 0.366200
vt 0.661100 0.360100
vt 0.661600 0.368400
vt 0.667500 0.360600
vt 0.665500 0.354000
vt 0.668900 0.371100
vt 0.675800 0.358400
vt 0.673300 0.351300
vt 0.679200 0.369400
vt 0.668000 0.335900
vt 0.661600 0.337200
vt 0.679200 0.166600
vt 0.675800 0.177700
vt 0.668900 0.164900
vt 0.667500 0.175400
vt 0.661600 0.167600
vt 0.661100 0.176000
vt 0.658700 0.169800
vt 0.657700 0.177900
vt 0.918900 0.659200
vt 0.915500 0.696800
vt 0.917500 0.677700
vt 0.908700 0.684100
vt 0.914600 0.665000
vt 0.908700 0.669400
vt 0.902300 0.662100
vt 0.902300 0.671900
vt 0.887200 0.689900
vt 0.895000 0.664600
vt 0.891600 0.671400
vt 0.881300 0.676300
vt 0.888200 0.666500
vt 0.666000 0.052100
vt 0.657700 0.043000
vt 0.661100 0.055900
vt 0.656300 0.047900
vt 0.646000 0.039000
vt 0.645500 0.031400
vt 0.657200 0.055500
vt 0.648400 0.049000
vt 0.661600 0.060600
vt 0.639600 0.046600
vt 0.633300 0.032900
vt 0.633800 0.020100
vt 0.661600 0.073700
vt 0.650900 0.063200
vt 0.644000 0.057500
vt 0.633300 0.055000
vt 0.665000 0.073300
vt 0.641100 0.068300
vt 0.649900 0.080700
vt 0.627000 0.043500
vt 0.624000 0.026300
vt 0.626000 0.012200
vt 0.659700 0.092700
vt 0.671900 0.095200
vt 0.623500 0.068300
vt 0.629400 0.077600
vt 0.636700 0.089100
vt 0.644000 0.102000
vt 0.673300 0.091900
vt 0.622100 0.038700
vt 0.620600 0.064400
vt 0.615200 0.024400
vt 0.616700 0.043000
vt 0.611800 0.034300
vt 0.678700 0.106900
vt 0.670900 0.105400
vt 0.619600 0.098600
vt 0.622100 0.100300
vt 0.625500 0.107100
vt 0.629900 0.116100
vt 0.617200 0.067100
vt 0.608400 0.051400
vt 0.596200 0.037000
vt 0.620600 0.122200
vt 0.595700 0.042400
vt 0.602100 0.044900
vt 0.622100 0.130200
vt 0.619600 0.125400
vt 0.617200 0.100200
vt 0.618200 0.122500
vt 0.610800 0.075000
vt 0.599100 0.064000
vt 0.613300 0.106900
vt 0.581100 0.048800
vt 0.591800 0.047900
vt 0.596700 0.052900
vt 0.617200 0.130900
vt 0.619600 0.138900
vt 0.603000 0.087200
vt 0.608900 0.116100
vt 0.587900 0.058700
vt 0.588900 0.077600
vt 0.580100 0.053500
vt 0.615200 0.138100
vt 0.594700 0.101100
vt 0.604000 0.125500
vt 0.575200 0.070400
vt 0.577600 0.092700
vt 0.584000 0.115700
vt 0.599600 0.133700
vt 0.608400 0.144500
vt 0.612300 0.143200
vt 0.583000 0.126100
vt 0.566900 0.120800
vt 0.598100 0.138400
vt 0.609400 0.148800
vt 0.616700 0.150800
vt 0.564500 0.109000
vt 0.562000 0.095800
vt 0.567400 0.126100
vt 0.558100 0.127100
vt 0.555200 0.113000
vt 0.555200 0.122200
vt 0.556600 0.130200
vt 0.553700 0.113400
vt 0.561000 0.091100
vt 0.552700 0.126800
vt 0.570300 0.067200
vt 0.575200 0.054600
vt 0.574200 0.052300
vt 0.577100 0.048100
vt 0.570300 0.049600
vt 0.277800 0.393800
vt 0.273700 0.389600
vt 0.275600 0.397500
vt 0.271500 0.392600
vt 0.267800 0.382300
vt 0.268600 0.398900
vt 0.265400 0.394500
vt 0.266100 0.384500
vt 0.260700 0.373000
vt 0.255100 0.399400
vt 0.253900 0.396000
vt 0.261500 0.387000
vt 0.260000 0.374800
vt 0.253700 0.369100
vt 0.242300 0.396200
vt 0.252200 0.389900
vt 0.257600 0.379900
vt 0.253700 0.370400
vt 0.241700 0.398400
vt 0.252400 0.379600
vt 0.908700 0.512700
vt 0.400900 0.100900
vt 0.403100 0.075000
vt 0.393100 0.093000
vt 0.397500 0.067300
vt 0.397500 0.148700
vt 0.404800 0.143800
vt 0.408000 0.182000
vt 0.372800 0.110700
vt 0.379400 0.044900
vt 0.363800 0.062300
vt 0.383500 0.036900
vt 0.377900 0.158900
vt 0.400900 0.186400
vt 0.409400 0.203400
vt 0.369100 0.018600
vt 0.355700 0.027400
vt 0.336900 0.050900
vt 0.342000 0.083600
vt 0.350600 0.167500
vt 0.347400 0.126200
vt 0.380100 0.194900
vt 0.404100 0.206800
vt 0.369100 0.010800
vt 0.351100 0.012700
vt 0.333700 0.037400
vt 0.317900 0.070400
vt 0.315900 0.058700
vt 0.321300 0.098900
vt 0.326200 0.172100
vt 0.324200 0.136000
vt 0.351800 0.197500
vt 0.327100 0.198400
vt 0.380600 0.211700
vt 0.298300 0.083800
vt 0.297400 0.073200
vt 0.351600 0.210800
vt 0.301500 0.142600
vt 0.300000 0.109200
vt 0.302200 0.175200
vt 0.302700 0.198900
vt 0.326900 0.210000
vt 0.275900 0.098100
vt 0.275100 0.088600
vt 0.276100 0.120700
vt 0.350300 0.221700
vt 0.325700 0.219700
vt 0.277800 0.179000
vt 0.276900 0.150400
vt 0.278800 0.199500
vt 0.302700 0.209200
vt 0.302200 0.218600
vt 0.253900 0.116000
vt 0.253900 0.107500
vt 0.253200 0.135600
vt 0.347400 0.251000
vt 0.323700 0.245600
vt 0.254900 0.183800
vt 0.257100 0.200200
vt 0.252900 0.160200
vt 0.279100 0.207900
vt 0.258100 0.206800
vt 0.278800 0.217000
vt 0.301300 0.242300
vt 0.237100 0.137000
vt 0.237400 0.129500
vt 0.234900 0.153100
vt 0.257600 0.214700
vt 0.343000 0.293000
vt 0.320800 0.282000
vt 0.277800 0.237900
vt 0.299800 0.274900
vt 0.240800 0.205800
vt 0.240100 0.211900
vt 0.255600 0.231800
vt 0.226900 0.151200
vt 0.225600 0.149300
vt 0.317400 0.319600
vt 0.276400 0.266400
vt 0.297600 0.308100
vt 0.221200 0.168700
vt 0.228800 0.208500
vt 0.237200 0.224100
vt 0.253700 0.255100
vt 0.235600 0.238800
vt 0.216100 0.171900
vt 0.222000 0.212300
vt 0.274900 0.295400
vt 0.252900 0.278800
vt 0.244300 0.381600
vt 0.243700 0.380600
vt 0.241700 0.392100
vt 0.236300 0.395800
vt 0.245500 0.384800
vt 0.235000 0.397700
vt 0.237300 0.389400
vt 0.237100 0.387900
vt 0.233800 0.391400
vt 0.235800 0.394500
vt 0.234600 0.395300
vt 0.236700 0.387000
vt 0.232800 0.390600
vt 0.232900 0.391600
vt 0.234500 0.394800
vt 0.233500 0.396200
vt 0.232500 0.391800
vt 0.232400 0.390400
vt 0.021400 0.365000
vt 0.022200 0.362500
vt 0.020700 0.363000
vt 0.023200 0.365200
vt 0.027500 0.362500
vt 0.026500 0.370800
vt 0.021300 0.367900
vt 0.020100 0.366200
vt 0.018000 0.373800
vt 0.016700 0.370800
vt 0.016000 0.369400
vt 0.018200 0.378900
vt 0.013800 0.376200
vt 0.012600 0.373800
vt 0.035900 0.371100
vt 0.028800 0.385300
vt 0.037400 0.361600
vt 0.012000 0.373000
vt 0.011400 0.375700
vt 0.026600 0.387500
vt 0.017600 0.380900
vt 0.012900 0.377900
vt 0.010700 0.376000
vt 0.012400 0.378700
vt 0.017100 0.382300
vt 0.025900 0.388900
vt 0.035800 0.393800
vt 0.035800 0.395300
vt 0.043700 0.372300
vt 0.047400 0.361800
vt 0.042000 0.386000
vt 0.043100 0.387700
vt 0.039600 0.385000
vt 0.047900 0.374300
vt 0.053200 0.363800
vt 0.049500 0.376700
vt 0.035600 0.391600
vt 0.034900 0.384800
vt 0.055600 0.367400
vt 0.619600 0.146400
vt 0.624000 0.137100
vt 0.627000 0.142200
vt 0.623000 0.150000
vt 0.635300 0.125200
vt 0.630900 0.143300
vt 0.629900 0.147300
vt 0.639200 0.132700
vt 0.640100 0.137000
vt 0.654300 0.114600
vt 0.654800 0.124700
vt 0.669400 0.116600
vt 0.669400 0.122100
vt 0.677700 0.119100
vt 0.679200 0.122000
vt 0.679200 0.114200
vt 0.682600 0.116900
vt 0.680200 0.107000
vt 0.235600 0.257600
vt 0.274200 0.317400
vt 0.296100 0.333300
vt 0.252700 0.297400
vt 0.236300 0.274700
vt 0.222200 0.240700
vt 0.218600 0.222800
vt 0.227100 0.257800
vt 0.236200 0.281500
vt 0.252700 0.305400
vt 0.295900 0.343500
vt 0.273900 0.326200
vt 0.225000 0.259000
vt 0.215300 0.235800
vt 0.314700 0.359400
vt 0.210900 0.216100
vt 0.216300 0.203900
vt 0.227400 0.205100
vt 0.228100 0.202500
vt 0.220900 0.198500
vt 0.236000 0.189600
vt 0.239500 0.201200
vt 0.217200 0.187100
vt 0.211300 0.190700
vt 0.233600 0.172900
vt 0.395500 0.350100
vt 0.399900 0.341800
vt 0.391600 0.327400
vt 0.400400 0.317100
vt 0.376500 0.373800
vt 0.382100 0.379600
vt 0.368700 0.309800
vt 0.397500 0.272200
vt 0.407200 0.276400
vt 0.366700 0.399700
vt 0.359900 0.357900
vt 0.367900 0.405300
vt 0.350300 0.402600
vt 0.352800 0.390900
vt 0.337600 0.335900
vt 0.333700 0.368200
vt 0.332500 0.379900
vt 0.375500 0.261000
vt 0.403100 0.228100
vt 0.411400 0.221700
vt 0.315200 0.348100
vt 0.379900 0.225100
vt 0.190600 0.348900
vt 0.196200 0.341100
vt 0.186200 0.323200
vt 0.194000 0.315200
vt 0.172500 0.371300
vt 0.176600 0.379400
vt 0.157000 0.354000
vt 0.165800 0.305400
vt 0.190600 0.267600
vt 0.197900 0.272500
vt 0.162200 0.397500
vt 0.148800 0.388700
vt 0.162100 0.405300
vt 0.144300 0.403600
vt 0.130000 0.365200
vt 0.135300 0.332500
vt 0.127000 0.378700
vt 0.201000 0.234100
vt 0.171000 0.257300
vt 0.194100 0.229700
vt 0.111100 0.345700
vt 0.109100 0.357400
vt 0.202600 0.212800
vt 0.173200 0.221300
vt 0.197300 0.209400
vt 0.090500 0.343000
vt 0.114300 0.317400
vt 0.091600 0.332300
vt 0.143800 0.248700
vt 0.144900 0.218600
vt 0.173700 0.204500
vt 0.196200 0.188000
vt 0.204600 0.194500
vt 0.068400 0.327400
vt 0.068900 0.318100
vt 0.093200 0.306900
vt 0.144800 0.205300
vt 0.120300 0.217800
vt 0.140500 0.290000
vt 0.119300 0.244100
vt 0.173000 0.191000
vt 0.143400 0.194500
vt 0.190600 0.144000
vt 0.200300 0.139800
vt 0.047100 0.308600
vt 0.069300 0.295400
vt 0.047100 0.300000
vt 0.118800 0.196400
vt 0.120100 0.206200
vt 0.095900 0.217300
vt 0.168700 0.155000
vt 0.140600 0.165000
vt 0.193400 0.099100
vt 0.161700 0.106300
vt 0.184700 0.088900
vt 0.030500 0.286600
vt 0.046300 0.280500
vt 0.030100 0.279300
vt 0.095400 0.197500
vt 0.116900 0.170500
vt 0.095800 0.207000
vt 0.136100 0.123300
vt 0.193000 0.074500
vt 0.188700 0.066100
vt 0.169600 0.042500
vt 0.130900 0.080200
vt 0.153000 0.058100
vt 0.018700 0.266800
vt 0.028000 0.263200
vt 0.020100 0.264900
vt 0.072000 0.199100
vt 0.094400 0.173800
vt 0.113900 0.134200
vt 0.110500 0.096500
vt 0.175200 0.036500
vt 0.159900 0.016500
vt 0.014300 0.247400
vt 0.127000 0.048100
vt 0.108200 0.067900
vt 0.146000 0.025300
vt 0.092900 0.141100
vt 0.071000 0.178200
vt 0.090800 0.107900
vt 0.089400 0.082800
vt 0.107700 0.056700
vt 0.125700 0.036200
vt 0.143600 0.013500
vt 0.161000 0.010800
vt 0.069600 0.149800
vt 0.067200 0.098900
vt 0.068100 0.120800
vt 0.089100 0.072600
vt 0.045900 0.118700
vt 0.046000 0.137500
vt 0.046700 0.160900
vt 0.048800 0.184300
vt 0.067000 0.090000
vt 0.045800 0.110800
vt 0.029400 0.134600
vt 0.029500 0.141500
vt 0.028800 0.158700
vt 0.028700 0.177400
vt 0.020100 0.158300
vt 0.015300 0.175500
vt 0.018100 0.157100
vt 0.008500 0.180300
vt 0.011700 0.193400
vt 0.015200 0.203900
vt 0.030400 0.192000
vt 0.004000 0.200100
vt 0.009400 0.212300
vt 0.020500 0.211100
vt 0.021900 0.207600
vt 0.033900 0.210300
vt 0.033300 0.204200
vt 0.021300 0.213600
vt 0.014100 0.217700
vt 0.051200 0.209400
vt 0.050700 0.201400
vt 0.050300 0.215900
vt 0.032600 0.215000
vt 0.029100 0.226600
vt 0.048100 0.232300
vt 0.071900 0.216700
vt 0.072300 0.208300
vt 0.071000 0.237200
vt 0.046100 0.255900
vt 0.026800 0.243300
vt 0.069900 0.265900
vt 0.095500 0.241000
vt 0.094600 0.273400
vt 0.117300 0.280000
vt 0.010300 0.229000
vt 0.009200 0.244300
vt 0.004500 0.225500
vt 0.958000 0.933100
vt 0.965300 0.941900
vt 0.965300 0.918500
vt 0.955100 0.954100
vt 0.969700 0.933100
vt 0.970700 0.948200
vt 0.963400 0.954100
vt 0.975600 0.912600
vt 0.975600 0.929700
vt 0.975600 0.942400
vt 0.981900 0.933100
vt 0.970700 0.959500
vt 0.975600 0.954100
vt 0.965300 0.965800
vt 0.958000 0.974600
vt 0.980500 0.948200
vt 0.985800 0.918500
vt 0.985800 0.941900
vt 0.969700 0.975100
vt 0.975600 0.965300
vt 0.980500 0.959500
vt 0.965300 0.989700
vt 0.987800 0.954100
vt 0.993700 0.933100
vt 0.975600 0.995100
vt 0.975600 0.978000
vt 0.981900 0.975100
vt 0.985800 0.965800
vt 0.985800 0.989700
vt 0.993700 0.974600
vt 0.996100 0.954100
s 1
usemtl mat_0-megalodon.jpg
f 1/1/1 2/2/2 3/3/3
f 2/2/2 1/1/1 4/4/4
f 4/4/4 1/1/1 5/5/5
f 3/3/3 6/6/6 7/7/7
f 7/7/7 8/8/8 3/3/3
f 9/9/9 3/3/3 8/8/8
f 9/9/9 1/1/1 3/3/3
f 10/10/10 1/1/1 9/9/9
f 1/1/1 10/10/10 5/5/5
f 11/11/11 5/5/5 10/10/10
f 8/8/8 7/7/7 12/12/12
f 8/8/8 13/13/13 9/9/9
f 13/13/13 8/8/8 14/14/14
f 12/12/12 14/14/14 8/8/8
f 15/15/15 9/9/9 13/13/13
f 9/9/9 16/16/16 10/10/10
f 9/9/9 15/15/15 16/16/16
f 11/11/11 10/10/10 17/17/17
f 10/10/10 16/16/16 17/17/17
f 14/14/14 18/18/18 13/13/13
f 12/12/12 19/19/19 14/14/14
f 18/18/18 14/14/14 19/19/19
f 19/19/19 12/12/12 20/20/20
f 18/18/18 21/21/21 13/13/13
f 13/13/13 22/22/22 15/15/15
f 13/13/13 21/21/21 22/22/22
f 15/15/15 22/22/22 23/23/23
f 24/24/24 16/16/16 15/15/15
f 15/15/15 23/23/23 24/24/24
f 16/16/16 24/24/24 25/25/25
f 16/16/16 25/25/25 17/17/17
f 21/21/21 18/18/18 26/26/26
f 19/19/19 27/27/27 18/18/18
f 27/27/27 26/26/26 18/18/18
f 19/19/19 28/28/28 27/27/27
f 19/19/19 20/20/20 29/29/29
f 29/29/29 28/28/28 19/19/19
f 30/30/30 25/25/25 24/24/24
f 24/24/24 31/31/31 30/30/30
f 24/24/24 23/23/23 31/31/31
f 23/23/23 22/22/22 32/32/32
f 33/33/33 23/23/23 32/32/32
f 31/31/31 23/23/23 33/33/33
f 22/22/22 21/21/21 34/34/34
f 35/35/35 32/32/32 22/22/22
f 22/22/22 34/34/34 35/35/35
f 26/26/26 27/27/27 36/36/36
f 36/36/36 27/27/27 37/37/37
f 27/27/27 28/28/28 37/37/37
f 37/37/37 28/28/28 38/38/38
f 28/28/28 29/29/29 39/39/39
f 39/39/39 38/38/38 28/28/28
f 32/32/32 35/35/35 40/40/40
f 32/32/32 40/40/40 41/41/41
f 32/32/32 41/41/41 33/33/33
f 42/42/42 35/35/35 34/34/34
f 43/43/43 40/40/40 35/35/35
f 42/42/42 43/43/43 35/35/35
f 38/38/38 44/44/44 37/37/37
f 45/45/45 37/37/37 44/44/44
f 36/36/36 37/37/37 45/45/45
f 44/44/44 38/38/38 46/46/46
f 38/38/38 39/39/39 47/47/47
f 47/47/47 46/46/46 38/38/38
f 34/34/34 48/48/48 42/42/42
f 49/49/49 43/43/43 42/42/42
f 48/48/48 49/49/49 42/42/42
f 45/45/45 44/44/44 50/50/50
f 50/50/50 44/44/44 51/51/51
f 46/46/46 51/51/51 44/44/44
f 51/51/51 46/46/46 52/52/52
f 46/46/46 47/47/47 53/53/53
f 53/53/53 52/52/52 46/46/46
f 54/54/54 49/49/49 48/48/48
f 50/50/50 51/51/51 55/55/55
f 55/55/55 51/51/51 56/56/56
f 52/52/52 56/56/56 51/51/51
f 57/57/57 45/45/45 50/50/50
f 50/50/50 58/58/58 57/57/57
f 58/58/58 50/50/50 55/55/55
f 52/52/52 53/53/53 59/59/59
f 60/60/60 52/52/52 59/59/59
f 56/56/56 52/52/52 60/60/60
f 61/61/61 59/59/59 53/53/53
f 62/62/62 54/54/54 48/48/48
f 55/55/55 63/63/63 58/58/58
f 55/55/55 56/56/56 64/64/64
f 63/63/63 55/55/55 64/64/64
f 64/64/64 56/56/56 65/65/65
f 60/60/60 66/66/66 56/56/56
f 65/65/65 56/56/56 66/66/66
f 67/67/67 57/57/57 58/58/58
f 58/58/58 68/68/68 67/67/67
f 63/63/63 68/68/68 58/58/58
f 59/59/59 61/61/61 69/69/69
f 69/69/69 70/70/70 59/59/59
f 60/60/60 59/59/59 70/70/70
f 66/66/66 60/60/60 71/71/71
f 60/60/60 72/72/72 71/71/71
f 70/70/70 72/72/72 60/60/60
f 61/61/61 73/73/73 69/69/69
f 65/65/65 66/66/66 74/74/74
f 71/71/71 75/75/75 66/66/66
f 74/74/74 66/66/66 75/75/75
f 69/69/69 73/73/73 76/76/76
f 77/77/77 69/69/69 76/76/76
f 70/70/70 69/69/69 77/77/77
f 72/72/72 70/70/70 78/78/78
f 78/78/78 70/70/70 77/77/77
f 75/75/75 71/71/71 79/79/79
f 80/80/80 79/79/79 71/71/71
f 71/71/71 72/72/72 80/80/80
f 80/80/80 72/72/72 81/81/81
f 78/78/78 81/81/81 72/72/72
f 76/76/76 73/73/73 82/82/82
f 74/74/74 75/75/75 83/83/83
f 84/84/84 83/83/83 75/75/75
f 75/75/75 79/79/79 84/84/84
f 57/57/57 67/67/67 85/85/85
f 85/85/85 86/86/86 57/57/57
f 45/45/45 57/57/57 86/86/86
f 85/85/85 87/87/87 86/86/86
f 86/86/86 36/36/36 45/45/45
f 36/36/36 86/86/86 87/87/87
f 88/88/88 87/87/87 85/85/85
f 87/87/87 26/26/26 36/36/36
f 88/88/88 89/89/89 87/87/87
f 21/21/21 87/87/87 89/89/89
f 87/87/87 21/21/21 26/26/26
f 90/90/90 89/89/89 88/88/88
f 91/91/91 21/21/21 89/89/89
f 92/92/92 91/91/91 89/89/89
f 89/89/89 90/90/90 92/92/92
f 21/21/21 91/91/91 34/34/34
f 93/93/93 91/91/91 92/92/92
f 48/48/48 34/34/34 91/91/91
f 91/91/91 93/93/93 48/48/48
f 92/92/92 90/90/90 94/94/94
f 95/95/95 94/94/94 90/90/90
f 92/92/92 94/94/94 96/96/96
f 97/97/97 92/92/92 96/96/96
f 97/97/97 93/93/93 92/92/92
f 48/48/48 93/93/93 62/62/62
f 98/98/98 62/62/62 93/93/93
f 93/93/93 97/97/97 98/98/98
f 94/94/94 95/95/95 99/99/99
f 96/96/96 94/94/94 100/100/100
f 94/94/94 99/99/99 100/100/100
f 101/101/101 98/98/98 97/97/97
f 101/101/101 97/97/97 102/102/102
f 99/99/99 95/95/95 103/103/103
f 95/95/95 104/104/104 103/103/103
f 105/105/105 101/101/101 102/102/102
f 101/101/101 105/105/105 106/106/106
f 107/107/107 106/106/106 105/105/105
f 108/108/108 106/106/106 107/107/107
f 103/103/103 108/108/108 107/107/107
f 104/104/104 109/109/109 103/103/103
f 103/103/103 109/109/109 108/108/108
f 110/110/110 109/109/109 104/104/104
f 111/111/102 112/112/111 113/113/112
f 111/111/102 113/113/112 114/114/113
f 115/115/114 111/111/102 114/114/113
f 116/116/115 111/111/102 115/115/114
f 113/113/112 117/117/116 114/114/113
f 118/118/117 114/114/113 117/117/116
f 115/115/114 114/114/113 118/118/117
f 117/117/116 113/113/112 119/119/118
f 118/118/117 120/120/119 115/115/114
f 115/115/114 121/121/120 116/116/115
f 120/120/119 121/121/120 115/115/114
f 122/122/107 116/116/115 121/121/120
f 123/123/121 117/117/116 119/119/118
f 117/117/116 124/124/122 118/118/117
f 123/123/121 124/124/122 117/117/116
f 124/124/122 125/125/123 118/118/117
f 125/125/123 120/120/119 118/118/117
f 121/121/120 120/120/119 126/126/124
f 120/120/119 125/125/123 126/126/124
f 119/119/118 127/127/125 123/123/121
f 125/125/123 124/124/122 128/128/126
f 125/125/123 128/128/126 126/126/124
f 123/123/121 129/129/127 124/124/122
f 129/129/127 128/128/126 124/124/122
f 130/130/128 121/121/120 126/126/124
f 131/131/129 121/121/120 130/130/128
f 131/131/129 122/122/107 121/121/120
f 122/122/107 131/131/129 132/132/103
f 129/129/127 123/123/121 133/133/130
f 123/123/121 134/134/131 133/133/130
f 127/127/125 134/134/131 123/123/121
f 135/135/132 130/130/128 126/126/124
f 136/136/133 126/126/124 128/128/126
f 135/135/132 126/126/124 136/136/133
f 128/128/126 129/129/127 137/137/134
f 128/128/126 137/137/134 136/136/133
f 138/138/135 129/129/127 133/133/130
f 137/137/134 129/129/127 138/138/135
f 134/134/131 127/127/125 139/139/136
f 130/130/128 140/140/137 131/131/129
f 130/130/128 141/141/138 140/140/137
f 141/141/138 130/130/128 135/135/132
f 131/131/129 142/142/139 132/132/103
f 143/143/140 131/131/129 140/140/137
f 142/142/139 131/131/129 144/144/141
f 131/131/129 143/143/140 144/144/141
f 140/140/137 141/141/138 143/143/140
f 139/139/136 145/145/142 134/134/131
f 145/145/142 146/146/143 134/134/131
f 146/146/143 133/133/130 134/134/131
f 135/135/132 147/147/144 141/141/138
f 147/147/144 135/135/132 148/148/145
f 148/148/145 135/135/132 136/136/133
f 149/149/146 136/136/133 137/137/134
f 136/136/133 149/149/146 148/148/145
f 137/137/134 138/138/135 150/150/147
f 137/137/134 150/150/147 149/149/146
f 151/151/148 143/143/140 141/141/138
f 147/147/144 151/151/148 141/141/138
f 151/151/148 152/152/149 143/143/140
f 143/143/140 152/152/149 144/144/141
f 144/144/141 153/153/150 142/142/139
f 154/154/151 147/147/144 148/148/145
f 154/154/151 148/148/145 149/149/146
f 144/144/141 155/155/152 153/153/150
f 156/156/153 144/144/141 152/152/149
f 155/155/152 144/144/141 156/156/153
f 149/149/146 157/157/154 154/154/151
f 157/157/154 149/149/146 150/150/147
f 154/154/151 157/157/154 158/158/155
f 158/158/155 147/147/144 154/154/151
f 159/159/156 151/151/148 147/147/144
f 160/160/157 159/159/156 147/147/144
f 147/147/144 158/158/155 160/160/157
f 161/161/158 151/151/148 159/159/156
f 161/161/158 152/152/149 151/151/148
f 152/152/149 162/162/159 156/156/153
f 152/152/149 161/161/158 162/162/159
f 160/160/157 163/163/160 159/159/156
f 163/163/160 161/161/158 159/159/156
f 164/164/161 153/153/150 155/155/152
f 164/164/161 155/155/152 165/165/162
f 156/156/153 165/165/162 155/155/152
f 165/165/162 156/156/153 166/166/163
f 156/156/153 162/162/159 166/166/163
f 158/158/155 167/167/164 160/160/157
f 167/167/164 163/163/160 160/160/157
f 158/158/155 168/168/165 167/167/164
f 158/158/155 157/157/154 168/168/165
f 163/163/160 169/169/166 161/161/158
f 161/161/158 169/169/166 162/162/159
f 163/163/160 167/167/164 170/170/167
f 169/169/166 163/163/160 170/170/167
f 171/171/168 165/165/162 166/166/163
f 162/162/159 171/171/168 166/166/163
f 162/162/159 169/169/166 172/172/169
f 173/173/170 174/174/171 175/175/172
f 174/174/171 173/173/170 176/176/173
f 177/177/174 174/174/171 176/176/173
f 178/178/175 176/176/173 173/173/170
f 173/173/170 179/179/176 178/178/175
f 178/178/175 180/180/177 176/176/173
f 181/181/178 176/176/173 180/180/177
f 176/176/173 181/181/178 177/177/174
f 177/177/174 181/181/178 182/182/179
f 183/183/180 178/178/175 179/179/176
f 180/180/177 178/178/175 184/184/181
f 178/178/175 183/183/180 184/184/181
f 179/179/176 185/185/182 183/183/180
f 186/186/183 180/180/177 184/184/181
f 180/180/177 186/186/183 187/187/184
f 187/187/184 181/181/178 180/180/177
f 181/181/178 188/188/185 182/182/179
f 188/188/185 181/181/178 187/187/184
f 189/189/186 184/184/181 183/183/180
f 186/186/183 184/184/181 189/189/186
f 190/190/187 183/183/180 185/185/182
f 183/183/180 190/190/187 191/191/188
f 189/189/186 183/183/180 191/191/188
f 192/192/189 186/186/183 189/189/186
f 186/186/183 192/192/189 193/193/190
f 193/193/190 187/187/184 186/186/183
f 187/187/184 194/194/191 188/188/185
f 194/194/191 187/187/184 193/193/190
f 190/190/187 195/195/192 191/191/188
f 195/195/192 189/189/186 191/191/188
f 189/189/186 195/195/192 196/196/193
f 192/192/189 189/189/186 196/196/193
f 195/195/192 190/190/187 197/197/194
f 198/198/195 196/196/193 195/195/192
f 198/198/195 192/192/189 196/196/193
f 195/195/192 197/197/194 199/199/196
f 198/198/195 195/195/192 199/199/196
f 192/192/189 198/198/195 200/200/197
f 192/192/189 200/200/197 201/201/198
f 201/201/198 193/193/190 192/192/189
f 193/193/190 202/202/199 194/194/191
f 202/202/199 193/193/190 201/201/198
f 199/199/196 197/197/194 203/203/200
f 204/204/201 198/198/195 199/199/196
f 205/205/202 200/200/197 198/198/195
f 204/204/201 205/205/202 198/198/195
f 206/206/203 199/199/196 203/203/200
f 204/204/201 199/199/196 206/206/203
f 207/207/204 200/200/197 205/205/202
f 200/200/197 208/208/205 201/201/198
f 200/200/197 207/207/204 208/208/205
f 209/209/206 205/205/202 204/204/201
f 207/207/204 205/205/202 209/209/206
f 210/210/207 204/204/201 206/206/203
f 204/204/201 210/210/207 209/209/206
f 201/201/198 211/211/208 202/202/199
f 201/201/198 208/208/205 212/212/209
f 211/211/208 201/201/198 212/212/209
f 207/207/204 213/213/210 208/208/205
f 208/208/205 213/213/210 212/212/209
f 206/206/203 203/203/200 214/214/211
f 206/206/203 214/214/211 215/215/212
f 210/210/207 206/206/203 215/215/212
f 209/209/206 216/216/213 207/207/204
f 213/213/210 207/207/204 217/217/214
f 207/207/204 216/216/213 217/217/214
f 210/210/207 215/215/212 218/218/215
f 219/219/216 210/210/207 218/218/215
f 219/219/216 209/209/206 210/210/207
f 209/209/206 219/219/216 220/220/217
f 209/209/206 221/221/218 216/216/213
f 221/221/218 209/209/206 220/220/217
f 212/212/209 222/222/219 211/211/208
f 212/212/209 213/213/210 223/223/220
f 222/222/219 212/212/209 223/223/220
f 216/216/213 224/224/221 217/217/214
f 224/224/221 213/213/210 217/217/214
f 224/224/221 225/225/222 213/213/210
f 223/223/220 213/213/210 225/225/222
f 216/216/213 226/226/223 224/224/221
f 221/221/218 226/226/223 216/216/213
f 215/215/212 214/214/211 227/227/224
f 218/218/215 215/215/212 228/228/225
f 227/227/224 228/228/225 215/215/212
f 229/229/226 218/218/215 228/228/225
f 230/230/227 219/219/216 218/218/215
f 218/218/215 229/229/226 230/230/227
f 231/231/228 220/220/217 219/219/216
f 232/232/229 221/221/218 220/220/217
f 231/231/228 232/232/229 220/220/217
f 221/221/218 232/232/229 233/233/230
f 234/234/231 221/221/218 233/233/230
f 226/226/223 221/221/218 234/234/231
f 223/223/220 235/235/232 222/222/219
f 225/225/222 236/236/233 223/223/220
f 235/235/232 223/223/220 236/236/233
f 236/236/233 225/225/222 237/237/234
f 224/224/221 237/237/234 225/225/222
f 238/238/235 228/228/225 227/227/224
f 238/238/235 229/229/226 228/228/225
f 229/229/226 238/238/235 239/239/236
f 240/240/237 230/230/227 229/229/226
f 239/239/236 241/241/238 229/229/226
f 240/240/237 229/229/226 241/241/238
f 242/242/239 235/235/232 236/236/233
f 237/237/234 243/243/240 236/236/233
f 236/236/233 243/243/240 242/242/239
f 244/244/241 233/233/230 232/232/229
f 233/233/230 244/244/241 245/245/242
f 233/233/230 246/246/243 234/234/231
f 245/245/242 246/246/243 233/233/230
f 241/241/238 247/247/244 240/240/237
f 248/248/245 242/242/239 243/243/240
f 249/249/246 245/245/242 244/244/241
f 245/245/242 249/249/246 250/250/247
f 251/251/248 245/245/242 250/250/247
f 246/246/243 245/245/242 251/251/248
f 247/247/244 252/252/249 240/240/237
f 253/253/250 252/252/249 247/247/244
f 244/244/241 254/254/251 249/249/246
f 255/255/252 250/250/247 249/249/246
f 249/249/246 256/256/253 255/255/252
f 256/256/253 249/249/246 254/254/251
f 250/250/247 255/255/252 257/257/254
f 250/250/247 257/257/254 258/258/255
f 250/250/247 258/258/255 251/251/248
f 251/251/248 259/259/256 246/246/243
f 251/251/248 260/260/257 259/259/256
f 251/251/248 258/258/255 260/260/257
f 252/252/249 253/253/250 261/261/258
f 262/262/259 257/257/254 255/255/252
f 263/263/260 255/255/252 256/256/253
f 263/263/260 262/262/259 255/255/252
f 254/254/251 264/264/261 256/256/253
f 264/264/261 263/263/260 256/256/253
f 262/262/259 265/265/262 257/257/254
f 257/257/254 265/265/262 266/266/263
f 257/257/254 266/266/263 258/258/255
f 258/258/255 266/266/263 267/267/264
f 258/258/255 267/267/264 260/260/257
f 260/260/257 267/267/264 268/268/265
f 269/269/266 260/260/257 268/268/265
f 260/260/257 269/269/266 259/259/256
f 263/263/260 270/270/267 262/262/259
f 262/262/259 271/271/268 265/265/262
f 271/271/268 262/262/259 270/270/267
f 270/270/267 263/263/260 272/272/269
f 273/273/270 272/272/269 263/263/260
f 263/263/260 264/264/261 273/273/270
f 265/265/262 274/274/271 266/266/263
f 265/265/262 275/275/272 274/274/271
f 271/271/268 275/275/272 265/265/262
f 266/266/263 274/274/271 276/276/273
f 266/266/263 276/276/273 267/267/264
f 267/267/264 276/276/273 277/277/274
f 267/267/264 277/277/274 268/268/265
f 278/278/275 268/268/265 277/277/274
f 268/268/265 278/278/275 279/279/276
f 279/279/276 269/269/266 268/268/265
f 272/272/269 273/273/270 280/280/277
f 275/275/272 281/281/278 274/274/271
f 274/274/271 282/282/279 276/276/273
f 274/274/271 281/281/278 282/282/279
f 276/276/273 283/283/280 277/277/274
f 276/276/273 282/282/279 283/283/280
f 284/284/281 277/277/274 283/283/280
f 277/277/274 284/284/281 278/278/275
f 278/278/275 285/285/282 279/279/276
f 286/286/283 278/278/275 284/284/281
f 285/285/282 278/278/275 286/286/283
f 282/282/279 281/281/278 287/287/284
f 282/282/279 288/288/285 283/283/280
f 282/282/279 287/287/284 288/288/285
f 283/283/280 289/289/286 284/284/281
f 289/289/286 283/283/280 288/288/285
f 284/284/281 290/290/287 286/286/283
f 289/289/286 290/290/287 284/284/281
f 291/291/288 286/286/283 290/290/287
f 292/292/289 286/286/283 291/291/288
f 286/286/283 292/292/289 285/285/282
f 293/293/290 279/279/276 285/285/282
f 285/285/282 292/292/289 294/294/291
f 294/294/291 293/293/290 285/285/282
f 288/288/285 295/295/292 289/289/286
f 295/295/292 296/296/293 289/289/286
f 290/290/287 289/289/286 296/296/293
f 296/296/293 297/297/294 290/290/287
f 290/290/287 297/297/294 291/291/288
f 298/298/295 288/288/285 287/287/284
f 288/288/285 298/298/295 299/299/296
f 288/288/285 299/299/296 295/295/292
f 287/287/284 300/300/297 298/298/295
f 296/296/293 295/295/292 301/301/298
f 301/301/298 295/295/292 299/299/296
f 302/302/299 292/292/289 291/291/288
f 303/303/300 291/291/288 297/297/294
f 291/291/288 303/303/300 302/302/299
f 304/304/301 294/294/291 292/292/289
f 292/292/289 302/302/299 304/304/301
f 301/301/298 305/305/302 296/296/293
f 297/297/294 296/296/293 305/305/302
f 297/297/294 306/306/303 303/303/300
f 306/306/303 297/297/294 305/305/302
f 299/299/296 298/298/295 307/307/304
f 298/298/295 308/308/305 307/307/304
f 300/300/297 308/308/305 298/298/295
f 299/299/296 309/309/306 301/301/298
f 309/309/306 299/299/296 310/310/307
f 310/310/307 299/299/296 307/307/304
f 311/311/308 301/301/298 309/309/306
f 305/305/302 301/301/298 311/311/308
f 305/305/302 312/312/309 306/306/303
f 312/312/309 305/305/302 311/311/308
f 302/302/299 313/88/310 304/304/301
f 303/303/300 314/85/311 302/302/299
f 313/88/310 302/302/299 314/85/311
f 306/306/303 315/67/312 303/303/300
f 314/85/311 303/303/300 315/67/312
f 315/67/312 306/306/303 316/68/313
f 312/312/309 316/68/313 306/306/303
f 307/307/304 308/308/305 317/313/314
f 307/307/304 317/313/314 318/314/315
f 318/314/315 310/310/307 307/307/304
f 319/315/316 310/310/307 318/314/315
f 320/316/317 310/310/307 319/315/316
f 309/309/306 310/310/307 320/316/317
f 321/317/318 309/309/306 320/316/317
f 309/309/306 322/318/319 311/311/308
f 322/318/319 309/309/306 321/317/318
f 311/311/308 323/319/320 312/312/309
f 324/320/321 311/311/308 322/318/319
f 323/319/320 311/311/308 324/320/321
f 316/68/313 312/312/309 325/321/322
f 323/319/320 325/321/322 312/312/309
f 318/314/315 326/322/323 319/315/316
f 317/313/314 326/322/323 318/314/315
f 327/58/324 315/67/312 316/68/313
f 328/57/325 314/85/311 315/67/312
f 315/67/312 327/58/324 328/57/325
f 329/63/326 316/68/313 325/321/322
f 316/68/313 329/63/326 327/58/324
f 319/315/316 330/323/327 320/316/317
f 321/317/318 320/316/317 330/323/327
f 331/324/328 330/323/327 319/315/316
f 331/324/328 319/315/316 326/322/323
f 324/320/321 322/318/319 332/325/329
f 332/325/329 322/318/319 321/317/318
f 325/321/322 323/319/320 333/326/330
f 333/326/330 329/63/326 325/321/322
f 334/327/331 333/326/330 323/319/320
f 324/320/321 334/327/331 323/319/320
f 334/327/331 324/320/321 335/328/332
f 324/320/321 332/325/329 336/329/333
f 336/329/333 335/328/332 324/320/321
f 327/58/324 337/50/334 328/57/325
f 337/50/334 327/58/324 338/55/335
f 162/162/159 172/172/169 171/171/168
f 165/165/162 339/330/336 164/164/161
f 171/171/168 339/330/336 165/165/162
f 168/168/165 340/331/337 167/167/164
f 340/331/337 170/170/167 167/167/164
f 169/169/166 341/332/338 172/172/169
f 170/170/167 341/332/338 169/169/166
f 341/332/338 170/170/167 342/333/339
f 170/170/167 340/331/337 342/333/339
f 171/171/168 343/334/340 339/330/336
f 343/334/340 171/171/168 172/172/169
f 172/172/169 344/335/341 343/334/340
f 341/332/338 344/335/341 172/172/169
f 341/332/338 345/336/342 344/335/341
f 341/332/338 346/337/343 345/336/342
f 341/332/338 342/333/339 346/337/343
f 342/333/339 347/338/344 346/337/343
f 342/333/339 348/339/345 347/338/344
f 348/339/345 342/333/339 340/331/337
f 345/336/342 346/337/343 349/340/346
f 350/341/347 344/335/341 345/336/342
f 350/341/347 345/336/342 349/340/346
f 346/337/343 347/338/344 351/342/348
f 349/340/346 346/337/343 351/342/348
f 347/338/344 352/343/349 351/342/348
f 352/343/349 347/338/344 348/339/345
f 340/331/337 353/344/350 348/339/345
f 353/344/350 352/343/349 348/339/345
f 344/335/341 350/341/347 354/345/351
f 344/335/341 354/345/351 355/346/352
f 344/335/341 355/346/352 343/334/340
f 349/340/346 356/347/353 350/341/347
f 356/347/353 357/348/354 350/341/347
f 350/341/347 357/348/354 354/345/351
f 354/345/351 358/349/355 355/346/352
f 359/350/356 354/345/351 357/348/354
f 354/345/351 359/350/356 358/349/355
f 360/351/357 359/350/356 357/348/354
f 356/347/353 360/351/357 357/348/354
f 361/352/358 358/349/355 359/350/356
f 358/349/355 362/353/136 355/346/352
f 362/353/136 358/349/355 361/352/358
f 359/350/356 360/351/357 363/354/359
f 363/354/359 361/352/358 359/350/356
f 362/353/136 343/334/340 355/346/352
f 343/334/340 362/353/136 364/355/360
f 365/356/118 343/334/340 364/355/360
f 343/334/340 365/356/118 339/330/336
f 339/330/336 365/356/118 366/357/112
f 366/357/112 164/164/161 339/330/336
f 367/358/96 164/164/161 366/357/112
f 368/359/97 367/358/96 366/357/112
f 367/358/96 153/153/150 164/164/161
f 369/360/361 370/361/362 371/362/363
f 369/360/361 372/363/364 370/361/362
f 373/364/365 372/363/364 369/360/361
f 372/363/364 374/365/366 370/361/362
f 375/366/367 372/363/364 373/364/365
f 375/366/367 376/367/368 372/363/364
f 372/363/364 376/367/368 374/365/366
f 373/364/365 377/368/369 375/366/367
f 376/367/368 378/369/370 374/365/366
f 379/370/371 375/366/367 377/368/369
f 380/371/372 376/367/368 375/366/367
f 375/366/367 379/370/371 380/371/372
f 376/367/368 381/372/373 378/369/370
f 380/371/372 381/372/373 376/367/368
f 381/372/373 382/373/374 378/369/370
f 377/368/369 383/374/375 379/370/371
f 379/370/371 383/374/375 384/375/376
f 384/375/376 380/371/372 379/370/371
f 380/371/372 384/375/376 385/376/377
f 385/376/377 381/372/373 380/371/372
f 382/373/374 381/372/373 386/377/378
f 385/376/377 386/377/378 381/372/373
f 383/374/375 377/368/369 387/378/379
f 385/376/377 384/375/376 388/379/380
f 386/377/378 385/376/377 388/379/380
f 389/380/381 386/377/378 388/379/380
f 386/377/378 389/380/381 382/373/374
f 390/381/382 382/373/374 389/380/381
f 384/375/376 383/374/375 391/382/383
f 383/374/375 392/383/384 391/382/383
f 392/383/384 383/374/375 387/378/379
f 388/379/380 384/375/376 393/384/385
f 384/375/376 391/382/383 393/384/385
f 389/380/381 388/379/380 393/384/385
f 387/378/379 394/385/80 392/383/384
f 391/382/383 395/386/386 393/384/385
f 393/384/385 395/386/386 389/380/381
f 396/387/387 389/380/381 395/386/386
f 389/380/381 396/387/387 390/381/382
f 397/388/388 396/387/387 395/386/386
f 391/382/383 397/388/388 395/386/386
f 398/389/389 391/382/383 392/383/384
f 397/388/388 391/382/383 398/389/389
f 394/385/80 399/390/390 392/383/384
f 392/383/384 399/390/390 398/389/389
f 390/381/382 396/387/387 400/391/391
f 401/392/392 396/387/387 397/388/388
f 396/387/387 401/392/392 400/391/391
f 397/388/388 402/393/393 401/392/392
f 398/389/389 402/393/393 397/388/388
f 403/394/394 398/389/389 399/390/390
f 402/393/393 398/389/389 403/394/394
f 399/390/390 394/385/80 404/395/81
f 402/393/393 405/396/395 401/392/392
f 403/394/394 405/396/395 402/393/393
f 406/397/396 400/391/391 401/392/392
f 405/396/395 406/397/396 401/392/392
f 407/398/397 408/399/398 409/400/399
f 409/400/399 408/399/398 410/401/400
f 411/402/401 410/401/400 408/399/398
f 412/403/402 410/401/400 411/402/401
f 412/403/402 413/404/403 410/401/400
f 409/400/399 410/401/400 413/404/403
f 409/400/399 413/404/403 414/405/404
f 412/403/402 415/406/405 413/404/403
f 413/404/403 416/407/406 414/405/404
f 416/407/406 413/404/403 415/406/405
f 417/408/407 414/405/404 416/407/406
f 412/403/402 418/409/408 415/406/405
f 415/406/405 419/410/409 416/407/406
f 419/410/409 415/406/405 418/409/408
f 416/407/406 420/411/410 417/408/407
f 416/407/406 419/410/409 420/411/410
f 421/412/411 412/403/402 411/402/401
f 422/413/412 418/409/408 412/403/402
f 422/413/412 412/403/402 421/412/411
f 421/412/411 411/402/401 423/414/413
f 417/408/407 420/411/410 424/415/414
f 419/410/409 425/416/415 420/411/410
f 420/411/410 425/416/415 424/415/414
f 418/409/408 422/413/412 426/417/416
f 426/417/416 427/418/417 418/409/408
f 419/410/409 418/409/408 427/418/417
f 419/410/409 428/419/418 425/416/415
f 427/418/417 428/419/418 419/410/409
f 429/420/419 424/415/414 425/416/415
f 428/419/418 430/421/420 425/416/415
f 430/421/420 429/420/419 425/416/415
f 428/419/418 427/418/417 431/422/421
f 431/422/421 430/421/420 428/419/418
f 427/418/417 426/417/416 432/423/422
f 432/423/422 431/422/421 427/418/417
f 422/413/412 433/424/423 426/417/416
f 434/425/424 432/423/422 426/417/416
f 426/417/416 433/424/423 434/425/424
f 435/426/425 421/412/411 423/414/413
f 423/414/413 436/427/426 435/426/425
f 437/428/427 434/425/424 433/424/423
f 438/429/428 434/425/424 437/428/427
f 433/424/423 439/430/429 437/428/427
f 439/430/429 435/426/425 437/428/427
f 440/431/430 438/429/428 437/428/427
f 437/428/427 435/426/425 440/431/430
f 435/426/425 436/427/426 440/431/430
f 439/430/429 421/412/411 435/426/425
f 436/427/426 441/432/431 440/431/430
f 442/433/432 438/429/428 440/431/430
f 440/431/430 441/432/431 442/433/432
f 439/430/429 433/424/423 443/434/433
f 433/424/423 422/413/412 443/434/433
f 444/435/434 421/412/411 439/430/429
f 443/434/433 444/435/434 439/430/429
f 421/412/411 444/435/434 422/413/412
f 443/434/433 422/413/412 444/435/434
f 445/436/41 442/433/432 441/432/431
f 353/344/350 340/331/337 446/437/435
f 340/331/337 168/168/165 446/437/435
f 447/438/436 446/437/435 168/168/165
f 168/168/165 157/157/154 447/438/436
f 150/150/147 447/438/436 157/157/154
f 447/438/436 150/150/147 448/439/437
f 449/440/438 446/437/435 447/438/436
f 447/438/436 448/439/437 449/440/438
f 446/437/435 449/440/438 450/441/439
f 150/150/147 138/138/135 448/439/437
f 449/440/438 448/439/437 451/442/440
f 448/439/437 138/138/135 452/443/441
f 451/442/440 448/439/437 452/443/441
f 453/444/442 450/441/439 449/440/438
f 449/440/438 451/442/440 453/444/442
f 454/445/348 453/444/442 451/442/440
f 454/445/348 451/442/440 452/443/441
f 455/446/443 452/443/441 138/138/135
f 452/443/441 456/447/444 454/445/348
f 456/447/444 452/443/441 455/446/443
f 138/138/135 133/133/130 455/446/443
f 455/446/443 457/448/445 456/447/444
f 457/448/445 455/446/443 133/133/130
f 458/449/446 456/447/444 457/448/445
f 457/448/445 133/133/130 146/146/143
f 457/448/445 459/450/447 458/449/446
f 459/450/447 457/448/445 146/146/143
f 458/449/446 459/450/447 460/451/448
f 460/451/448 459/450/447 461/452/449
f 459/450/447 146/146/143 461/452/449
f 461/452/449 146/146/143 145/145/142
f 462/453/450 460/451/448 461/452/449
f 463/454/451 462/453/450 461/452/449
f 463/454/451 461/452/449 145/145/142
f 139/139/136 463/454/451 145/145/142
f 464/455/452 465/456/453 466/457/454
f 466/457/454 465/456/453 467/458/455
f 465/456/453 468/459/456 467/458/455
f 466/457/454 467/458/455 469/460/457
f 470/461/458 469/460/457 467/458/455
f 470/461/458 467/458/455 471/462/459
f 471/462/459 467/458/455 468/459/456
f 468/459/456 472/463/460 471/462/459
f 473/464/461 470/461/458 471/462/459
f 471/462/459 472/463/460 474/465/462
f 474/465/462 473/464/461 471/462/459
f 472/463/460 475/466/463 474/465/462
f 476/467/464 473/464/461 474/465/462
f 476/467/464 474/465/462 477/468/465
f 477/468/465 474/465/462 475/466/463
f 473/464/461 478/469/466 470/461/458
f 473/464/461 479/470/467 478/469/466
f 479/470/467 473/464/461 476/467/464
f 478/469/466 480/471/468 470/461/458
f 469/460/457 470/461/458 481/472/469
f 470/461/458 480/471/468 481/472/469
f 481/472/469 482/473/470 469/460/457
f 475/466/463 483/474/471 477/468/465
f 484/475/472 476/467/464 477/468/465
f 484/475/472 485/476/473 476/467/464
f 476/467/464 485/476/473 479/470/467
f 486/477/474 484/475/472 477/468/465
f 477/468/465 483/474/471 486/477/474
f 480/471/468 487/478/475 481/472/469
f 482/473/470 481/472/469 488/479/476
f 487/478/475 488/479/476 481/472/469
f 487/478/475 480/471/468 489/480/477
f 478/469/466 490/481/478 480/471/468
f 490/481/478 489/480/477 480/471/468
f 482/473/470 488/479/476 491/482/479
f 491/482/479 488/479/476 492/483/480
f 492/483/480 488/479/476 487/478/475
f 492/483/480 487/478/475 493/484/481
f 493/484/481 487/478/475 489/480/477
f 483/474/471 494/485/482 486/477/474
f 484/475/472 495/486/483 485/476/473
f 495/486/483 484/475/472 496/487/484
f 484/475/472 486/477/474 496/487/484
f 497/488/485 486/477/474 494/485/482
f 496/487/484 486/477/474 497/488/485
f 489/480/477 490/481/478 498/489/486
f 489/480/477 498/489/486 499/490/487
f 493/484/481 489/480/477 499/490/487
f 499/490/487 500/491/488 493/484/481
f 494/485/482 501/492/489 497/488/485
f 502/493/490 496/487/484 497/488/485
f 502/493/490 503/494/491 496/487/484
f 496/487/484 503/494/491 495/486/483
f 329/63/326 338/55/335 327/58/324
f 329/63/326 333/326/330 504/495/492
f 338/55/335 329/63/326 505/64/493
f 504/495/492 505/64/493 329/63/326
f 333/326/330 334/327/331 506/496/494
f 506/496/494 504/495/492 333/326/330
f 334/327/331 335/328/332 507/497/495
f 507/497/495 506/496/494 334/327/331
f 507/497/495 335/328/332 508/498/496
f 509/499/497 335/328/332 336/329/333
f 509/499/497 508/498/496 335/328/332
f 336/329/333 332/325/329 510/500/498
f 511/501/499 336/329/333 510/500/498
f 511/501/499 509/499/497 336/329/333
f 338/55/335 512/51/500 337/50/334
f 338/55/335 513/56/501 512/51/500
f 505/64/493 513/56/501 338/55/335
f 504/495/492 506/496/494 514/502/502
f 505/64/493 504/495/492 515/503/503
f 514/502/502 515/503/503 504/495/492
f 516/65/504 505/64/493 515/503/503
f 513/56/501 505/64/493 516/65/504
f 506/496/494 507/497/495 517/504/505
f 517/504/505 514/502/502 506/496/494
f 508/498/496 518/505/506 507/497/495
f 518/505/506 517/504/505 507/497/495
f 514/502/502 517/504/505 519/506/507
f 515/503/503 514/502/502 520/507/508
f 519/506/507 520/507/508 514/502/502
f 520/507/508 521/508/509 515/503/503
f 516/65/504 515/503/503 521/508/509
f 517/504/505 518/505/506 522/509/510
f 522/509/510 519/506/507 517/504/505
f 513/56/501 523/52/511 512/51/500
f 523/52/511 513/56/501 524/60/512
f 525/66/513 524/60/512 513/56/501
f 516/65/504 525/66/513 513/56/501
f 525/66/513 516/65/504 526/74/514
f 526/74/514 516/65/504 527/510/515
f 521/508/509 527/510/515 516/65/504
f 519/506/507 522/509/510 528/511/516
f 519/506/507 529/512/517 520/507/508
f 528/511/516 529/512/517 519/506/507
f 529/512/517 530/513/518 520/507/508
f 520/507/508 530/513/518 521/508/509
f 530/513/518 531/514/519 521/508/509
f 527/510/515 521/508/509 531/514/519
f 524/60/512 525/66/513 532/71/520
f 533/75/521 532/71/520 525/66/513
f 525/66/513 526/74/514 533/75/521
f 533/75/521 526/74/514 534/83/522
f 535/515/523 526/74/514 527/510/515
f 535/515/523 534/83/522 526/74/514
f 527/510/515 536/516/524 535/515/523
f 527/510/515 531/514/519 536/516/524
f 534/83/522 537/84/525 533/75/521
f 532/71/520 533/75/521 538/79/526
f 537/84/525 538/79/526 533/75/521
f 538/79/526 539/80/527 532/71/520
f 540/72/528 532/71/520 539/80/527
f 524/60/512 532/71/520 540/72/528
f 81/81/81 540/72/528 539/80/527
f 540/72/528 541/70/529 524/60/512
f 541/70/529 540/72/528 78/78/78
f 81/81/81 78/78/78 540/72/528
f 78/78/78 77/77/77 541/70/529
f 542/59/530 524/60/512 541/70/529
f 541/70/529 543/69/531 542/59/530
f 543/69/531 541/70/529 77/77/77
f 523/52/511 524/60/512 542/59/530
f 77/77/77 76/76/76 543/69/531
f 542/59/530 544/53/532 523/52/511
f 543/69/531 545/61/533 542/59/530
f 542/59/530 545/61/533 544/53/532
f 76/76/76 546/73/534 543/69/531
f 543/69/531 546/73/534 545/61/533
f 546/73/534 76/76/76 82/82/82
f 523/52/511 544/53/532 547/46/535
f 547/46/535 512/51/500 523/52/511
f 547/46/535 544/53/532 548/47/536
f 512/51/500 547/46/535 549/44/537
f 547/46/535 548/47/536 550/38/538
f 550/38/538 549/44/537 547/46/535
f 549/44/537 337/50/334 512/51/500
f 551/39/539 550/38/538 548/47/536
f 337/50/334 549/44/537 552/45/540
f 553/37/541 552/45/540 549/44/537
f 549/44/537 550/38/538 553/37/541
f 554/28/542 553/37/541 550/38/538
f 550/38/538 551/39/539 554/28/542
f 552/45/540 328/57/325 337/50/334
f 554/28/542 551/39/539 555/29/543
f 328/57/325 552/45/540 556/86/544
f 552/45/540 553/37/541 557/36/545
f 556/86/544 552/45/540 557/36/545
f 553/37/541 554/28/542 558/27/546
f 553/37/541 558/27/546 557/36/545
f 558/27/546 554/28/542 559/19/547
f 554/28/542 555/29/543 559/19/547
f 314/85/311 328/57/325 556/86/544
f 560/87/548 314/85/311 556/86/544
f 556/86/544 557/36/545 560/87/548
f 560/87/548 557/36/545 561/26/549
f 557/36/545 558/27/546 561/26/549
f 561/26/549 558/27/546 562/18/550
f 558/27/546 559/19/547 562/18/550
f 559/19/547 555/29/543 563/20/551
f 564/21/552 560/87/548 561/26/549
f 561/26/549 562/18/550 564/21/552
f 562/18/550 559/19/547 565/14/553
f 566/12/554 559/19/547 563/20/551
f 559/19/547 566/12/554 565/14/553
f 564/21/552 562/18/550 567/13/555
f 562/18/550 565/14/553 567/13/555
f 314/85/311 560/87/548 313/88/310
f 568/89/556 313/88/310 560/87/548
f 560/87/548 564/21/552 568/89/556
f 567/13/555 565/14/553 569/8/557
f 565/14/553 566/12/554 569/8/557
f 569/8/557 566/12/554 570/7/558
f 564/21/552 571/91/559 568/89/556
f 571/91/559 564/21/552 572/34/560
f 564/21/552 573/22/561 572/34/560
f 564/21/552 567/13/555 573/22/561
f 573/22/561 567/13/555 574/15/562
f 567/13/555 575/9/563 574/15/562
f 567/13/555 569/8/557 575/9/563
f 575/9/563 569/8/557 576/3/564
f 569/8/557 570/7/558 576/3/564
f 313/88/310 568/89/556 577/90/565
f 577/90/565 568/89/556 578/92/566
f 578/92/566 568/89/556 571/91/559
f 577/90/565 304/304/301 313/88/310
f 579/6/567 576/3/564 570/7/558
f 578/92/566 571/91/559 580/93/568
f 572/34/560 581/48/569 571/91/559
f 580/93/568 571/91/559 581/48/569
f 581/48/569 572/34/560 582/42/570
f 572/34/560 573/22/561 583/35/571
f 583/35/571 582/42/570 572/34/560
f 573/22/561 574/15/562 584/23/572
f 573/22/561 585/32/573 583/35/571
f 573/22/561 584/23/572 585/32/573
f 575/9/563 576/3/564 586/1/574
f 576/3/564 579/6/567 587/2/575
f 587/2/575 586/1/574 576/3/564
f 587/2/575 579/6/567 588/517/576
f 49/49/49 581/48/569 582/42/570
f 43/43/43 582/42/570 583/35/571
f 582/42/570 43/43/43 49/49/49
f 583/35/571 40/40/40 43/43/43
f 583/35/571 585/32/573 40/40/40
f 581/48/569 49/49/49 54/54/54
f 62/62/62 581/48/569 54/54/54
f 580/93/568 581/48/569 62/62/62
f 584/23/572 589/33/577 585/32/573
f 585/32/573 589/33/577 41/41/41
f 585/32/573 41/41/41 40/40/40
f 587/2/575 588/517/576 590/518/578
f 590/518/578 4/4/4 587/2/575
f 586/1/574 587/2/575 4/4/4
f 590/518/578 588/517/576 591/519/579
f 5/5/5 586/1/574 4/4/4
f 98/98/98 580/93/568 62/62/62
f 592/31/580 589/33/577 584/23/572
f 593/97/581 580/93/568 98/98/98
f 98/98/98 101/101/101 593/97/581
f 593/97/581 578/92/566 580/93/568
f 584/23/572 594/24/582 592/31/580
f 592/31/580 594/24/582 595/30/583
f 584/23/572 574/15/562 594/24/582
f 596/16/584 594/24/582 574/15/562
f 594/24/582 597/25/585 595/30/583
f 594/24/582 596/16/584 597/25/585
f 578/92/566 593/97/581 598/96/586
f 599/102/587 593/97/581 101/101/101
f 574/15/562 575/9/563 596/16/584
f 575/9/563 600/10/588 596/16/584
f 601/17/589 597/25/585 596/16/584
f 596/16/584 600/10/588 601/17/589
f 101/101/101 602/105/590 599/102/587
f 602/105/590 101/101/101 106/106/106
f 586/1/574 600/10/588 575/9/563
f 600/10/588 586/1/574 5/5/5
f 5/5/5 11/11/11 600/10/588
f 601/17/589 600/10/588 11/11/11
f 106/106/106 603/107/591 602/105/590
f 603/107/591 106/106/106 108/108/108
f 604/103/592 603/107/591 108/108/108
f 604/103/592 108/108/108 109/109/109
f 109/109/109 605/104/593 604/103/592
f 605/104/593 109/109/109 110/110/110
f 606/95/594 604/103/592 605/104/593
f 604/103/592 606/95/594 607/99/595
f 608/520/596 606/95/594 605/104/593
f 110/110/110 609/521/597 605/104/593
f 608/520/596 605/104/593 609/521/597
f 609/521/597 110/110/110 610/522/598
f 611/523/599 608/520/596 609/521/597
f 610/522/598 611/523/599 609/521/597
f 612/524/600 608/520/596 611/523/599
f 612/524/600 613/525/601 608/520/596
f 606/95/594 608/520/596 613/525/601
f 613/525/601 577/90/565 606/95/594
f 606/95/594 614/94/602 607/99/595
f 606/95/594 577/90/565 614/94/602
f 607/99/595 614/94/602 615/100/603
f 611/523/599 610/522/598 616/526/604
f 617/527/605 612/524/600 611/523/599
f 618/528/606 611/523/599 616/526/604
f 617/527/605 611/523/599 618/528/606
f 619/529/607 613/525/601 612/524/600
f 620/530/608 612/524/600 617/527/605
f 620/530/608 619/529/607 612/524/600
f 294/294/291 613/525/601 619/529/607
f 304/304/301 577/90/565 613/525/601
f 613/525/601 294/294/291 304/304/301
f 577/90/565 578/92/566 614/94/602
f 614/94/602 578/92/566 598/96/586
f 614/94/602 598/96/586 615/100/603
f 248/248/245 617/527/605 618/528/606
f 617/527/605 248/248/245 621/531/609
f 621/531/609 620/530/608 617/527/605
f 293/293/290 294/294/291 619/529/607
f 619/529/607 622/532/610 293/293/290
f 622/532/610 619/529/607 620/530/608
f 620/530/608 623/533/611 622/532/610
f 623/533/611 620/530/608 624/534/612
f 624/534/612 620/530/608 621/531/609
f 623/533/611 293/293/290 622/532/610
f 243/243/240 624/534/612 621/531/609
f 243/243/240 621/531/609 248/248/245
f 625/535/613 293/293/290 623/533/611
f 279/279/276 293/293/290 625/535/613
f 623/533/611 626/536/614 625/535/613
f 623/533/611 624/534/612 627/537/615
f 626/536/614 623/533/611 627/537/615
f 628/538/616 624/534/612 243/243/240
f 629/539/617 627/537/615 624/534/612
f 629/539/617 624/534/612 628/538/616
f 243/243/240 237/237/234 628/538/616
f 625/535/613 626/536/614 630/540/618
f 631/541/619 625/535/613 630/540/618
f 279/279/276 625/535/613 631/541/619
f 279/279/276 631/541/619 269/269/266
f 629/539/617 628/538/616 632/542/620
f 237/237/234 633/543/621 628/538/616
f 633/543/621 632/542/620 628/538/616
f 631/541/619 630/540/618 634/544/622
f 635/545/623 631/541/619 634/544/622
f 269/269/266 631/541/619 635/545/623
f 633/543/621 636/546/624 632/542/620
f 633/543/621 237/237/234 637/547/625
f 237/237/234 224/224/221 637/547/625
f 636/546/624 633/543/621 638/548/626
f 633/543/621 639/549/627 638/548/626
f 640/550/628 502/493/490 497/488/485
f 497/488/485 501/492/489 640/550/628
f 498/489/486 641/551/629 499/490/487
f 500/491/488 499/490/487 642/552/630
f 499/490/487 641/551/629 642/552/630
f 642/552/630 643/553/47 500/491/488
f 643/553/47 642/552/630 644/554/53
f 641/551/629 644/554/53 642/552/630
f 501/492/489 645/555/631 640/550/628
f 503/494/491 502/493/490 646/556/632
f 646/556/632 502/493/490 647/557/633
f 502/493/490 640/550/628 647/557/633
f 640/550/628 645/555/631 648/558/634
f 640/550/628 648/558/634 647/557/633
f 644/554/53 641/551/629 649/559/635
f 645/555/631 650/560/636 648/558/634
f 651/561/637 649/559/635 641/551/629
f 498/489/486 651/561/637 641/551/629
f 652/562/638 647/557/633 648/558/634
f 652/562/638 653/563/639 647/557/633
f 647/557/633 653/563/639 646/556/632
f 654/564/640 652/562/638 648/558/634
f 648/558/634 650/560/636 654/564/640
f 650/560/636 655/565/641 654/564/640
f 653/563/639 652/562/638 656/566/642
f 656/566/642 652/562/638 657/567/643
f 652/562/638 654/564/640 657/567/643
f 654/564/640 655/565/641 658/568/644
f 654/564/640 658/568/644 657/567/643
f 649/559/635 651/561/637 659/569/645
f 659/569/645 660/570/646 649/559/635
f 651/561/637 661/571/647 659/569/645
f 661/571/647 651/561/637 662/572/648
f 663/573/649 651/561/637 498/489/486
f 662/572/648 651/561/637 663/573/649
f 490/481/478 663/573/649 498/489/486
f 664/574/650 657/567/643 658/568/644
f 664/574/650 665/575/651 657/567/643
f 657/567/643 665/575/651 656/566/642
f 664/574/650 658/568/644 666/576/652
f 666/576/652 658/568/644 655/565/641
f 655/565/641 667/577/653 666/576/652
f 659/569/645 661/571/647 668/578/654
f 659/569/645 668/578/654 669/579/655
f 660/570/646 659/569/645 669/579/655
f 660/570/646 669/579/655 670/580/656
f 661/571/647 671/581/657 668/578/654
f 662/572/648 672/582/658 661/571/647
f 661/571/647 672/582/658 671/581/657
f 672/582/658 662/572/648 673/583/659
f 674/584/660 662/572/648 663/573/649
f 674/584/660 673/583/659 662/572/648
f 675/585/661 665/575/651 664/574/650
f 676/586/662 664/574/650 666/576/652
f 676/586/662 675/585/661 664/574/650
f 677/587/663 666/576/652 667/577/653
f 676/586/662 666/576/652 677/587/663
f 667/577/653 678/588/664 677/587/663
f 672/582/658 679/589/665 671/581/657
f 673/583/659 680/590/666 672/582/658
f 672/582/658 680/590/666 679/589/665
f 678/588/664 681/591/667 677/587/663
f 677/587/663 681/591/667 676/586/662
f 681/591/667 682/592/668 676/586/662
f 676/586/662 682/592/668 675/585/661
f 680/590/666 673/583/659 683/593/669
f 673/583/659 674/584/660 684/594/670
f 684/594/670 683/593/669 673/583/659
f 682/592/668 665/575/651 675/585/661
f 680/590/666 685/595/671 679/589/665
f 680/590/666 686/596/672 685/595/671
f 683/593/669 686/596/672 680/590/666
f 665/575/651 682/592/668 687/597/673
f 686/596/672 683/593/669 688/598/674
f 683/593/669 684/594/670 689/599/675
f 689/599/675 688/598/674 683/593/669
f 687/597/673 656/566/642 665/575/651
f 686/596/672 690/600/676 685/595/671
f 688/598/674 691/601/677 686/596/672
f 686/596/672 691/601/677 690/600/676
f 656/566/642 687/597/673 692/602/678
f 691/601/677 688/598/674 693/603/679
f 688/598/674 689/599/675 694/604/680
f 694/604/680 693/603/679 688/598/674
f 653/563/639 656/566/642 692/602/678
f 691/601/677 695/605/681 690/600/676
f 691/601/677 696/606/682 695/605/681
f 693/603/679 696/606/682 691/601/677
f 692/602/678 697/607/683 653/563/639
f 696/606/682 693/603/679 698/608/684
f 693/603/679 694/604/680 699/609/685
f 699/609/685 698/608/684 693/603/679
f 646/556/632 653/563/639 697/607/683
f 696/606/682 700/610/686 695/605/681
f 698/608/684 701/611/687 696/606/682
f 700/610/686 696/606/682 701/611/687
f 697/607/683 702/612/688 646/556/632
f 698/608/684 699/609/685 703/613/689
f 703/613/689 704/614/690 698/608/684
f 698/608/684 704/614/690 701/611/687
f 503/494/491 646/556/632 702/612/688
f 701/611/687 705/615/691 700/610/686
f 704/614/690 706/616/692 701/611/687
f 705/615/691 701/611/687 706/616/692
f 702/612/688 707/617/693 503/494/491
f 704/614/690 703/613/689 708/618/694
f 708/618/694 709/619/695 704/614/690
f 704/614/690 709/619/695 706/616/692
f 495/486/483 503/494/491 707/617/693
f 706/616/692 710/620/696 705/615/691
f 709/619/695 711/621/697 706/616/692
f 710/620/696 706/616/692 711/621/697
f 707/617/693 712/622/698 495/486/483
f 713/623/699 709/619/695 708/618/694
f 708/618/694 703/613/689 714/624/700
f 714/624/700 713/623/699 708/618/694
f 709/619/695 713/623/699 715/625/701
f 709/619/695 716/626/702 711/621/697
f 715/625/701 716/626/702 709/619/695
f 711/621/697 717/627/703 710/620/696
f 717/627/703 711/621/697 718/628/704
f 716/626/702 718/628/704 711/621/697
f 712/622/698 719/629/705 495/486/483
f 495/486/483 719/629/705 485/476/473
f 716/626/702 720/630/706 718/628/704
f 721/631/707 720/630/706 716/626/702
f 716/626/702 715/625/701 721/631/707
f 713/623/699 714/624/700 722/632/708
f 723/633/709 713/623/699 722/632/708
f 713/623/699 723/633/709 724/634/710
f 715/625/701 713/623/699 724/634/710
f 725/635/711 721/631/707 715/625/701
f 725/635/711 715/625/701 726/636/712
f 715/625/701 724/634/710 726/636/712
f 718/628/704 727/637/713 717/627/703
f 720/630/706 728/638/714 718/628/704
f 727/637/713 718/628/704 728/638/714
f 719/629/705 729/639/715 485/476/473
f 723/633/709 730/640/716 724/634/710
f 724/634/710 730/640/716 726/636/712
f 479/470/467 485/476/473 729/639/715
f 720/630/706 731/641/717 728/638/714
f 732/642/718 720/630/706 721/631/707
f 732/642/718 731/641/717 720/630/706
f 726/636/712 730/640/716 733/643/719
f 726/636/712 733/643/719 725/635/711
f 728/638/714 734/644/720 727/637/713
f 731/641/717 734/644/720 728/638/714
f 731/641/717 732/642/718 735/645/721
f 735/645/721 734/644/720 731/641/717
f 727/637/713 734/644/720 736/646/722
f 729/639/715 737/647/723 479/470/467
f 733/643/719 738/648/724 725/635/711
f 734/644/720 739/649/725 736/646/722
f 740/650/726 739/649/725 734/644/720
f 734/644/720 735/645/721 740/650/726
f 740/650/726 735/645/721 741/651/727
f 732/642/718 741/651/727 735/645/721
f 479/470/467 737/647/723 742/652/728
f 478/469/466 479/470/467 742/652/728
f 741/651/727 743/653/729 740/650/726
f 740/650/726 743/653/729 739/649/725
f 736/646/722 739/649/725 744/654/730
f 743/653/729 744/654/730 739/649/725
f 737/647/723 745/655/731 742/652/728
f 746/656/732 742/652/728 745/655/731
f 747/657/733 742/652/728 746/656/732
f 478/469/466 742/652/728 747/657/733
f 490/481/478 478/469/466 747/657/733
f 746/656/732 663/573/649 747/657/733
f 663/573/649 490/481/478 747/657/733
f 663/573/649 746/656/732 748/658/734
f 748/658/734 746/656/732 745/655/731
f 748/658/734 745/655/731 749/659/735
f 674/584/660 748/658/734 749/659/735
f 674/584/660 663/573/649 748/658/734
f 674/584/660 749/659/735 750/660/736
f 750/660/736 684/594/670 674/584/660
f 684/594/670 750/660/736 751/661/737
f 751/661/737 689/599/675 684/594/670
f 689/599/675 751/661/737 752/662/738
f 752/662/738 753/663/739 689/599/675
f 689/599/675 753/663/739 694/604/680
f 753/663/739 754/664/740 694/604/680
f 699/609/685 694/604/680 754/664/740
f 754/664/740 755/665/741 699/609/685
f 699/609/685 755/665/741 703/613/689
f 755/665/741 714/624/700 703/613/689
f 741/651/727 732/642/718 756/666/742
f 721/631/707 756/666/742 732/642/718
f 756/666/742 721/631/707 738/648/724
f 725/635/711 738/648/724 721/631/707
f 757/667/743 758/668/744 759/669/745
f 757/667/743 759/669/745 760/670/746
f 760/670/746 761/671/747 757/667/743
f 760/670/746 759/669/745 762/672/748
f 762/672/748 763/673/749 760/670/746
f 763/673/749 761/671/747 760/670/746
f 759/669/745 764/674/750 762/672/748
f 765/675/751 766/676/752 767/677/753
f 765/675/751 767/677/753 768/678/754
f 768/678/754 769/679/755 765/675/751
f 768/678/754 767/677/753 770/680/747
f 769/679/755 768/678/754 771/681/748
f 771/681/748 768/678/754 772/682/749
f 772/682/749 768/678/754 770/680/747
f 773/669/756 774/667/757 775/668/758
f 774/667/757 773/669/756 776/670/759
f 776/670/759 777/683/760 774/667/757
f 773/669/756 778/672/761 776/670/759
f 778/672/761 779/684/762 776/670/759
f 779/684/762 777/683/760 776/670/759
f 778/672/761 773/669/756 780/674/763
f 781/675/764 782/676/765 783/677/766
f 783/677/766 784/678/767 781/675/764
f 784/678/767 783/677/766 785/685/768
f 786/681/769 781/675/764 784/678/767
f 786/681/769 784/678/767 787/686/770
f 787/686/770 784/678/767 785/685/768
f 781/675/764 786/681/769 788/679/771
f 789/672/772 790/669/773 791/674/774
f 790/669/773 789/672/772 792/670/775
f 789/672/772 793/687/776 792/670/775
f 792/670/775 794/668/777 790/669/773
f 794/668/777 792/670/775 795/667/778
f 793/687/776 796/688/779 792/670/775
f 792/670/775 796/688/779 795/667/778
f 797/675/780 798/676/781 799/677/782
f 800/678/783 797/675/780 799/677/782
f 800/678/783 799/677/782 801/689/784
f 802/681/785 797/675/780 800/678/783
f 802/681/785 800/678/783 803/690/786
f 803/690/786 800/678/783 801/689/784
f 797/675/780 802/681/785 804/679/787
f 805/669/788 806/667/789 807/668/790
f 805/669/788 808/670/791 806/667/789
f 808/670/791 809/671/792 806/667/789
f 808/670/791 805/669/788 810/672/793
f 810/672/793 811/673/794 808/670/791
f 811/673/794 809/671/792 808/670/791
f 805/669/788 812/674/795 810/672/793
f 813/677/796 814/675/797 815/676/798
f 814/675/797 813/677/796 816/678/799
f 816/678/799 813/677/796 817/680/792
f 814/675/797 816/678/799 818/681/800
f 818/681/800 816/678/799 819/682/801
f 819/682/801 816/678/799 817/680/792
f 818/681/800 820/679/795 814/675/797
f 821/667/802 822/668/803 823/669/804
f 823/669/804 824/670/805 821/667/802
f 824/670/805 825/688/806 821/667/802
f 823/669/804 826/672/807 824/670/805
f 826/672/807 827/684/808 824/670/805
f 827/684/808 825/688/806 824/670/805
f 823/669/804 828/674/809 826/672/807
f 829/675/810 830/676/803 831/677/811
f 639/549/627 633/543/621 637/547/625
f 638/548/626 269/269/266 635/545/623
f 634/544/622 832/691/812 635/545/623
f 832/691/812 638/548/626 635/545/623
f 638/548/626 832/691/812 636/546/624
f 259/259/256 269/269/266 638/548/626
f 639/549/627 259/259/256 638/548/626
f 226/226/223 637/547/625 224/224/221
f 226/226/223 639/549/627 637/547/625
f 246/246/243 259/259/256 639/549/627
f 234/234/231 639/549/627 226/226/223
f 246/246/243 639/549/627 234/234/231
f 326/322/323 317/313/314 833/692/813
f 326/322/323 833/692/813 834/693/814
f 835/694/815 326/322/323 834/693/814
f 331/324/328 326/322/323 835/694/815
f 834/693/814 836/695/816 835/694/815
f 837/696/817 331/324/328 835/694/815
f 838/697/818 835/694/815 836/695/816
f 837/696/817 835/694/815 838/697/818
f 836/695/816 839/698/819 838/697/818
f 840/699/820 837/696/817 838/697/818
f 841/700/821 838/697/818 839/698/819
f 838/697/818 841/700/821 840/699/820
f 837/696/817 842/701/822 331/324/328
f 842/701/822 837/696/817 843/702/823
f 840/699/820 843/702/823 837/696/817
f 331/324/328 842/701/822 330/323/327
f 839/698/819 844/703/824 841/700/821
f 843/702/823 840/699/820 845/704/825
f 845/704/825 840/699/820 846/705/826
f 846/705/826 840/699/820 841/700/821
f 841/700/821 844/703/824 847/706/827
f 841/700/821 847/706/827 846/705/826
f 848/707/828 843/702/823 845/704/825
f 849/708/829 842/701/822 843/702/823
f 843/702/823 848/707/828 849/708/829
f 842/701/822 849/708/829 850/709/830
f 842/701/822 850/709/830 851/710/831
f 851/710/831 330/323/327 842/701/822
f 321/317/318 330/323/327 851/710/831
f 852/711/832 845/704/825 846/705/826
f 845/704/825 853/712/833 848/707/828
f 853/712/833 845/704/825 852/711/832
f 852/711/832 846/705/826 854/713/834
f 854/713/834 846/705/826 847/706/827
f 847/706/827 855/714/835 854/713/834
f 847/706/827 856/715/836 855/714/835
f 856/715/836 847/706/827 844/703/824
f 855/714/835 852/711/832 854/713/834
f 855/714/835 853/712/833 852/711/832
f 848/707/828 853/712/833 857/716/837
f 849/708/829 848/707/828 858/717/838
f 857/716/837 858/717/838 848/707/828
f 858/717/838 859/718/839 849/708/829
f 849/708/829 859/718/839 850/709/830
f 859/718/839 860/719/840 850/709/830
f 850/709/830 860/719/840 851/710/831
f 861/720/841 321/317/318 851/710/831
f 860/719/840 861/720/841 851/710/831
f 856/715/836 862/721/842 855/714/835
f 853/712/833 855/714/835 862/721/842
f 853/712/833 862/721/842 863/722/843
f 853/712/833 863/722/843 857/716/837
f 332/325/329 321/317/318 861/720/841
f 863/722/843 864/723/844 857/716/837
f 864/723/844 858/717/838 857/716/837
f 859/718/839 858/717/838 865/724/845
f 858/717/838 864/723/844 866/725/846
f 865/724/845 858/717/838 866/725/846
f 864/723/844 863/722/843 867/726/847
f 862/721/842 867/726/847 863/722/843
f 868/727/848 867/726/847 862/721/842
f 862/721/842 856/715/836 868/727/848
f 859/718/839 869/728/849 860/719/840
f 869/728/849 859/718/839 870/729/850
f 870/729/850 859/718/839 865/724/845
f 871/730/851 861/720/841 860/719/840
f 860/719/840 869/728/849 872/731/852
f 860/719/840 872/731/852 871/730/851
f 332/325/329 861/720/841 510/500/498
f 861/720/841 871/730/851 510/500/498
f 867/726/847 873/732/853 864/723/844
f 866/725/846 864/723/844 873/732/853
f 865/724/845 866/725/846 874/733/854
f 866/725/846 873/732/853 874/733/854
f 875/734/855 873/732/853 867/726/847
f 875/734/855 867/726/847 868/727/848
f 872/731/852 869/728/849 876/735/856
f 870/729/850 876/735/856 869/728/849
f 865/724/845 877/736/857 870/729/850
f 876/735/856 870/729/850 877/736/857
f 878/737/858 872/731/852 876/735/856
f 878/737/858 871/730/851 872/731/852
f 875/734/855 868/727/848 856/715/836
f 511/501/499 510/500/498 871/730/851
f 871/730/851 878/737/858 879/738/859
f 511/501/499 871/730/851 879/738/859
f 880/739/860 878/737/858 876/735/856
f 877/736/857 880/739/860 876/735/856
f 878/737/858 880/739/860 881/740/861
f 879/738/859 878/737/858 881/740/861
f 882/741/862 875/734/855 856/715/836
f 844/703/824 882/741/862 856/715/836
f 865/724/845 874/733/854 883/742/863
f 877/736/857 865/724/845 883/742/863
f 511/501/499 879/738/859 884/730/864
f 885/737/865 884/730/864 879/738/859
f 879/738/859 881/740/861 885/737/865
f 886/500/866 511/501/499 884/730/864
f 886/500/866 887/329/867 511/501/499
f 511/501/499 887/329/867 509/499/497
f 881/740/861 880/739/860 885/737/865
f 885/737/865 880/739/860 888/735/868
f 885/737/865 888/735/868 889/731/869
f 884/730/864 885/737/865 889/731/869
f 884/730/864 890/720/870 886/500/866
f 890/720/870 884/730/864 891/719/871
f 889/731/869 891/719/871 884/730/864
f 892/325/872 887/329/867 886/500/866
f 886/500/866 890/720/870 892/325/872
f 893/728/873 889/731/869 888/735/868
f 891/719/871 889/731/869 893/728/873
f 894/328/874 509/499/497 887/329/867
f 895/320/875 887/329/867 892/325/872
f 887/329/867 895/320/875 894/328/874
f 509/499/497 894/328/874 508/498/496
f 877/736/857 888/735/868 880/739/860
f 896/729/876 888/735/868 877/736/857
f 888/735/868 896/729/876 893/728/873
f 893/728/873 897/718/877 891/719/871
f 897/718/877 893/728/873 896/729/876
f 898/317/878 892/325/872 890/720/870
f 891/719/871 899/710/879 890/720/870
f 898/317/878 890/720/870 899/710/879
f 900/709/880 891/719/871 897/718/877
f 899/710/879 891/719/871 900/709/880
f 901/318/881 895/320/875 892/325/872
f 901/318/881 892/325/872 898/317/878
f 896/729/876 902/724/882 897/718/877
f 877/736/857 902/724/882 896/729/876
f 895/320/875 903/327/883 894/328/874
f 894/328/874 904/497/884 508/498/496
f 894/328/874 903/327/883 904/497/884
f 895/320/875 905/319/885 903/327/883
f 906/311/886 895/320/875 901/318/881
f 906/311/886 905/319/885 895/320/875
f 508/498/496 904/497/884 518/505/506
f 902/724/882 877/736/857 883/742/863
f 907/309/887 901/318/881 898/317/878
f 907/309/887 906/311/886 901/318/881
f 908/323/888 898/317/878 899/710/879
f 909/316/889 898/317/878 908/323/888
f 898/317/878 909/316/889 907/309/887
f 908/323/888 899/710/879 910/701/890
f 910/701/890 899/710/879 900/709/880
f 903/327/883 911/496/891 904/497/884
f 903/327/883 912/326/892 911/496/891
f 905/319/885 912/326/892 903/327/883
f 904/497/884 913/504/893 518/505/506
f 904/497/884 911/496/891 913/504/893
f 914/312/894 905/319/885 906/311/886
f 905/319/885 915/321/895 912/326/892
f 914/312/894 915/321/895 905/319/885
f 916/305/896 914/312/894 906/311/886
f 917/301/897 916/305/896 906/311/886
f 917/301/897 906/311/886 907/309/887
f 518/505/506 913/504/893 522/509/510
f 918/299/898 917/301/897 907/309/887
f 919/310/899 907/309/887 909/316/889
f 918/299/898 907/309/887 919/310/899
f 919/310/899 909/316/889 920/315/900
f 908/323/888 920/315/900 909/316/889
f 921/502/901 913/504/893 911/496/891
f 922/495/902 911/496/891 912/326/892
f 911/496/891 922/495/902 921/502/901
f 912/326/892 63/63/63 922/495/902
f 63/63/63 912/326/892 915/321/895
f 923/506/903 522/509/510 913/504/893
f 913/504/893 921/502/901 923/506/903
f 914/312/894 68/68/68 915/321/895
f 68/68/68 63/63/63 915/321/895
f 916/305/896 924/306/904 914/312/894
f 924/306/904 68/68/68 914/312/894
f 925/297/905 924/306/904 916/305/896
f 926/296/906 925/297/905 916/305/896
f 926/296/906 916/305/896 917/301/897
f 927/295/907 926/296/906 917/301/897
f 927/295/907 917/301/897 918/299/898
f 522/509/510 923/506/903 528/511/516
f 928/307/908 918/299/898 919/310/899
f 919/310/899 929/314/909 928/307/908
f 920/315/900 929/314/909 919/310/899
f 930/507/910 923/506/903 921/502/901
f 931/503/911 921/502/901 922/495/902
f 921/502/901 931/503/911 930/507/910
f 922/495/902 64/64/64 931/503/911
f 64/64/64 922/495/902 63/63/63
f 529/512/517 528/511/516 923/506/903
f 923/506/903 930/507/910 529/512/517
f 925/297/905 932/303/912 924/306/904
f 924/306/904 67/67/67 68/68/68
f 932/303/912 67/67/67 924/306/904
f 933/291/913 932/303/912 925/297/905
f 934/290/914 933/291/913 925/297/905
f 934/290/914 925/297/905 926/296/906
f 935/289/915 934/290/914 926/296/906
f 935/289/915 926/296/906 927/295/907
f 930/507/910 530/513/518 529/512/517
f 936/508/916 930/507/910 931/503/911
f 930/507/910 936/508/916 530/513/518
f 931/503/911 65/65/65 936/508/916
f 65/65/65 931/503/911 64/64/64
f 933/291/913 937/302/917 932/303/912
f 932/303/912 85/85/85 67/67/67
f 937/302/917 85/85/85 932/303/912
f 938/292/918 937/302/917 933/291/913
f 939/286/919 938/292/918 933/291/913
f 939/286/919 933/291/913 934/290/914
f 940/284/920 939/286/919 934/290/914
f 940/284/920 934/290/914 935/289/915
f 936/508/916 531/514/519 530/513/518
f 65/65/65 941/510/921 936/508/916
f 936/508/916 941/510/921 531/514/519
f 938/292/918 942/304/922 937/302/917
f 937/302/917 88/88/88 85/85/85
f 942/304/922 88/88/88 937/302/917
f 943/294/923 942/304/922 938/292/918
f 944/285/924 943/294/923 938/292/918
f 944/285/924 938/292/918 939/286/919
f 945/278/925 944/285/924 939/286/919
f 945/278/925 939/286/919 940/284/920
f 941/510/921 536/516/524 531/514/519
f 65/65/65 74/74/74 941/510/921
f 74/74/74 946/515/926 941/510/921
f 941/510/921 946/515/926 536/516/524
f 943/294/923 947/525/927 942/304/922
f 942/304/922 90/90/90 88/88/88
f 90/90/90 942/304/922 947/525/927
f 947/525/927 943/294/923 948/529/928
f 949/293/929 948/529/928 943/294/923
f 949/293/929 943/294/923 944/285/924
f 950/279/930 949/293/929 944/285/924
f 950/279/930 944/285/924 945/278/925
f 83/83/83 946/515/926 74/74/74
f 951/524/931 947/525/927 948/529/928
f 947/525/927 951/524/931 952/520/932
f 95/95/95 947/525/927 952/520/932
f 90/90/90 947/525/927 95/95/95
f 953/532/933 948/529/928 949/293/929
f 954/530/934 951/524/931 948/529/928
f 948/529/928 953/532/933 954/530/934
f 949/293/929 955/533/935 953/532/933
f 955/533/935 949/293/929 956/535/936
f 956/535/936 949/293/929 950/279/930
f 955/533/935 954/530/934 953/532/933
f 957/678/937 829/675/810 831/677/811
f 957/678/937 831/677/811 958/685/938
f 959/681/939 829/675/810 957/678/937
f 959/681/939 957/678/937 960/690/940
f 960/690/940 957/678/937 958/685/938
f 829/675/810 959/681/939 961/679/941
f 962/670/942 963/743/943 964/667/944
f 965/672/945 963/743/943 962/670/942
f 966/678/946 967/677/944 968/744/947
f 969/681/948 966/678/946 968/744/947
f 970/670/949 971/745/950 972/667/951
f 973/672/952 971/745/950 970/670/949
f 974/678/953 975/677/951 976/744/954
f 977/681/952 974/678/953 976/744/954
f 978/669/955 979/667/956 980/668/957
f 978/669/955 981/670/958 979/667/956
f 981/670/958 982/671/959 979/667/956
f 981/670/958 978/669/955 983/672/960
f 983/672/960 984/673/961 981/670/958
f 984/673/961 982/671/959 981/670/958
f 978/669/955 985/674/962 983/672/960
f 986/677/963 987/675/964 988/676/965
f 989/678/966 987/675/964 986/677/963
f 989/678/966 986/677/963 990/680/967
f 987/675/964 989/678/966 991/681/968
f 991/681/968 989/678/966 992/682/969
f 992/682/969 989/678/966 990/680/967
f 991/681/968 993/679/970 987/675/964
f 994/670/971 995/671/972 996/667/973
f 997/673/974 995/671/972 994/670/971
f 998/672/975 997/673/974 994/670/971
f 999/678/976 1000/677/977 1001/680/978
f 1002/682/974 999/678/976 1001/680/978
f 1003/681/975 999/678/976 1002/682/974
f 1004/670/979 1005/671/980 1006/667/981
f 1007/673/982 1005/671/980 1004/670/979
f 1008/672/983 1007/673/982 1004/670/979
f 1009/678/984 1010/677/985 1011/680/986
f 1012/682/982 1009/678/984 1011/680/986
f 1013/681/987 1009/678/984 1012/682/982
f 1014/668/988 1015/669/989 1016/667/990
f 1016/667/990 1015/669/989 1017/670/991
f 1017/670/991 1018/671/992 1016/667/990
f 1017/670/991 1015/669/989 1019/672/993
f 1019/672/993 1020/673/994 1017/670/991
f 1020/673/994 1018/671/992 1017/670/991
f 1019/672/993 1015/669/989 1021/674/995
f 1022/677/996 1023/675/997 1024/676/998
f 1023/675/997 1022/677/996 1025/678/999
f 1025/678/999 1022/677/996 1026/680/992
f 1023/675/997 1025/678/999 1027/681/1000
f 1027/681/1000 1025/678/999 1028/682/994
f 1028/682/994 1025/678/999 1026/680/992
f 1029/679/995 1023/675/997 1027/681/1000
f 1030/670/1001 1031/671/1002 1032/667/1003
f 1033/673/1004 1031/671/1002 1030/670/1001
f 1034/672/1005 1033/673/1004 1030/670/1001
f 1035/678/1006 1036/677/1007 1037/680/1002
f 1038/682/1008 1035/678/1006 1037/680/1002
f 1039/681/1009 1035/678/1006 1038/682/1008
f 1040/670/1010 1041/671/1011 1042/667/1012
f 1043/673/1013 1041/671/1011 1040/670/1010
f 1044/672/1014 1043/673/1013 1040/670/1010
f 1045/678/1015 1046/677/1016 1047/680/1017
f 1048/682/1018 1045/678/1015 1047/680/1017
f 1049/681/1019 1045/678/1015 1048/682/1018
f 1050/669/1020 1051/667/1021 1052/668/1022
f 1050/669/1020 1053/670/1023 1051/667/1021
f 1053/670/1023 1054/671/1024 1051/667/1021
f 1050/669/1020 1055/672/1025 1053/670/1023
f 1055/672/1025 1056/673/1026 1053/670/1023
f 1056/673/1026 1054/671/1024 1053/670/1023
f 1055/672/1025 1050/669/1020 1057/674/1027
f 1058/676/1022 1059/677/1028 1060/675/1029
f 1061/678/1030 1060/675/1029 1059/677/1028
f 1061/678/1030 1059/677/1028 1062/680/1031
f 1061/678/1030 1063/679/1027 1060/675/1029
f 1063/679/1027 1061/678/1030 1064/681/1032
f 1064/681/1032 1061/678/1030 1065/682/1033
f 1065/682/1033 1061/678/1030 1062/680/1031
f 1066/670/1034 1067/671/1035 1068/667/1036
f 1069/673/1037 1067/671/1035 1066/670/1034
f 1070/672/1038 1069/673/1037 1066/670/1034
f 1071/678/1039 1072/677/1036 1073/680/1040
f 1074/682/1037 1071/678/1039 1073/680/1040
f 1075/681/1038 1071/678/1039 1074/682/1037
f 1076/669/1041 1077/668/1042 1078/667/1043
f 1076/669/1041 1078/667/1043 1079/670/1044
f 1079/670/1044 1078/667/1043 1080/671/1045
f 1081/672/1046 1076/669/1041 1079/670/1044
f 1081/672/1046 1079/670/1044 1082/673/1047
f 1082/673/1047 1079/670/1044 1080/671/1045
f 1076/669/1041 1081/672/1046 1083/674/1048
f 1084/677/1049 1085/676/1050 1086/675/1051
f 1084/677/1049 1086/675/1051 1087/678/1052
f 1087/678/1052 1088/680/1053 1084/677/1049
f 1089/679/1048 1087/678/1052 1086/675/1051
f 1087/678/1052 1089/679/1048 1090/681/1054
f 1090/681/1054 1091/682/1047 1087/678/1052
f 1091/682/1047 1088/680/1053 1087/678/1052
f 1092/667/1055 1093/669/1056 1094/668/1057
f 1093/669/1056 1092/667/1055 1095/670/1058
f 1095/670/1058 1092/667/1055 1096/683/1059
f 1093/669/1056 1095/670/1058 1097/672/1060
f 1097/672/1060 1095/670/1058 1098/684/1061
f 1098/684/1061 1095/670/1058 1096/683/1059
f 1097/672/1060 1099/674/1062 1093/669/1056
f 1100/677/1063 1101/676/1057 1102/675/1064
f 1103/678/1065 1100/677/1063 1102/675/1064
f 1103/678/1065 1104/685/1066 1100/677/1063
f 1103/678/1065 1102/675/1064 1105/681/1067
f 1105/681/1067 1106/686/1068 1103/678/1065
f 1106/686/1068 1104/685/1066 1103/678/1065
f 1102/675/1064 1107/679/1069 1105/681/1067
f 1108/669/1070 1109/672/1071 1110/674/1072
f 1109/672/1071 1108/669/1070 1111/670/1073
f 1112/668/1074 1111/670/1073 1108/669/1070
f 1109/672/1071 1111/670/1073 1113/687/1075
f 1111/670/1073 1112/668/1074 1114/667/1076
f 1113/687/1075 1111/670/1073 1115/688/1077
f 1111/670/1073 1114/667/1076 1115/688/1077
f 1116/677/1078 1117/676/1079 1118/675/1080
f 1118/675/1080 1119/678/1081 1116/677/1078
f 1119/678/1081 1120/689/1082 1116/677/1078
f 1119/678/1081 1118/675/1080 1121/681/1083
f 1121/681/1083 1122/690/1084 1119/678/1081
f 1122/690/1084 1120/689/1082 1119/678/1081
f 1118/675/1080 1123/679/1072 1121/681/1083
f 1124/668/1085 1125/667/1086 1126/669/1087
f 1127/670/1088 1126/669/1087 1125/667/1086
f 1127/670/1088 1125/667/1086 1128/671/1089
f 1129/672/1090 1126/669/1087 1127/670/1088
f 1129/672/1090 1127/670/1088 1130/673/1091
f 1130/673/1091 1127/670/1088 1128/671/1089
f 1126/669/1087 1129/672/1090 1131/674/1092
f 1132/675/1093 1133/677/1086 1134/676/1094
f 1133/677/1086 1132/675/1093 1135/678/1095
f 1135/678/1095 1136/680/1096 1133/677/1086
f 1132/675/1093 1137/681/1097 1135/678/1095
f 1137/681/1097 1138/682/1098 1135/678/1095
f 1138/682/1098 1136/680/1096 1135/678/1095
f 1137/681/1097 1132/675/1093 1139/679/1099
f 1140/669/1100 1141/668/1101 1142/667/1102
f 1143/670/1103 1140/669/1100 1142/667/1102
f 1143/670/1103 1142/667/1102 1144/688/1104
f 1145/672/1105 1140/669/1100 1143/670/1103
f 1145/672/1105 1143/670/1103 1146/684/1106
f 1146/684/1106 1143/670/1103 1144/688/1104
f 1140/669/1100 1145/672/1105 1147/674/1107
f 1148/677/1108 1149/676/1109 1150/675/1110
f 1150/675/1110 1151/678/1111 1148/677/1108
f 1151/678/1111 1152/685/1112 1148/677/1108
f 1150/675/1110 1153/681/1105 1151/678/1111
f 1153/681/1105 1154/690/1113 1151/678/1111
f 1154/690/1113 1152/685/1112 1151/678/1111
f 1150/675/1110 1155/679/1114 1153/681/1105
f 1156/670/1115 1157/667/1116 1158/745/1117
f 1159/672/1118 1156/670/1115 1158/745/1117
f 1160/678/1119 1161/744/1120 1162/677/1121
f 1163/681/1118 1161/744/1120 1160/678/1119
f 1164/668/1122 1165/667/1123 1166/669/1124
f 1167/670/1125 1166/669/1124 1165/667/1123
f 1167/670/1125 1165/667/1123 1168/671/1126
f 1169/672/1127 1166/669/1124 1167/670/1125
f 1169/672/1127 1167/670/1125 1170/673/1128
f 1170/673/1128 1167/670/1125 1168/671/1126
f 1166/669/1124 1169/672/1127 1171/674/1129
f 1172/675/1130 1173/677/1131 1174/676/1132
f 1172/675/1130 1175/678/1133 1173/677/1131
f 1175/678/1133 1176/680/1134 1173/677/1131
f 1172/675/1130 1177/681/1135 1175/678/1133
f 1177/681/1135 1178/682/1136 1175/678/1133
f 1178/682/1136 1176/680/1134 1175/678/1133
f 1177/681/1135 1172/675/1130 1179/679/1137
f 1180/670/1138 1181/667/1139 1182/671/1140
f 1183/673/1141 1180/670/1138 1182/671/1140
f 1184/672/1142 1180/670/1138 1183/673/1141
f 1185/678/1143 1186/680/1144 1187/677/1145
f 1188/682/1146 1186/680/1144 1185/678/1143
f 1189/681/1147 1188/682/1146 1185/678/1143
f 1190/670/1148 1191/667/1149 1192/671/1150
f 1193/673/1151 1190/670/1148 1192/671/1150
f 1194/672/1152 1190/670/1148 1193/673/1151
f 1195/678/1153 1196/680/1150 1197/677/1154
f 1198/682/1155 1196/680/1150 1195/678/1153
f 1199/681/1152 1198/682/1155 1195/678/1153
f 1200/667/1156 1201/669/1157 1202/668/1158
f 1201/669/1157 1200/667/1156 1203/670/1159
f 1203/670/1159 1200/667/1156 1204/671/1160
f 1201/669/1157 1203/670/1159 1205/672/1161
f 1205/672/1161 1203/670/1159 1206/673/1162
f 1206/673/1162 1203/670/1159 1204/671/1160
f 1207/674/1163 1201/669/1157 1205/672/1161
f 1208/676/1164 1209/675/1165 1210/677/1166
f 1210/677/1166 1209/675/1165 1211/678/1167
f 1211/678/1167 1212/680/1168 1210/677/1166
f 1209/675/1165 1213/681/1169 1211/678/1167
f 1213/681/1169 1214/682/1170 1211/678/1167
f 1214/682/1170 1212/680/1168 1211/678/1167
f 1215/679/1163 1213/681/1169 1209/675/1165
f 1216/670/1171 1217/667/1172 1218/671/1173
f 1219/673/1174 1216/670/1171 1218/671/1173
f 1220/672/1175 1216/670/1171 1219/673/1174
f 1221/678/1176 1222/680/1177 1223/677/1178
f 1224/682/1179 1222/680/1177 1221/678/1176
f 1225/681/1175 1224/682/1179 1221/678/1176
f 1226/670/1180 1227/667/1181 1228/671/1182
f 1229/673/1183 1226/670/1180 1228/671/1182
f 1230/672/1184 1226/670/1180 1229/673/1183
f 1231/678/1185 1232/680/1186 1233/677/1181
f 1234/682/1187 1232/680/1186 1231/678/1185
f 1235/681/1188 1234/682/1187 1231/678/1185
f 1236/527/1189 951/524/931 954/530/934
f 952/520/932 951/524/931 1237/523/1190
f 951/524/931 1236/527/1189 1237/523/1190
f 1237/523/1190 1238/521/1191 952/520/932
f 104/104/104 952/520/932 1238/521/1191
f 952/520/932 104/104/104 95/95/95
f 954/530/934 955/533/935 1239/534/1192
f 954/530/934 1240/531/1193 1236/527/1189
f 1240/531/1193 954/530/934 1239/534/1192
f 956/535/936 1241/536/1194 955/533/935
f 1242/537/1195 1239/534/1192 955/533/935
f 955/533/935 1241/536/1194 1242/537/1195
f 1236/527/1189 1240/531/1193 248/248/245
f 1237/523/1190 1236/527/1189 618/528/606
f 248/248/245 618/528/606 1236/527/1189
f 1243/243/1196 1240/531/1193 1239/534/1192
f 1243/243/1196 248/248/245 1240/531/1193
f 1237/523/1190 610/522/598 1238/521/1191
f 616/526/604 610/522/598 1237/523/1190
f 618/528/606 616/526/604 1237/523/1190
f 1238/521/1191 610/522/598 110/110/110
f 1238/521/1191 110/110/110 104/104/104
f 1239/534/1192 1244/538/1197 1243/243/1196
f 1245/539/1198 1239/534/1192 1242/537/1195
f 1245/539/1198 1244/538/1197 1239/534/1192
f 248/248/245 1243/243/1196 242/242/239
f 1246/237/1199 1243/243/1196 1244/538/1197
f 1243/243/1196 1246/237/1199 1247/236/1200
f 1247/236/1200 242/242/239 1243/243/1196
f 1245/539/1198 1248/542/1201 1244/538/1197
f 1249/543/1202 1246/237/1199 1244/538/1197
f 1249/543/1202 1244/538/1197 1248/542/1201
f 235/235/232 242/242/239 1247/236/1200
f 1250/225/1203 1247/236/1200 1246/237/1199
f 1251/223/1204 1247/236/1200 1250/225/1203
f 1251/223/1204 235/235/232 1247/236/1200
f 1250/225/1203 1246/237/1199 1252/224/1205
f 1246/237/1199 1249/543/1202 1253/547/1206
f 1252/224/1205 1246/237/1199 1253/547/1206
f 1254/213/1207 1251/223/1204 1250/225/1203
f 1252/224/1205 1254/213/1207 1250/225/1203
f 1249/543/1202 1248/542/1201 1255/546/1208
f 1256/548/1209 1249/543/1202 1255/546/1208
f 1257/549/1210 1249/543/1202 1256/548/1209
f 1253/547/1206 1249/543/1202 1257/549/1210
f 1258/226/1211 1252/224/1205 1253/547/1206
f 1258/226/1211 1253/547/1206 1257/549/1210
f 222/222/219 235/235/232 1251/223/1204
f 1259/212/1212 222/222/219 1251/223/1204
f 1259/212/1212 1251/223/1204 1254/213/1207
f 1260/216/1213 1252/224/1205 1258/226/1211
f 1252/224/1205 1261/217/1214 1254/213/1207
f 1252/224/1205 1260/216/1213 1261/217/1214
f 1254/213/1207 1261/217/1214 1262/207/1215
f 1263/208/1216 1254/213/1207 1262/207/1215
f 1259/212/1212 1254/213/1207 1263/208/1216
f 1262/207/1215 1261/217/1214 1260/216/1213
f 1264/691/1217 1256/548/1209 1255/546/1208
f 1260/216/1213 1258/226/1211 1265/221/1218
f 1266/234/1219 1258/226/1211 1257/549/1210
f 1265/221/1218 1258/226/1211 1266/234/1219
f 1265/221/1218 1267/209/1220 1260/216/1213
f 1260/216/1213 1267/209/1220 1262/207/1215
f 1266/234/1219 1257/549/1210 1268/246/1221
f 1257/549/1210 1256/548/1209 1269/259/1222
f 1269/259/1222 1268/246/1221 1257/549/1210
f 222/222/219 1259/212/1212 211/211/208
f 1270/201/1223 211/211/208 1259/212/1212
f 1263/208/1216 1270/201/1223 1259/212/1212
f 1271/200/1224 1263/208/1216 1262/207/1215
f 1270/201/1223 1263/208/1216 1271/200/1224
f 1262/207/1215 1272/205/1225 1271/200/1224
f 1262/207/1215 1267/209/1220 1272/205/1225
f 1265/221/1218 1266/234/1219 1273/233/1226
f 1273/233/1226 1266/234/1219 1268/246/1221
f 1267/209/1220 1265/221/1218 1274/220/1227
f 1275/232/1228 1265/221/1218 1273/233/1226
f 1274/220/1227 1265/221/1218 1275/232/1228
f 1273/233/1226 1268/246/1221 1276/245/1229
f 1268/246/1221 1269/259/1222 1277/251/1230
f 1276/245/1229 1268/246/1221 1277/251/1230
f 1275/232/1228 1273/233/1226 1278/244/1231
f 1278/244/1231 1273/233/1226 1276/245/1229
f 211/211/208 1270/201/1223 202/202/199
f 1270/201/1223 1271/200/1224 1279/192/1232
f 1280/193/1233 1270/201/1223 1279/192/1232
f 202/202/199 1270/201/1223 1280/193/1233
f 1281/198/1234 1279/192/1232 1271/200/1224
f 1281/198/1234 1271/200/1224 1272/205/1225
f 1278/244/1231 1276/245/1229 1282/249/1235
f 1276/245/1229 1277/251/1230 1283/250/1236
f 1282/249/1235 1276/245/1229 1283/250/1236
f 1284/746/1237 1275/232/1228 1278/244/1231
f 1285/254/1238 1278/244/1231 1282/249/1235
f 1284/746/1237 1278/244/1231 1285/254/1238
f 1275/232/1228 1286/231/1239 1274/220/1227
f 1286/231/1239 1275/232/1228 1287/747/1240
f 1275/232/1228 1284/746/1237 1287/747/1240
f 1280/193/1233 194/194/191 202/202/199
f 1288/186/1241 1280/193/1233 1279/192/1232
f 1280/193/1233 1288/186/1241 1289/187/1242
f 1289/187/1242 194/194/191 1280/193/1233
f 1279/192/1232 1281/198/1234 1290/196/1243
f 1291/189/1244 1279/192/1232 1290/196/1243
f 1279/192/1232 1291/189/1244 1288/186/1241
f 1285/254/1238 1282/249/1235 1292/256/1245
f 1293/255/1246 1282/249/1235 1283/250/1236
f 1282/249/1235 1293/255/1246 1292/256/1245
f 1294/748/1247 1286/231/1239 1287/747/1240
f 1294/748/1247 1287/747/1240 1284/746/1237
f 1284/746/1237 1295/749/1248 1294/748/1247
f 1295/749/1248 1284/746/1237 1285/254/1238
f 1285/254/1238 1296/750/1249 1295/749/1248
f 1285/254/1238 1292/256/1245 1297/264/1250
f 1296/750/1249 1285/254/1238 1297/264/1250
f 1293/255/1246 1298/263/1251 1292/256/1245
f 1298/263/1251 1297/264/1250 1292/256/1245
f 194/194/191 1289/187/1242 188/188/185
f 1299/184/1252 1288/186/1241 1291/189/1244
f 1288/186/1241 1299/184/1252 1300/180/1253
f 1300/180/1253 1289/187/1242 1288/186/1241
f 1289/187/1242 1300/180/1253 1301/181/1254
f 1301/181/1254 188/188/185 1289/187/1242
f 1296/750/1249 1302/751/1255 1295/749/1248
f 1303/752/1256 1295/749/1248 1302/751/1255
f 1303/752/1256 1294/748/1247 1295/749/1248
f 1302/751/1255 1296/750/1249 1304/753/1257
f 1305/754/1258 1304/753/1257 1296/750/1249
f 1305/754/1258 1296/750/1249 1297/264/1250
f 1306/755/1259 1305/754/1258 1297/264/1250
f 1306/755/1259 1297/264/1250 1307/273/1260
f 1297/264/1250 1298/263/1251 1307/273/1260
f 1308/756/1261 1303/752/1256 1302/751/1255
f 1302/751/1255 1304/753/1257 1308/756/1261
f 188/188/185 1301/181/1254 182/182/179
f 1309/178/1262 1300/180/1253 1299/184/1252
f 1310/176/1263 1300/180/1253 1309/178/1262
f 1310/176/1263 1301/181/1254 1300/180/1253
f 1301/181/1254 1310/176/1263 177/177/174
f 177/177/174 182/182/179 1301/181/1254
f 1304/753/1257 1305/754/1258 1311/757/1264
f 1304/753/1257 1312/758/1265 1308/756/1261
f 1312/758/1265 1304/753/1257 1311/757/1264
f 1305/754/1258 1313/759/1266 1311/757/1264
f 1305/754/1258 1314/760/1267 1313/759/1266
f 1314/760/1267 1305/754/1258 1306/755/1259
f 1312/758/1265 1311/757/1264 1313/759/1266
f 1314/760/1267 1306/755/1259 1315/761/1268
f 1315/761/1268 1306/755/1259 1316/762/1269
f 1316/762/1269 1306/755/1259 1307/273/1260
f 1317/173/1270 1310/176/1263 1309/178/1262
f 1317/173/1270 174/174/171 1310/176/1263
f 177/177/174 1310/176/1263 174/174/171
f 1312/758/1265 1313/759/1266 1318/763/1271
f 1312/758/1265 1319/764/1272 1308/756/1261
f 1318/763/1271 1319/764/1272 1312/758/1265
f 1320/765/1273 1313/759/1266 1314/760/1267
f 1318/763/1271 1313/759/1266 1320/765/1273
f 1314/760/1267 1321/766/1274 1320/765/1273
f 1321/766/1274 1314/760/1267 1315/761/1268
f 1321/766/1274 1315/761/1268 1322/767/1275
f 1322/767/1275 1315/761/1268 1323/768/1276
f 1323/768/1276 1315/761/1268 1316/762/1269
f 1318/763/1271 1320/765/1273 1324/769/1277
f 1320/765/1273 1321/766/1274 1324/769/1277
f 1324/769/1277 1325/770/1278 1318/763/1271
f 1325/770/1278 1319/764/1272 1318/763/1271
f 1321/766/1274 1326/771/1279 1324/769/1277
f 1321/766/1274 1322/767/1275 1326/771/1279
f 1317/173/1270 175/175/172 174/174/171
f 1324/769/1277 1326/771/1279 1327/772/1280
f 1327/772/1280 1325/770/1278 1324/769/1277
f 1326/771/1279 1322/767/1275 1328/773/1281
f 1328/773/1281 1322/767/1275 1329/774/1282
f 1329/774/1282 1322/767/1275 1323/768/1276
f 1330/775/1283 1327/772/1280 1326/771/1279
f 1331/776/1284 1326/771/1279 1328/773/1281
f 1330/775/1283 1326/771/1279 1331/776/1284
f 1325/770/1278 1327/772/1280 1332/777/1285
f 1330/775/1283 1332/777/1285 1327/772/1280
f 1331/776/1284 1328/773/1281 1333/778/1286
f 1333/778/1286 1328/773/1281 1334/779/1287
f 1334/779/1287 1328/773/1281 1329/774/1282
f 1334/779/1287 1329/774/1282 1335/780/1288
f 1329/774/1282 1323/768/1276 1336/781/1289
f 1335/780/1288 1329/774/1282 1336/781/1289
f 1337/782/1290 1331/776/1284 1333/778/1286
f 1337/782/1290 1333/778/1286 1338/783/1291
f 1338/783/1291 1333/778/1286 1334/779/1287
f 1338/783/1291 1334/779/1287 1339/784/1292
f 1339/784/1292 1334/779/1287 1335/780/1288
f 1332/777/1285 1330/775/1283 1340/785/1293
f 1341/786/1294 1340/785/1293 1330/775/1283
f 1342/787/1295 1341/786/1294 1330/775/1283
f 1342/787/1295 1330/775/1283 1331/776/1284
f 1331/776/1284 1343/788/1296 1342/787/1295
f 1331/776/1284 1337/782/1290 1344/789/1297
f 1343/788/1296 1331/776/1284 1344/789/1297
f 1345/790/1298 1341/786/1294 1342/787/1295
f 1345/790/1298 1342/787/1295 1343/788/1296
f 1346/791/1299 1338/783/1291 1339/784/1292
f 1347/792/1300 1338/783/1291 1346/791/1299
f 1338/783/1291 1347/792/1300 1337/782/1290
f 1348/793/1301 1344/789/1297 1337/782/1290
f 1349/794/1302 1337/782/1290 1347/792/1300
f 1348/793/1301 1337/782/1290 1349/794/1302
f 1340/785/1293 1341/786/1294 1350/795/1303
f 1341/786/1294 1345/790/1298 1351/796/1304
f 1351/796/1304 1350/795/1303 1341/786/1294
f 1352/797/1305 1349/794/1302 1347/792/1300
f 1352/797/1305 1347/792/1300 1346/791/1299
f 1353/798/1306 1343/788/1296 1344/789/1297
f 1354/799/1307 1343/788/1296 1353/798/1306
f 1354/799/1307 1345/790/1298 1343/788/1296
f 1344/789/1297 1355/800/1308 1353/798/1306
f 1344/789/1297 1348/793/1301 1355/800/1308
f 1345/790/1298 1354/799/1307 1356/801/1309
f 1357/802/1310 1351/796/1304 1345/790/1298
f 1345/790/1298 1356/801/1309 1357/802/1310
f 1348/793/1301 1358/803/1311 1355/800/1308
f 1358/803/1311 1348/793/1301 1359/804/1312
f 1349/794/1302 1359/804/1312 1348/793/1301
f 1358/803/1311 1353/798/1306 1355/800/1308
f 1360/805/1313 1354/799/1307 1353/798/1306
f 1353/798/1306 1358/803/1311 1360/805/1313
f 1349/794/1302 1352/797/1305 1361/806/1314
f 1359/804/1312 1349/794/1302 1361/806/1314
f 1354/799/1307 1360/805/1313 1362/807/1315
f 1362/807/1315 1356/801/1309 1354/799/1307
f 1363/808/1316 1350/795/1303 1351/796/1304
f 1364/809/1317 1351/796/1304 1357/802/1310
f 1364/809/1317 1363/808/1316 1351/796/1304
f 1356/801/1309 1364/809/1317 1357/802/1310
f 1356/801/1309 1362/807/1315 1365/810/1318
f 1356/801/1309 1366/811/1319 1364/809/1317
f 1365/810/1318 1366/811/1319 1356/801/1309
f 1366/811/1319 1367/812/1320 1364/809/1317
f 1364/809/1317 1367/812/1320 1368/813/1321
f 1363/808/1316 1364/809/1317 1368/813/1321
f 1367/812/1320 1366/811/1319 1369/814/1322
f 1369/814/1322 261/261/258 1367/812/1320
f 1367/812/1320 1370/252/1323 1368/813/1321
f 1367/812/1320 261/261/258 1370/252/1323
f 1368/813/1321 1371/815/1324 1363/808/1316
f 1368/813/1321 1372/240/1325 1371/815/1324
f 1372/240/1325 1368/813/1321 1370/252/1323
f 1373/816/1326 1363/808/1316 1371/815/1324
f 1373/816/1326 1350/795/1303 1363/808/1316
f 1372/240/1325 1374/817/1327 1371/815/1324
f 1374/817/1327 1373/816/1326 1371/815/1324
f 1370/252/1323 261/261/258 253/253/250
f 1370/252/1323 253/253/250 1375/247/1328
f 1372/240/1325 1370/252/1323 1375/247/1328
f 1376/818/1329 1373/816/1326 1374/817/1327
f 1373/816/1326 1377/819/1330 1350/795/1303
f 1376/818/1329 1377/819/1330 1373/816/1326
f 1378/820/1331 1379/821/1332 1380/822/1333
f 1380/822/1333 1381/823/1334 1378/820/1331
f 1378/820/1331 1382/824/1335 1379/821/1332
f 1383/825/1336 1382/824/1335 1378/820/1331
f 1384/826/1337 1383/825/1336 1378/820/1331
f 1384/826/1337 1378/820/1331 1381/823/1334
f 1382/824/1335 1385/827/1338 1379/821/1332
f 1384/826/1337 1381/823/1334 1386/828/1339
f 1387/829/1340 1385/827/1338 1382/824/1335
f 1388/830/1341 1387/829/1340 1382/824/1335
f 1383/825/1336 1388/830/1341 1382/824/1335
f 1388/830/1341 1383/825/1336 1389/831/1342
f 1383/825/1336 1390/832/1343 1389/831/1342
f 1383/825/1336 1384/826/1337 1390/832/1343
f 1391/833/1344 1384/826/1337 1386/828/1339
f 1384/826/1337 1391/833/1344 1390/832/1343
f 1387/829/1340 1392/834/1345 1385/827/1338
f 1386/828/1339 1393/835/1346 1391/833/1344
f 1387/829/1340 1394/836/1347 1392/834/1345
f 1395/837/1348 1394/836/1347 1387/829/1340
f 1388/830/1341 1395/837/1348 1387/829/1340
f 1388/830/1341 1389/831/1342 1396/838/1349
f 1395/837/1348 1388/830/1341 1396/838/1349
f 1389/831/1342 1397/839/1350 1396/838/1349
f 1397/839/1350 1389/831/1342 1398/840/1351
f 1398/840/1351 1389/831/1342 1390/832/1343
f 1399/841/1352 1390/832/1343 1391/833/1344
f 1399/841/1352 1398/840/1351 1390/832/1343
f 1400/842/1353 1391/833/1344 1393/835/1346
f 1391/833/1344 1400/842/1353 1399/841/1352
f 1401/843/1354 1392/834/1345 1394/836/1347
f 1402/844/1355 1400/842/1353 1393/835/1346
f 1394/836/1347 1403/845/1356 1401/843/1354
f 1395/837/1348 1404/846/1357 1394/836/1347
f 1404/846/1357 1403/845/1356 1394/836/1347
f 1395/837/1348 1396/838/1349 1405/847/1358
f 1404/846/1357 1395/837/1348 1405/847/1358
f 1396/838/1349 1397/839/1350 1406/848/1359
f 1396/838/1349 1406/848/1359 1407/849/1360
f 1407/849/1360 1405/847/1358 1396/838/1349
f 1397/839/1350 1408/850/1361 1406/848/1359
f 1408/850/1361 1397/839/1350 1409/851/1362
f 1398/840/1351 1409/851/1362 1397/839/1350
f 1398/840/1351 1399/841/1352 1410/852/1363
f 1409/851/1362 1398/840/1351 1411/853/1364
f 1411/853/1364 1398/840/1351 1410/852/1363
f 1412/854/1365 1399/841/1352 1400/842/1353
f 1399/841/1352 1412/854/1365 1410/852/1363
f 1400/842/1353 1402/844/1355 1413/855/1366
f 1400/842/1353 1413/855/1366 1412/854/1365
f 1404/846/1357 1405/847/1358 1414/856/1367
f 1405/847/1358 1407/849/1360 1414/856/1367
f 1403/845/1356 1404/846/1357 1415/857/1368
f 1414/856/1367 1415/857/1368 1404/846/1357
f 1408/850/1361 1416/858/1369 1406/848/1359
f 1416/858/1369 1407/849/1360 1406/848/1359
f 1409/851/1362 1417/859/1370 1408/850/1361
f 1411/853/1364 1417/859/1370 1409/851/1362
f 1416/858/1369 1408/850/1361 1418/860/1371
f 1408/850/1361 1417/859/1370 1418/860/1371
f 1419/861/1372 1410/852/1363 1412/854/1365
f 1410/852/1363 1419/861/1372 1411/853/1364
f 1412/854/1365 1413/855/1366 1420/862/1373
f 1412/854/1365 1420/862/1373 1419/861/1372
f 1411/853/1364 1419/861/1372 1421/863/1374
f 1422/864/1375 1411/853/1364 1421/863/1374
f 1417/859/1370 1411/853/1364 1422/864/1375
f 1421/863/1374 1419/861/1372 1420/862/1373
f 1423/865/1376 1418/860/1371 1417/859/1370
f 1417/859/1370 1422/864/1375 1423/865/1376
f 1414/856/1367 1424/866/1377 1415/857/1368
f 1424/866/1377 1414/856/1367 1407/849/1360
f 1407/849/1360 1416/858/1369 1425/867/1378
f 1426/868/1379 1425/867/1378 1416/858/1369
f 1416/858/1369 1418/860/1371 1426/868/1379
f 1407/849/1360 1425/867/1378 1424/866/1377
f 1421/863/1374 1420/862/1373 1427/869/1380
f 1428/870/1381 1421/863/1374 1427/869/1380
f 1421/863/1374 1428/870/1381 1422/864/1375
f 1429/871/1382 1423/865/1376 1422/864/1375
f 1430/872/1383 1422/864/1375 1428/870/1381
f 1429/871/1382 1422/864/1375 1430/872/1383
f 1428/870/1381 1431/873/1384 1430/872/1383
f 1431/873/1384 1428/870/1381 1427/869/1380
f 1432/874/1385 1423/865/1376 1429/871/1382
f 1432/874/1385 1418/860/1371 1423/865/1376
f 1430/872/1383 1433/875/1386 1429/871/1382
f 1432/874/1385 1429/871/1382 1433/875/1386
f 1434/876/1387 1433/875/1386 1430/872/1383
f 1430/872/1383 1431/873/1384 1434/876/1387
f 1426/868/1379 1435/877/1388 1425/867/1378
f 1436/878/1389 1435/877/1388 1426/868/1379
f 1418/860/1371 1436/878/1389 1426/868/1379
f 1436/878/1389 1418/860/1371 1437/879/1390
f 1437/879/1390 1418/860/1371 1432/874/1385
f 1438/880/1391 1433/875/1386 1434/876/1387
f 1432/874/1385 1433/875/1386 1438/880/1391
f 1439/881/1392 1432/874/1385 1438/880/1391
f 1432/874/1385 1439/881/1392 1440/882/1393
f 1440/882/1393 1437/879/1390 1432/874/1385
f 1437/879/1390 1441/883/1394 1436/878/1389
f 1441/883/1394 1437/879/1390 1442/884/1395
f 1442/884/1395 1437/879/1390 1440/882/1393
f 1438/880/1391 1434/876/1387 1443/885/1396
f 1444/886/1397 1438/880/1391 1443/885/1396
f 1438/880/1391 1444/886/1397 1439/881/1392
f 1445/887/1398 1439/881/1392 1444/886/1397
f 1445/887/1398 1440/882/1393 1439/881/1392
f 1446/888/1399 1440/882/1393 1445/887/1398
f 1446/888/1399 1442/884/1395 1440/882/1393
f 1447/889/1400 1436/878/1389 1441/883/1394
f 1436/878/1389 1448/890/1401 1435/877/1388
f 1436/878/1389 1449/891/1402 1448/890/1401
f 1436/878/1389 1447/889/1400 1449/891/1402
f 1441/883/1394 1450/892/1403 1447/889/1400
f 1450/892/1403 1441/883/1394 1451/893/1404
f 1442/884/1395 1451/893/1404 1441/883/1394
f 1451/893/1404 1442/884/1395 1452/894/1405
f 1452/894/1405 1442/884/1395 1446/888/1399
f 1450/892/1403 1453/895/1406 1447/889/1400
f 1449/891/1402 1447/889/1400 1453/895/1406
f 1454/896/1407 1445/887/1398 1444/886/1397
f 1444/886/1397 1455/897/1408 1454/896/1407
f 1444/886/1397 1443/885/1396 1455/897/1408
f 1445/887/1398 1454/896/1407 1456/898/1409
f 1456/898/1409 1446/888/1399 1445/887/1398
f 1456/898/1409 1457/899/1410 1446/888/1399
f 1457/899/1410 1452/894/1405 1446/888/1399
f 1448/890/1401 1449/891/1402 1458/900/1411
f 1459/901/1412 1458/900/1411 1449/891/1402
f 1453/895/1406 1459/901/1412 1449/891/1402
f 1453/895/1406 1450/892/1403 1460/902/236
f 1451/893/1404 1461/903/238 1450/892/1403
f 1450/892/1403 1461/903/238 1460/902/236
f 1451/893/1404 1462/904/1413 1461/903/238
f 1452/894/1405 1462/904/1413 1451/893/1404
f 1462/904/1413 1452/894/1405 1463/905/1414
f 1457/899/1410 1463/905/1414 1452/894/1405
f 1460/902/236 1464/906/1415 1453/895/1406
f 1459/901/1412 1453/895/1406 1464/906/1415
f 1459/901/1412 1464/906/1415 1465/907/1416
f 1459/901/1412 1465/907/1416 1458/900/1411
f 1465/907/1416 1464/906/1415 1466/908/1417
f 1466/908/1417 1467/909/1418 1465/907/1416
f 1465/907/1416 1467/909/1418 1458/900/1411
f 1466/908/1417 1468/910/1419 1467/909/1418
f 1469/911/1420 1467/909/1418 1468/910/1419
f 1467/909/1418 1470/912/1421 1458/900/1411
f 1469/911/1420 1470/912/1421 1467/909/1418
f 1468/910/1419 1471/913/1422 1469/911/1420
f 1472/914/1423 1469/911/1420 1471/913/1422
f 1469/911/1420 1473/915/1424 1470/912/1421
f 1473/915/1424 1469/911/1420 1472/914/1423
f 1471/913/1422 1474/916/1425 1472/914/1423
f 1403/845/1356 1472/914/1423 1474/916/1425
f 1472/914/1423 1415/857/1368 1473/915/1424
f 1415/857/1368 1472/914/1423 1403/845/1356
f 1424/866/1377 1473/915/1424 1415/857/1368
f 1475/917/1426 1473/915/1424 1424/866/1377
f 1475/917/1426 1470/912/1421 1473/915/1424
f 1474/916/1425 1401/843/1354 1403/845/1356
f 1476/918/1427 1470/912/1421 1475/917/1426
f 1476/918/1427 1458/900/1411 1470/912/1421
f 1424/866/1377 1425/867/1378 1475/917/1426
f 1475/917/1426 1425/867/1378 1476/918/1427
f 1448/890/1401 1458/900/1411 1476/918/1427
f 1476/918/1427 1435/877/1388 1448/890/1401
f 1476/918/1427 1425/867/1378 1435/877/1388
f 1477/919/1428 1413/855/1366 1402/844/1355
f 1413/855/1366 1477/919/1428 1478/920/1429
f 1477/919/1428 1479/921/1430 1478/920/1429
f 1478/920/1429 1420/862/1373 1413/855/1366
f 1479/921/1430 1480/922/1431 1478/920/1429
f 1420/862/1373 1478/920/1429 1427/869/1380
f 1480/922/1431 1427/869/1380 1478/920/1429
f 1481/923/1432 1480/922/1431 1479/921/1430
f 1480/922/1431 1481/923/1432 1482/924/1433
f 1427/869/1380 1480/922/1431 1431/873/1384
f 1482/924/1433 1431/873/1384 1480/922/1431
f 1481/923/1432 1483/925/1434 1482/924/1433
f 1483/925/1434 1484/926/1435 1482/924/1433
f 1431/873/1384 1482/924/1433 1434/876/1387
f 1484/926/1435 1434/876/1387 1482/924/1433
f 1455/897/1408 1484/926/1435 1483/925/1434
f 1443/885/1396 1434/876/1387 1484/926/1435
f 1443/885/1396 1484/926/1435 1455/897/1408
f 1366/811/1319 1485/812/1436 1369/814/1322
f 1485/812/1436 261/261/258 1369/814/1322
f 261/261/258 1485/812/1436 252/252/249
f 1485/812/1436 1366/811/1319 1486/809/1437
f 1486/809/1437 1487/813/1438 1485/812/1436
f 1485/812/1436 1487/813/1438 252/252/249
f 1487/813/1438 240/240/237 252/252/249
f 1366/811/1319 1488/801/1439 1486/809/1437
f 1488/801/1439 1366/811/1319 1365/810/1318
f 1489/808/1440 1487/813/1438 1486/809/1437
f 1490/815/1441 1487/813/1438 1489/808/1440
f 1487/813/1438 1490/815/1441 240/240/237
f 1488/801/1439 1491/802/1442 1486/809/1437
f 1492/796/1443 1486/809/1437 1491/802/1442
f 1489/808/1440 1486/809/1437 1492/796/1443
f 1488/801/1439 1493/790/1444 1491/802/1442
f 1491/802/1442 1493/790/1444 1492/796/1443
f 1362/807/1315 1488/801/1439 1365/810/1318
f 1494/799/1445 1493/790/1444 1488/801/1439
f 1488/801/1439 1362/807/1315 1494/799/1445
f 1490/815/1441 1489/808/1440 1495/816/1446
f 1489/808/1440 1492/796/1443 1496/795/1447
f 1496/795/1447 1495/816/1446 1489/808/1440
f 1497/817/1448 240/240/237 1490/815/1441
f 1495/816/1446 1497/817/1448 1490/815/1441
f 1496/795/1447 1492/796/1443 1498/786/1449
f 1492/796/1443 1493/790/1444 1498/786/1449
f 1493/790/1444 1494/799/1445 1499/788/1450
f 1498/786/1449 1493/790/1444 1500/787/1451
f 1499/788/1450 1500/787/1451 1493/790/1444
f 1360/805/1313 1494/799/1445 1362/807/1315
f 1494/799/1445 1360/805/1313 1501/798/1452
f 1501/798/1452 1499/788/1450 1494/799/1445
f 1502/818/1453 1497/817/1448 1495/816/1446
f 1503/819/1454 1495/816/1446 1496/795/1447
f 1502/818/1453 1495/816/1446 1503/819/1454
f 1496/795/1447 1504/785/1455 1503/819/1454
f 1504/785/1455 1496/795/1447 1498/786/1449
f 1498/786/1449 1500/787/1451 1505/775/1456
f 1498/786/1449 1505/775/1456 1504/785/1455
f 1499/788/1450 1506/776/1457 1500/787/1451
f 1505/775/1456 1500/787/1451 1506/776/1457
f 1501/798/1452 1507/789/1458 1499/788/1450
f 1507/789/1458 1506/776/1457 1499/788/1450
f 1504/785/1455 1508/777/1459 1503/819/1454
f 1505/775/1456 1508/777/1459 1504/785/1455
f 1503/819/1454 1509/927/1460 1502/818/1453
f 1509/927/1460 1503/819/1454 1508/777/1459
f 1358/803/1311 1501/798/1452 1360/805/1313
f 1501/798/1452 1358/803/1311 1510/800/1461
f 1510/800/1461 1507/789/1458 1501/798/1452
f 1508/777/1459 1505/775/1456 1511/772/1462
f 1506/776/1457 1512/771/1463 1505/775/1456
f 1505/775/1456 1512/771/1463 1511/772/1462
f 1350/795/1303 1377/819/1330 1340/785/1293
f 1374/817/1327 1372/240/1325 1513/928/1464
f 1513/928/1464 1514/929/1465 1374/817/1327
f 1514/929/1465 1376/818/1329 1374/817/1327
f 1375/247/1328 1515/241/1409 1372/240/1325
f 1515/241/1409 1516/229/1466 1372/240/1325
f 1372/240/1325 1517/230/1467 1513/928/1464
f 1517/230/1467 1372/240/1325 1516/229/1466
f 1513/928/1464 1517/230/1467 1518/930/1468
f 1514/929/1465 1513/928/1464 1518/930/1468
f 1519/931/1469 1376/818/1329 1514/929/1465
f 1376/818/1329 1520/927/1470 1377/819/1330
f 1376/818/1329 1519/931/1469 1520/927/1470
f 1377/819/1330 1520/927/1470 1332/777/1285
f 1332/777/1285 1340/785/1293 1377/819/1330
f 1518/930/1468 1521/932/1471 1514/929/1465
f 1514/929/1465 1521/932/1471 1519/931/1469
f 1325/770/1278 1332/777/1285 1520/927/1470
f 1519/931/1469 1325/770/1278 1520/927/1470
f 1522/933/1472 1519/931/1469 1521/932/1471
f 1519/931/1469 1522/933/1472 1325/770/1278
f 1515/241/1409 1523/239/1407 1516/229/1466
f 1521/932/1471 1518/930/1468 1524/934/1473
f 1522/933/1472 1521/932/1471 1524/934/1473
f 1518/930/1468 1525/935/1474 1524/934/1473
f 1518/930/1468 1517/230/1467 1525/935/1474
f 1516/229/1466 1526/218/1475 1517/230/1467
f 1527/219/1476 1517/230/1467 1526/218/1475
f 1517/230/1467 1527/219/1476 1525/935/1474
f 1522/933/1472 1319/764/1272 1325/770/1278
f 1528/936/1477 1522/933/1472 1524/934/1473
f 1528/936/1477 1319/764/1272 1522/933/1472
f 1525/935/1474 1529/937/1478 1524/934/1473
f 1529/937/1478 1528/936/1477 1524/934/1473
f 1530/938/1479 1529/937/1478 1525/935/1474
f 1527/219/1476 1530/938/1479 1525/935/1474
f 1529/937/1478 1530/938/1479 1531/939/1480
f 1531/939/1480 1528/936/1477 1529/937/1478
f 1528/936/1477 1531/939/1480 1308/756/1261
f 1308/756/1261 1319/764/1272 1528/936/1477
f 1294/748/1247 1531/939/1480 1530/938/1479
f 1530/938/1479 1286/231/1239 1294/748/1247
f 1530/938/1479 1527/219/1476 1286/231/1239
f 1531/939/1480 1294/748/1247 1303/752/1256
f 1308/756/1261 1531/939/1480 1303/752/1256
f 1532/210/1481 1527/219/1476 1526/218/1475
f 1267/209/1220 1527/219/1476 1532/210/1481
f 1274/220/1227 1286/231/1239 1527/219/1476
f 1527/219/1476 1267/209/1220 1274/220/1227
f 1532/210/1481 1526/218/1475 1533/215/1482
f 1534/204/1483 1267/209/1220 1532/210/1481
f 1532/210/1481 1533/215/1482 1535/206/1484
f 1534/204/1483 1532/210/1481 1535/206/1484
f 1267/209/1220 1534/204/1483 1272/205/1225
f 1534/204/1483 1535/206/1484 1536/199/1485
f 1534/204/1483 1536/199/1485 1281/198/1234
f 1272/205/1225 1534/204/1483 1281/198/1234
f 1535/206/1484 1537/203/1486 1536/199/1485
f 1535/206/1484 1533/215/1482 1538/214/1487
f 1537/203/1486 1535/206/1484 1538/214/1487
f 1536/199/1485 1537/203/1486 1539/197/1488
f 1540/195/1489 1536/199/1485 1539/197/1488
f 1281/198/1234 1536/199/1485 1540/195/1489
f 1290/196/1243 1281/198/1234 1540/195/1489
f 1533/215/1482 1541/227/1490 1538/214/1487
f 1542/228/1491 1541/227/1490 1533/215/1482
f 1533/215/1482 1526/218/1475 1542/228/1491
f 1543/190/1492 1540/195/1489 1539/197/1488
f 1540/195/1489 1543/190/1492 1544/191/1493
f 1540/195/1489 1291/189/1244 1290/196/1243
f 1291/189/1244 1540/195/1489 1544/191/1493
f 1543/190/1492 1545/183/1494 1544/191/1493
f 1545/183/1494 1291/189/1244 1544/191/1493
f 1546/238/1495 1541/227/1490 1542/228/1491
f 1516/229/1466 1546/238/1495 1542/228/1491
f 1526/218/1475 1516/229/1466 1542/228/1491
f 1545/183/1494 1543/190/1492 1547/185/1496
f 1291/189/1244 1545/183/1494 1299/184/1252
f 1547/185/1496 1548/179/1497 1545/183/1494
f 1309/178/1262 1299/184/1252 1545/183/1494
f 1545/183/1494 1548/179/1497 1309/178/1262
f 1546/238/1495 1516/229/1466 1523/239/1407
f 1548/179/1497 1317/173/1270 1309/178/1262
f 1549/940/1498 1550/941/587 1551/942/1499
f 1552/943/1500 1551/942/1499 1550/941/587
f 1553/944/1501 1552/943/1500 1550/941/587
f 1550/941/587 1554/945/1502 1553/944/1501
f 1551/942/1499 1552/943/1500 1555/946/1503
f 1552/943/1500 1553/944/1501 1556/947/1504
f 1556/947/1504 1555/946/1503 1552/943/1500
f 1551/942/1499 1555/946/1503 1557/948/1505
f 1558/949/1506 1556/947/1504 1553/944/1501
f 1559/950/1507 1553/944/1501 1554/945/1502
f 1553/944/1501 1559/950/1507 1558/949/1506
f 1559/950/1507 1554/945/1502 1560/951/591
f 1561/952/1508 1557/948/1505 1555/946/1503
f 1562/953/1509 1555/946/1503 1556/947/1504
f 1561/952/1508 1555/946/1503 1562/953/1509
f 1562/953/1509 1556/947/1504 1563/954/1510
f 1563/954/1510 1556/947/1504 1558/949/1506
f 1559/950/1507 1564/955/1511 1558/949/1506
f 1564/955/1511 1563/954/1510 1558/949/1506
f 1557/948/1505 1561/952/1508 1565/956/1512
f 1566/957/1513 1562/953/1509 1563/954/1510
f 1563/954/1510 1564/955/1511 1566/957/1513
f 1561/952/1508 1562/953/1509 1567/958/1514
f 1566/957/1513 1567/958/1514 1562/953/1509
f 1568/959/1515 1564/955/1511 1559/950/1507
f 1568/959/1515 1559/950/1507 1569/960/1516
f 1559/950/1507 1560/951/591 1569/960/1516
f 1569/960/1516 1560/951/591 1570/961/1517
f 1567/958/1514 1571/962/1518 1561/952/1508
f 1572/963/1519 1561/952/1508 1571/962/1518
f 1561/952/1508 1572/963/1519 1565/956/1512
f 1568/959/1515 1573/964/1520 1564/955/1511
f 1574/965/1521 1564/955/1511 1573/964/1520
f 1564/955/1511 1574/965/1521 1566/957/1513
f 1566/957/1513 1575/966/1522 1567/958/1514
f 1574/965/1521 1575/966/1522 1566/957/1513
f 1567/958/1514 1576/967/1523 1571/962/1518
f 1575/966/1522 1576/967/1523 1567/958/1514
f 1565/956/1512 1572/963/1519 1577/968/1524
f 1578/969/1525 1568/959/1515 1569/960/1516
f 1579/970/1526 1568/959/1515 1578/969/1525
f 1573/964/1520 1568/959/1515 1579/970/1526
f 1580/971/1527 1569/960/1516 1570/961/1517
f 1569/960/1516 1581/972/1528 1578/969/1525
f 1582/973/1529 1569/960/1516 1580/971/1527
f 1581/972/1528 1569/960/1516 1582/973/1529
f 1579/970/1526 1578/969/1525 1581/972/1528
f 1572/963/1519 1583/974/1530 1577/968/1524
f 1584/975/1531 1583/974/1530 1572/963/1519
f 1571/962/1518 1584/975/1531 1572/963/1519
f 1573/964/1520 1579/970/1526 1585/976/1532
f 1586/977/1533 1573/964/1520 1585/976/1532
f 1574/965/1521 1573/964/1520 1586/977/1533
f 1587/978/1534 1575/966/1522 1574/965/1521
f 1587/978/1534 1574/965/1521 1586/977/1533
f 1588/979/1535 1576/967/1523 1575/966/1522
f 1575/966/1522 1587/978/1534 1588/979/1535
f 1579/970/1526 1581/972/1528 1589/980/1536
f 1589/980/1536 1585/976/1532 1579/970/1526
f 1589/980/1536 1581/972/1528 1590/981/1537
f 1590/981/1537 1581/972/1528 1582/973/1529
f 1580/971/1527 1591/982/1538 1582/973/1529
f 1592/983/1539 1586/977/1533 1585/976/1532
f 1586/977/1533 1592/983/1539 1587/978/1534
f 1593/984/1540 1582/973/1529 1591/982/1538
f 1582/973/1529 1594/985/1541 1590/981/1537
f 1582/973/1529 1593/984/1540 1594/985/1541
f 1595/986/1542 1587/978/1534 1592/983/1539
f 1587/978/1534 1595/986/1542 1588/979/1535
f 1592/983/1539 1596/987/1543 1595/986/1542
f 1585/976/1532 1596/987/1543 1592/983/1539
f 1585/976/1532 1589/980/1536 1597/988/1544
f 1598/989/1545 1585/976/1532 1597/988/1544
f 1596/987/1543 1585/976/1532 1598/989/1545
f 1597/988/1544 1589/980/1536 1599/990/1546
f 1599/990/1546 1589/980/1536 1590/981/1537
f 1600/991/1547 1590/981/1537 1594/985/1541
f 1599/990/1546 1590/981/1537 1600/991/1547
f 1598/989/1545 1597/988/1544 1601/992/1548
f 1599/990/1546 1601/992/1548 1597/988/1544
f 1591/982/1538 1602/993/1549 1593/984/1540
f 1593/984/1540 1602/993/1549 1603/994/1550
f 1603/994/1550 1594/985/1541 1593/984/1540
f 1604/995/1551 1594/985/1541 1603/994/1550
f 1594/985/1541 1604/995/1551 1600/991/1547
f 1598/989/1545 1605/996/1552 1596/987/1543
f 1601/992/1548 1605/996/1552 1598/989/1545
f 1606/997/1553 1596/987/1543 1605/996/1552
f 1595/986/1542 1596/987/1543 1606/997/1553
f 1601/992/1548 1599/990/1546 1607/998/1554
f 1600/991/1547 1607/998/1554 1599/990/1546
f 1605/996/1552 1601/992/1548 1608/999/1555
f 1607/998/1554 1608/999/1555 1601/992/1548
f 1609/1000/1556 1604/995/1551 1603/994/1550
f 1604/995/1551 1609/1000/1556 1600/991/1547
f 1600/991/1547 1610/1001/1557 1607/998/1554
f 1610/1001/1557 1600/991/1547 1609/1000/1556
f 1611/1002/1558 1603/994/1550 1602/993/1549
f 1611/1002/1558 1609/1000/1556 1603/994/1550
f 1606/997/1553 1605/996/1552 1612/1003/1559
f 1605/996/1552 1608/999/1555 1612/1003/1559
f 1607/998/1554 1610/1001/1557 1613/1004/1560
f 1607/998/1554 1613/1004/1560 1608/999/1555
f 1608/999/1555 1613/1004/1560 1614/1005/1561
f 1612/1003/1559 1608/999/1555 1614/1005/1561
f 1615/1006/1562 1609/1000/1556 1611/1002/1558
f 1615/1006/1562 1610/1001/1557 1609/1000/1556
f 1610/1001/1557 1615/1006/1562 1616/1007/1563
f 1616/1007/1563 1613/1004/1560 1610/1001/1557
f 1613/1004/1560 1616/1007/1563 1617/1008/1564
f 1614/1005/1561 1613/1004/1560 1618/1009/1565
f 1617/1008/1564 1618/1009/1565 1613/1004/1560
f 1619/1010/1566 1614/1005/1561 1618/1009/1565
f 1620/1011/1567 1614/1005/1561 1619/1010/1566
f 1612/1003/1559 1614/1005/1561 1620/1011/1567
f 1621/1012/1568 1618/1009/1565 1617/1008/1564
f 1617/1008/1564 1616/1007/1563 1622/1013/1569
f 1617/1008/1564 1622/1013/1569 1621/1012/1568
f 1623/1014/1570 1619/1010/1566 1618/1009/1565
f 1618/1009/1565 1621/1012/1568 1623/1014/1570
f 1623/1014/1570 1624/1015/1571 1619/1010/1566
f 1620/1011/1567 1619/1010/1566 1624/1015/1571
f 1612/1003/1559 1620/1011/1567 1625/1016/1572
f 1624/1015/1571 1625/1016/1572 1620/1011/1567
f 1622/1013/1569 1616/1007/1563 1626/1017/1573
f 1626/1017/1573 1616/1007/1563 1627/1018/1574
f 1615/1006/1562 1627/1018/1574 1616/1007/1563
f 1628/1019/1575 1621/1012/1568 1622/1013/1569
f 1629/1020/1576 1628/1019/1575 1622/1013/1569
f 1629/1020/1576 1622/1013/1569 1626/1017/1573
f 1627/1018/1574 1630/1021/1577 1626/1017/1573
f 1629/1020/1576 1626/1017/1573 1631/1022/1578
f 1626/1017/1573 1630/1021/1577 1631/1022/1578
f 1631/1022/1578 1632/1023/1579 1629/1020/1576
f 1632/1023/1579 1628/1019/1575 1629/1020/1576
f 1631/1022/1578 1630/1021/1577 1633/1024/1580
f 1634/1025/1524 1630/1021/1577 1627/1018/1574
f 1630/1021/1577 1634/1025/1524 1633/1024/1580
f 1632/1023/1579 1631/1022/1578 1635/1026/1581
f 1633/1024/1580 1635/1026/1581 1631/1022/1578
f 1615/1006/1562 1634/1025/1524 1627/1018/1574
f 1634/1025/1524 1615/1006/1562 1636/1027/1582
f 1637/1028/1505 1636/1027/1582 1615/1006/1562
f 1615/1006/1562 1611/1002/1558 1637/1028/1505
f 1637/1028/1505 1611/1002/1558 1638/1029/1499
f 1611/1002/1558 1602/993/1549 1638/1029/1499
f 1638/1029/1499 1602/993/1549 1639/1030/1583
f 1639/1030/1583 1640/1031/1584 1638/1029/1499
f 1591/982/1538 1639/1030/1583 1602/993/1549
f 1641/1032/524 1642/1033/1585 1643/1034/523
f 1644/1035/1586 1643/1034/523 1642/1033/1585
f 1642/1033/1585 1645/1036/1587 1644/1035/1586
f 1646/1037/1588 1643/1034/523 1644/1035/1586
f 1644/1035/1586 1647/1038/1589 1646/1037/1588
f 1648/1039/1590 1647/1038/1589 1644/1035/1586
f 1644/1035/1586 1645/1036/1587 1648/1039/1590
f 1645/1036/1587 1649/1040/1591 1648/1039/1590
f 1650/1041/1592 1646/1037/1588 1647/1038/1589
f 1647/1038/1589 1651/1042/1593 1650/1041/1592
f 1652/1043/1594 1647/1038/1589 1648/1039/1590
f 1652/1043/1594 1651/1042/1593 1647/1038/1589
f 1648/1039/1590 1649/1040/1591 1653/1044/1595
f 1653/1044/1595 1652/1043/1594 1648/1039/1590
f 1649/1040/1591 1654/1045/1596 1653/1044/1595
f 1655/1046/1597 1650/1041/1592 1651/1042/1593
f 1655/1046/1597 1651/1042/1593 1656/1047/1598
f 1652/1043/1594 1656/1047/1598 1651/1042/1593
f 1657/1048/1599 1656/1047/1598 1652/1043/1594
f 1652/1043/1594 1653/1044/1595 1657/1048/1599
f 1653/1044/1595 1654/1045/1596 1658/1049/1600
f 1658/1049/1600 1657/1048/1599 1653/1044/1595
f 1650/1041/1592 1655/1046/1597 1659/1050/1601
f 1657/1048/1599 1660/1051/1602 1656/1047/1598
f 1661/770/1603 1509/927/1460 1508/777/1459
f 1661/770/1603 1508/777/1459 1511/772/1462
f 1662/931/1604 1502/818/1453 1509/927/1460
f 1661/770/1603 1662/931/1604 1509/927/1460
f 1358/803/1311 1663/793/1605 1510/800/1461
f 1663/793/1605 1507/789/1458 1510/800/1461
f 1507/789/1458 1663/793/1605 1664/782/1606
f 1664/782/1606 1506/776/1457 1507/789/1458
f 1506/776/1457 1665/773/1607 1512/771/1463
f 1506/776/1457 1664/782/1606 1666/778/1608
f 1665/773/1607 1506/776/1457 1666/778/1608
f 1512/771/1463 1667/769/1609 1511/772/1462
f 1661/770/1603 1511/772/1462 1667/769/1609
f 1663/793/1605 1358/803/1311 1359/804/1312
f 1359/804/1312 1668/794/1610 1663/793/1605
f 1668/794/1610 1664/782/1606 1663/793/1605
f 1667/769/1609 1512/771/1463 1669/766/1611
f 1512/771/1463 1665/773/1607 1670/767/1612
f 1669/766/1611 1512/771/1463 1670/767/1612
f 1664/782/1606 1671/783/1613 1666/778/1608
f 1671/783/1613 1664/782/1606 1672/792/1614
f 1668/794/1610 1672/792/1614 1664/782/1606
f 1666/778/1608 1671/783/1613 1673/779/1615
f 1673/779/1615 1665/773/1607 1666/778/1608
f 1673/779/1615 1674/774/1616 1665/773/1607
f 1665/773/1607 1674/774/1616 1670/767/1612
f 1668/794/1610 1359/804/1312 1361/806/1314
f 1361/806/1314 1352/797/1305 1668/794/1610
f 1668/794/1610 1352/797/1305 1672/792/1614
f 1672/792/1614 1352/797/1305 1346/791/1299
f 1346/791/1299 1671/783/1613 1672/792/1614
f 1346/791/1299 1339/784/1292 1671/783/1613
f 1671/783/1613 1339/784/1292 1673/779/1615
f 1673/779/1615 1339/784/1292 1335/780/1288
f 1335/780/1288 1674/774/1616 1673/779/1615
f 1675/761/1617 1669/766/1611 1670/767/1612
f 1676/768/1618 1675/761/1617 1670/767/1612
f 1670/767/1612 1674/774/1616 1676/768/1618
f 1336/781/1289 1674/774/1616 1335/780/1288
f 1674/774/1616 1336/781/1289 1676/768/1618
f 1676/768/1618 1336/781/1289 1677/1052/1619
f 1676/768/1618 1678/762/1620 1675/761/1617
f 1676/768/1618 1677/1052/1619 1678/762/1620
f 280/280/277 1678/762/1620 1677/1052/1619
f 1678/762/1620 280/280/277 273/273/270
f 1675/761/1617 1678/762/1620 1679/755/1621
f 1679/755/1621 1678/762/1620 273/273/270
f 1675/761/1617 1679/755/1621 1680/760/1622
f 1669/766/1611 1675/761/1617 1680/760/1622
f 273/273/270 264/264/261 1679/755/1621
f 1680/760/1622 1679/755/1621 1681/754/1623
f 1681/754/1623 1679/755/1621 264/264/261
f 1680/760/1622 1682/765/1624 1669/766/1611
f 1682/765/1624 1680/760/1622 1683/759/1625
f 1680/760/1622 1681/754/1623 1683/759/1625
f 1669/766/1611 1682/765/1624 1667/769/1609
f 1684/763/1626 1667/769/1609 1682/765/1624
f 1683/759/1625 1684/763/1626 1682/765/1624
f 1685/758/1627 1684/763/1626 1683/759/1625
f 1685/758/1627 1683/759/1625 1686/757/1628
f 1683/759/1625 1681/754/1623 1686/757/1628
f 1681/754/1623 1687/753/1629 1686/757/1628
f 1688/750/1630 1687/753/1629 1681/754/1623
f 264/264/261 1688/750/1630 1681/754/1623
f 1685/758/1627 1686/757/1628 1687/753/1629
f 264/264/261 254/254/251 1688/750/1630
f 1667/769/1609 1684/763/1626 1661/770/1603
f 1661/770/1603 1684/763/1626 1689/764/1631
f 1684/763/1626 1685/758/1627 1689/764/1631
f 1690/756/1632 1685/758/1627 1687/753/1629
f 1685/758/1627 1690/756/1632 1689/764/1631
f 1688/750/1630 1691/751/1633 1687/753/1629
f 1687/753/1629 1691/751/1633 1690/756/1632
f 1691/751/1633 1688/750/1630 1692/749/1634
f 1688/750/1630 254/254/251 1692/749/1634
f 1692/749/1634 1693/752/1635 1691/751/1633
f 1690/756/1632 1691/751/1633 1693/752/1635
f 1690/756/1632 1694/936/1636 1689/764/1631
f 1695/933/1637 1661/770/1603 1689/764/1631
f 1694/936/1636 1695/933/1637 1689/764/1631
f 1696/939/1638 1694/936/1636 1690/756/1632
f 1690/756/1632 1693/752/1635 1696/939/1638
f 1693/752/1635 1697/748/1639 1696/939/1638
f 1692/749/1634 1697/748/1639 1693/752/1635
f 1692/749/1634 1698/746/1640 1697/748/1639
f 1692/749/1634 254/254/251 1698/746/1640
f 254/254/251 244/244/241 1698/746/1640
f 1662/931/1604 1661/770/1603 1695/933/1637
f 1694/936/1636 1696/939/1638 1699/937/1641
f 1694/936/1636 1700/934/1642 1695/933/1637
f 1699/937/1641 1700/934/1642 1694/936/1636
f 1695/933/1637 1701/932/1643 1662/931/1604
f 1701/932/1643 1695/933/1637 1700/934/1642
f 1697/748/1639 1702/938/1644 1696/939/1638
f 1702/938/1644 1699/937/1641 1696/939/1638
f 1703/935/1645 1699/937/1641 1702/938/1644
f 1703/935/1645 1700/934/1642 1699/937/1641
f 1697/748/1639 231/231/228 1702/938/1644
f 231/231/228 1697/748/1639 1704/747/1646
f 1698/746/1640 1704/747/1646 1697/748/1639
f 232/232/229 1698/746/1640 244/244/241
f 1698/746/1640 232/232/229 1704/747/1646
f 1703/935/1645 1705/930/1647 1700/934/1642
f 1701/932/1643 1700/934/1642 1705/930/1647
f 232/232/229 231/231/228 1704/747/1646
f 1705/930/1647 1706/929/1648 1701/932/1643
f 1701/932/1643 1706/929/1648 1662/931/1604
f 219/219/216 1702/938/1644 231/231/228
f 1702/938/1644 219/219/216 1703/935/1645
f 1705/930/1647 1703/935/1645 230/230/227
f 219/219/216 230/230/227 1703/935/1645
f 1706/929/1648 1502/818/1453 1662/931/1604
f 230/230/227 1707/928/1649 1705/930/1647
f 1705/930/1647 1707/928/1649 1706/929/1648
f 1706/929/1648 1497/817/1448 1502/818/1453
f 1706/929/1648 1707/928/1649 1497/817/1448
f 240/240/237 1497/817/1448 1707/928/1649
f 230/230/227 240/240/237 1707/928/1649
f 1708/1053/618 1709/1054/1650 1710/1055/1651
f 1710/1055/1651 1709/1054/1650 1711/1056/1652
f 1712/1057/1653 1708/1053/618 1710/1055/1651
f 1713/1058/1654 1708/1053/618 1712/1057/1653
f 1712/1057/1653 1714/1059/1655 1713/1058/1654
f 1712/1057/1653 1710/1055/1651 1715/1060/1656
f 1716/1061/1657 1710/1055/1651 1711/1056/1652
f 1710/1055/1651 1716/1061/1657 1717/1062/1658
f 1715/1060/1656 1710/1055/1651 1717/1062/1658
f 1711/1056/1652 1718/1063/1659 1716/1061/1657
f 1719/1064/1660 1712/1057/1653 1715/1060/1656
f 1720/1065/1661 1712/1057/1653 1719/1064/1660
f 1714/1059/1655 1712/1057/1653 1720/1065/1661
f 1720/1065/1661 1721/1066/1662 1714/1059/1655
f 1718/1063/1659 1722/1067/1663 1716/1061/1657
f 1723/1068/1664 1716/1061/1657 1722/1067/1663
f 1716/1061/1657 1723/1068/1664 1717/1062/1658
f 1724/1069/1665 1717/1062/1658 1723/1068/1664
f 1717/1062/1658 1724/1069/1665 1725/1070/1666
f 1725/1070/1666 1715/1060/1656 1717/1062/1658
f 1715/1060/1656 1726/1071/1667 1719/1064/1660
f 1726/1071/1667 1715/1060/1656 1727/1072/1668
f 1715/1060/1656 1725/1070/1666 1727/1072/1668
f 1728/1073/1669 1720/1065/1661 1719/1064/1660
f 1726/1071/1667 1728/1073/1669 1719/1064/1660
f 1728/1073/1669 1729/1074/1670 1720/1065/1661
f 1721/1066/1662 1720/1065/1661 1729/1074/1670
f 1718/1063/1659 1730/1075/1671 1722/1067/1663
f 1722/1067/1663 1731/1076/1672 1723/1068/1664
f 1731/1076/1672 1722/1067/1663 1730/1075/1671
f 1723/1068/1664 1732/1077/1673 1724/1069/1665
f 1732/1077/1673 1723/1068/1664 1731/1076/1672
f 1725/1070/1666 1724/1069/1665 1733/1078/1674
f 1733/1078/1674 1724/1069/1665 1734/1079/1675
f 1732/1077/1673 1734/1079/1675 1724/1069/1665
f 1727/1072/1668 1725/1070/1666 1735/1080/1676
f 1735/1080/1676 1725/1070/1666 1733/1078/1674
f 1727/1072/1668 1736/1081/1677 1726/1071/1667
f 1736/1081/1677 1727/1072/1668 1737/1082/1678
f 1737/1082/1678 1727/1072/1668 1735/1080/1676
f 1728/1073/1669 1726/1071/1667 1738/1083/1679
f 1739/1084/1680 1726/1071/1667 1736/1081/1677
f 1739/1084/1680 1738/1083/1679 1726/1071/1667
f 1729/1074/1670 1728/1073/1669 1740/1085/1681
f 1738/1083/1679 1740/1085/1681 1728/1073/1669
f 1741/1086/1682 1735/1080/1676 1733/1078/1674
f 1742/1087/1683 1733/1078/1674 1734/1079/1675
f 1741/1086/1682 1733/1078/1674 1742/1087/1683
f 1743/1088/1684 1740/1085/1681 1738/1083/1679
f 1743/1088/1684 1738/1083/1679 1739/1084/1680
f 1735/1080/1676 1744/1089/1685 1737/1082/1678
f 1744/1089/1685 1735/1080/1676 1745/1090/1686
f 1735/1080/1676 1741/1086/1682 1745/1090/1686
f 1746/1091/1687 1737/1082/1678 1744/1089/1685
f 1737/1082/1678 1746/1091/1687 1736/1081/1677
f 1747/1092/1688 1739/1084/1680 1736/1081/1677
f 1747/1092/1688 1736/1081/1677 1746/1091/1687
f 1748/1093/1689 1743/1088/1684 1739/1084/1680
f 1747/1092/1688 1748/1093/1689 1739/1084/1680
f 1745/1090/1686 1741/1086/1682 1749/1094/1690
f 1749/1094/1690 1741/1086/1682 1750/1095/1691
f 1742/1087/1683 1750/1095/1691 1741/1086/1682
f 1751/1096/1692 1745/1090/1686 1749/1094/1690
f 1744/1089/1685 1745/1090/1686 1751/1096/1692
f 1752/1097/1693 1740/1085/1681 1743/1088/1684
f 1743/1088/1684 1753/1098/1694 1752/1097/1693
f 1753/1098/1694 1743/1088/1684 1748/1093/1689
f 1744/1089/1685 1754/1099/1695 1746/1091/1687
f 1754/1099/1695 1744/1089/1685 1755/1100/1696
f 1755/1100/1696 1744/1089/1685 1751/1096/1692
f 1754/1099/1695 1756/1101/1697 1746/1091/1687
f 1756/1101/1697 1747/1092/1688 1746/1091/1687
f 1756/1101/1697 1757/1102/1698 1747/1092/1688
f 1757/1102/1698 1748/1093/1689 1747/1092/1688
f 1758/1103/1699 1748/1093/1689 1757/1102/1698
f 1748/1093/1689 1758/1103/1699 1753/1098/1694
f 1759/1104/1700 1751/1096/1692 1749/1094/1690
f 1760/1105/1701 1749/1094/1690 1750/1095/1691
f 1759/1104/1700 1749/1094/1690 1760/1105/1701
f 1761/1106/1702 1751/1096/1692 1759/1104/1700
f 1761/1106/1702 1755/1100/1696 1751/1096/1692
f 1753/1098/1694 1762/1107/1703 1752/1097/1693
f 1758/1103/1699 1763/1108/1704 1753/1098/1694
f 1762/1107/1703 1753/1098/1694 1763/1108/1704
f 1755/1100/1696 1764/1109/1705 1754/1099/1695
f 1765/1110/1706 1756/1101/1697 1754/1099/1695
f 1754/1099/1695 1764/1109/1705 1765/1110/1706
f 1764/1109/1705 1755/1100/1696 1766/1111/1707
f 1766/1111/1707 1755/1100/1696 1761/1106/1702
f 1757/1102/1698 1756/1101/1697 1767/1112/1708
f 1756/1101/1697 1768/1113/1709 1767/1112/1708
f 1768/1113/1709 1756/1101/1697 1765/1110/1706
f 1769/1114/1710 1757/1102/1698 1767/1112/1708
f 1757/1102/1698 1769/1114/1710 1758/1103/1699
f 1769/1114/1710 1770/1115/1711 1758/1103/1699
f 1770/1115/1711 1763/1108/1704 1758/1103/1699
f 1761/1106/1702 1759/1104/1700 1771/1116/1712
f 1771/1116/1712 1759/1104/1700 1772/1117/1713
f 1760/1105/1701 1772/1117/1713 1759/1104/1700
f 1766/1111/1707 1761/1106/1702 1773/1118/1714
f 1773/1118/1714 1761/1106/1702 1771/1116/1712
f 1774/1119/1715 1767/1112/1708 1768/1113/1709
f 1767/1112/1708 1774/1119/1715 1769/1114/1710
f 1763/1108/1704 1775/1120/1716 1762/1107/1703
f 1770/1115/1711 1776/1121/1717 1763/1108/1704
f 1775/1120/1716 1763/1108/1704 1776/1121/1717
f 1769/1114/1710 1777/1122/1718 1770/1115/1711
f 1774/1119/1715 1777/1122/1718 1769/1114/1710
f 1777/1122/1718 1778/1123/1719 1770/1115/1711
f 1778/1123/1719 1776/1121/1717 1770/1115/1711
f 1765/1110/1706 1779/1124/1720 1768/1113/1709
f 1768/1113/1709 1780/1125/1721 1774/1119/1715
f 1780/1125/1721 1768/1113/1709 1779/1124/1720
f 1781/1126/1722 1777/1122/1718 1774/1119/1715
f 1781/1126/1722 1774/1119/1715 1780/1125/1721
f 1782/1127/1723 1773/1118/1714 1771/1116/1712
f 1771/1116/1712 1783/1128/1724 1782/1127/1723
f 1772/1117/1713 1783/1128/1724 1771/1116/1712
f 1784/1129/1725 1775/1120/1716 1776/1121/1717
f 1778/1123/1719 1784/1129/1725 1776/1121/1717
f 1781/1126/1722 1785/1130/1726 1777/1122/1718
f 1778/1123/1719 1777/1122/1718 1785/1130/1726
f 1785/1130/1726 1786/1131/1727 1778/1123/1719
f 1784/1129/1725 1778/1123/1719 1786/1131/1727
f 1787/1132/1728 1773/1118/1714 1782/1127/1723
f 1783/1128/1724 1787/1132/1728 1782/1127/1723
f 1788/1133/1729 1780/1125/1721 1779/1124/1720
f 1788/1133/1729 1789/1134/1730 1780/1125/1721
f 1789/1134/1730 1781/1126/1722 1780/1125/1721
f 1785/1130/1726 1781/1126/1722 1790/1135/1731
f 1791/1136/1732 1790/1135/1731 1781/1126/1722
f 1781/1126/1722 1789/1134/1730 1791/1136/1732
f 1783/1128/1724 1792/1137/1733 1787/1132/1728
f 1793/1138/1734 1791/1136/1732 1789/1134/1730
f 1793/1138/1734 1789/1134/1730 1788/1133/1729
f 1786/1131/1727 1785/1130/1726 1794/1139/1735
f 1785/1130/1726 1795/1140/1736 1794/1139/1735
f 1795/1140/1736 1785/1130/1726 1790/1135/1731
f 1658/1049/1600 1660/1051/1602 1657/1048/1599
f 1658/1049/1600 1796/1141/1737 1660/1051/1602
f 1654/1045/1596 1796/1141/1737 1658/1049/1600
f 1654/1045/1596 1797/1142/1738 1796/1141/1737
f 1656/1047/1598 1798/1143/1739 1655/1046/1597
f 1798/1143/1739 1799/1144/1740 1655/1046/1597
f 1655/1046/1597 1799/1144/1740 1659/1050/1601
f 1660/1051/1602 1800/1145/1741 1656/1047/1598
f 1800/1145/1741 1798/1143/1739 1656/1047/1598
f 1800/1145/1741 1660/1051/1602 1796/1141/1737
f 1801/1146/527 1659/1050/1601 1799/1144/1740
f 1798/1143/1739 1800/1145/1741 1802/1147/1742
f 1802/1147/1742 1800/1145/1741 1796/1141/1737
f 1796/1141/1737 1803/1148/1743 1802/1147/1742
f 1803/1148/1743 1796/1141/1737 1797/1142/1738
f 1803/1148/1743 1804/1149/1744 1802/1147/1742
f 1798/1143/1739 1802/1147/1742 1804/1149/1744
f 1798/1143/1739 1805/1150/1745 1799/1144/1740
f 1798/1143/1739 1804/1149/1744 1805/1150/1745
f 1806/1151/1746 1801/1146/527 1799/1144/1740
f 1806/1151/1746 1799/1144/1740 1805/1150/1745
f 1797/1142/1738 1807/1152/391 1803/1148/1743
f 1803/1148/1743 1808/1153/1747 1804/1149/1744
f 1808/1153/1747 1803/1148/1743 1807/1152/391
f 1804/1149/1744 1808/1153/1747 1809/1154/1748
f 1809/1154/1748 1805/1150/1745 1804/1149/1744
f 1806/1151/1746 1805/1150/1745 1810/1155/1749
f 1805/1150/1745 1809/1154/1748 1810/1155/1749
f 1811/1156/1750 1801/1146/527 1806/1151/1746
f 1808/1153/1747 1812/1157/1751 1809/1154/1748
f 1810/1155/1749 1809/1154/1748 1812/1157/1751
f 1807/1152/391 1813/1158/1752 1808/1153/1747
f 1812/1157/1751 1808/1153/1747 1813/1158/1752
f 1814/1159/1753 1815/1160/1754 1816/1161/1755
f 1815/1160/1754 1814/1159/1753 1817/1162/1756
f 1815/1160/1754 1817/1162/1756 1818/1163/1757
f 1818/1163/1757 1817/1162/1756 1819/1164/1758
f 1819/1164/1758 1817/1162/1756 1820/1165/1759
f 1817/1162/1756 1814/1159/1753 1820/1165/1759
f 1814/1159/1753 1821/1166/1760 1820/1165/1759
f 1822/1167/1761 1819/1164/1758 1820/1165/1759
f 1820/1165/1759 1823/1168/1762 1822/1167/1761
f 1823/1168/1762 1820/1165/1759 1821/1166/1760
f 1821/1166/1760 1824/1169/1763 1823/1168/1762
f 1825/1170/1764 1819/1164/1758 1822/1167/1761
f 1823/1168/1762 1826/1171/1765 1822/1167/1761
f 1826/1171/1765 1825/1170/1764 1822/1167/1761
f 1827/1172/1766 1823/1168/1762 1824/1169/1763
f 1823/1168/1762 1827/1172/1766 1826/1171/1765
f 1828/1173/1767 1818/1163/1757 1819/1164/1758
f 1829/1174/1768 1819/1164/1758 1825/1170/1764
f 1829/1174/1768 1828/1173/1767 1819/1164/1758
f 1818/1163/1757 1828/1173/1767 1830/1175/1769
f 1824/1169/1763 1831/1176/1770 1827/1172/1766
f 1826/1171/1765 1827/1172/1766 1832/1177/1771
f 1827/1172/1766 1831/1176/1770 1832/1177/1771
f 1829/1174/1768 1825/1170/1764 1833/1178/1772
f 1826/1171/1765 1834/1179/1773 1825/1170/1764
f 1834/1179/1773 1833/1178/1772 1825/1170/1764
f 1826/1171/1765 1832/1177/1771 1835/1180/1774
f 1835/1180/1774 1834/1179/1773 1826/1171/1765
f 1831/1176/1770 1836/1181/1775 1832/1177/1771
f 1835/1180/1774 1832/1177/1771 1837/1182/1776
f 1836/1181/1775 1837/1182/1776 1832/1177/1771
f 1834/1179/1773 1835/1180/1774 1838/1183/1777
f 1838/1183/1777 1835/1180/1774 1837/1182/1776
f 1833/1178/1772 1834/1179/1773 1839/1184/1778
f 1838/1183/1777 1839/1184/1778 1834/1179/1773
f 1833/1178/1772 1840/1185/1779 1829/1174/1768
f 1841/1186/1780 1833/1178/1772 1839/1184/1778
f 1840/1185/1779 1833/1178/1772 1841/1186/1780
f 1828/1173/1767 1842/1187/1781 1830/1175/1769
f 1843/1188/1782 1830/1175/1769 1842/1187/1781
f 1844/1189/1783 1840/1185/1779 1841/1186/1780
f 1841/1186/1780 1845/1190/1784 1844/1189/1783
f 1846/1191/1785 1840/1185/1779 1844/1189/1783
f 1844/1189/1783 1842/1187/1781 1846/1191/1785
f 1847/1192/1786 1844/1189/1783 1845/1190/1784
f 1842/1187/1781 1844/1189/1783 1847/1192/1786
f 1847/1192/1786 1843/1188/1782 1842/1187/1781
f 1846/1191/1785 1842/1187/1781 1828/1173/1767
f 1843/1188/1782 1847/1192/1786 1848/1193/1787
f 1847/1192/1786 1845/1190/1784 1849/1194/432
f 1848/1193/1787 1847/1192/1786 1849/1194/432
f 1846/1191/1785 1850/1195/1788 1840/1185/1779
f 1829/1174/1768 1840/1185/1779 1850/1195/1788
f 1846/1191/1785 1828/1173/1767 1851/1196/1789
f 1850/1195/1788 1846/1191/1785 1851/1196/1789
f 1828/1173/1767 1829/1174/1768 1851/1196/1789
f 1850/1195/1788 1851/1196/1789 1829/1174/1768
f 1848/1193/1787 1849/1194/432 1852/1197/41
f 1853/1198/1790 1612/1003/1559 1625/1016/1572
f 1606/997/1553 1612/1003/1559 1853/1198/1790
f 1854/1199/1791 1606/997/1553 1853/1198/1790
f 1606/997/1553 1854/1199/1791 1595/986/1542
f 1853/1198/1790 1855/1200/1792 1854/1199/1791
f 1855/1200/1792 1853/1198/1790 1856/1201/1572
f 1855/1200/1792 1857/1202/1793 1854/1199/1791
f 1854/1199/1791 1588/979/1535 1595/986/1542
f 1588/979/1535 1854/1199/1791 1857/1202/1793
f 1857/1202/1793 1855/1200/1792 1858/1203/1794
f 1859/1204/1795 1858/1203/1794 1855/1200/1792
f 1856/1201/1572 1859/1204/1795 1855/1200/1792
f 1857/1202/1793 1858/1203/1794 1860/1205/1796
f 1576/967/1523 1588/979/1535 1857/1202/1793
f 1576/967/1523 1857/1202/1793 1860/1205/1796
f 1860/1205/1796 1858/1203/1794 1861/1206/1570
f 1859/1204/1795 1861/1206/1570 1858/1203/1794
f 1576/967/1523 1860/1205/1796 1862/1207/1797
f 1863/1208/1798 1860/1205/1796 1861/1206/1570
f 1862/1207/1797 1860/1205/1796 1863/1208/1798
f 1576/967/1523 1862/1207/1797 1571/962/1518
f 1863/1208/1798 1864/1209/1799 1862/1207/1797
f 1864/1209/1799 1571/962/1518 1862/1207/1797
f 1863/1208/1798 1865/1210/1800 1864/1209/1799
f 1571/962/1518 1864/1209/1799 1584/975/1531
f 1865/1210/1800 1866/1211/1801 1864/1209/1799
f 1864/1209/1799 1866/1211/1801 1584/975/1531
f 1865/1210/1800 1867/1212/1802 1866/1211/1801
f 1867/1212/1802 1868/1213/1803 1866/1211/1801
f 1868/1213/1803 1584/975/1531 1866/1211/1801
f 1584/975/1531 1868/1213/1803 1583/974/1530
f 1867/1212/1802 1869/1214/1804 1868/1213/1803
f 1583/974/1530 1868/1213/1803 1870/1215/1805
f 1869/1214/1804 1870/1215/1805 1868/1213/1803
f 1583/974/1530 1870/1215/1805 1577/968/1524
f 1871/457/1806 465/456/453 464/455/452
f 1871/457/1806 1872/458/1807 465/456/453
f 1872/458/1807 1871/457/1806 1873/460/567
f 1872/458/1807 468/459/456 465/456/453
f 1873/460/567 1874/461/1808 1872/458/1807
f 1874/461/1808 1875/462/1809 1872/458/1807
f 1872/458/1807 1875/462/1809 468/459/456
f 1875/462/1809 472/463/460 468/459/456
f 1875/462/1809 1874/461/1808 1876/464/1810
f 1875/462/1809 1877/465/1811 472/463/460
f 1876/464/1810 1877/465/1811 1875/462/1809
f 1877/465/1811 475/466/463 472/463/460
f 1874/461/1808 1873/460/567 1878/472/1812
f 1879/473/1813 1878/472/1812 1873/460/567
f 1876/464/1810 1874/461/1808 1880/469/1814
f 1881/471/1815 1874/461/1808 1878/472/1812
f 1880/469/1814 1874/461/1808 1881/471/1815
f 1877/465/1811 1876/464/1810 1882/467/1816
f 1880/469/1814 1883/470/1817 1876/464/1810
f 1876/464/1810 1883/470/1817 1882/467/1816
f 1877/465/1811 1884/468/1818 475/466/463
f 1882/467/1816 1884/468/1818 1877/465/1811
f 1884/468/1818 483/474/471 475/466/463
f 1881/471/1815 1878/472/1812 1885/478/1819
f 1878/472/1812 1879/473/1813 1886/479/1820
f 1885/478/1819 1878/472/1812 1886/479/1820
f 1887/482/554 1886/479/1820 1879/473/1813
f 1888/480/1821 1881/471/1815 1885/478/1819
f 1888/480/1821 1889/481/1822 1881/471/1815
f 1880/469/1814 1881/471/1815 1889/481/1822
f 1880/469/1814 1889/481/1822 1890/657/1823
f 1891/652/1824 1880/469/1814 1890/657/1823
f 1883/470/1817 1880/469/1814 1891/652/1824
f 1884/468/1818 1882/467/1816 1892/475/1825
f 1882/467/1816 1893/476/1826 1892/475/1825
f 1893/476/1826 1882/467/1816 1883/470/1817
f 1892/475/1825 1894/477/1827 1884/468/1818
f 1884/468/1818 1894/477/1827 483/474/471
f 1886/479/1820 1887/482/554 1895/483/551
f 1895/483/551 1885/478/1819 1886/479/1820
f 1885/478/1819 1895/483/551 1896/484/1828
f 1896/484/1828 1888/480/1821 1885/478/1819
f 1894/477/1827 494/485/482 483/474/471
f 1889/481/1822 1888/480/1821 1897/489/1829
f 1898/490/1830 1897/489/1829 1888/480/1821
f 1896/484/1828 1898/490/1830 1888/480/1821
f 1899/573/1831 1889/481/1822 1897/489/1829
f 1889/481/1822 1899/573/1831 1890/657/1823
f 1899/573/1831 1900/656/1832 1890/657/1823
f 1890/657/1823 1900/656/1832 1891/652/1824
f 1901/486/1833 1892/475/1825 1893/476/1826
f 1892/475/1825 1901/486/1833 1902/487/1834
f 1894/477/1827 1892/475/1825 1902/487/1834
f 1894/477/1827 1903/488/1835 494/485/482
f 1902/487/1834 1903/488/1835 1894/477/1827
f 1904/491/539 1898/490/1830 1896/484/1828
f 1903/488/1835 501/492/489 494/485/482
f 1897/489/1829 1898/490/1830 1905/551/1836
f 1906/561/1837 1897/489/1829 1905/551/1836
f 1899/573/1831 1897/489/1829 1906/561/1837
f 1898/490/1830 1907/552/1838 1905/551/1836
f 1898/490/1830 1904/491/539 1907/552/1838
f 1903/488/1835 1902/487/1834 1908/493/1839
f 1902/487/1834 1909/494/1840 1908/493/1839
f 1909/494/1840 1902/487/1834 1901/486/1833
f 1908/493/1839 1910/550/1841 1903/488/1835
f 1903/488/1835 1910/550/1841 501/492/489
f 1911/553/536 1907/552/1838 1904/491/539
f 1912/554/1842 1905/551/1836 1907/552/1838
f 1912/554/1842 1907/552/1838 1911/553/536
f 1905/551/1836 1912/554/1842 1913/559/1843
f 1913/559/1843 1906/561/1837 1905/551/1836
f 1910/550/1841 645/555/631 501/492/489
f 1914/556/1844 1908/493/1839 1909/494/1840
f 1915/557/1845 1908/493/1839 1914/556/1844
f 1910/550/1841 1908/493/1839 1915/557/1845
f 645/555/631 1910/550/1841 1916/558/1846
f 1915/557/1845 1916/558/1846 1910/550/1841
f 1916/558/1846 650/560/636 645/555/631
f 1916/558/1846 1915/557/1845 1917/562/1847
f 1917/562/1847 1915/557/1845 1918/563/1848
f 1918/563/1848 1915/557/1845 1914/556/1844
f 1917/562/1847 1919/564/1849 1916/558/1846
f 650/560/636 1916/558/1846 1919/564/1849
f 1918/563/1848 1914/556/1844 697/607/683
f 1914/556/1844 1909/494/1840 702/612/688
f 702/612/688 697/607/683 1914/556/1844
f 1919/564/1849 655/565/641 650/560/636
f 1920/566/1850 1917/562/1847 1918/563/1848
f 1921/567/1851 1917/562/1847 1920/566/1850
f 1917/562/1847 1921/567/1851 1919/564/1849
f 1920/566/1850 1918/563/1848 692/602/678
f 692/602/678 1918/563/1848 697/607/683
f 655/565/641 1919/564/1849 1922/568/1852
f 1921/567/1851 1922/568/1852 1919/564/1849
f 687/597/673 1920/566/1850 692/602/678
f 1923/575/1853 1921/567/1851 1920/566/1850
f 1920/566/1850 687/597/673 1923/575/1853
f 1924/574/1854 1921/567/1851 1923/575/1853
f 1921/567/1851 1924/574/1854 1922/568/1852
f 1924/574/1854 1925/576/1855 1922/568/1852
f 1922/568/1852 1925/576/1855 655/565/641
f 655/565/641 1925/576/1855 667/577/653
f 682/592/668 1923/575/1853 687/597/673
f 1926/585/1856 1924/574/1854 1923/575/1853
f 1923/575/1853 682/592/668 1926/585/1856
f 1927/586/1857 1924/574/1854 1926/585/1856
f 1927/586/1857 1925/576/1855 1924/574/1854
f 682/592/668 1927/586/1857 1926/585/1856
f 1925/576/1855 1928/587/1858 667/577/653
f 1927/586/1857 1928/587/1858 1925/576/1855
f 681/591/667 1928/587/1858 1927/586/1857
f 1927/586/1857 682/592/668 681/591/667
f 1928/587/1858 681/591/667 678/588/664
f 667/577/653 1928/587/1858 678/588/664
f 702/612/688 1909/494/1840 707/617/693
f 1909/494/1840 1901/486/1833 707/617/693
f 712/622/698 707/617/693 1901/486/1833
f 1901/486/1833 719/629/705 712/622/698
f 719/629/705 1901/486/1833 1893/476/1826
f 1893/476/1826 729/639/715 719/629/705
f 1893/476/1826 1883/470/1817 729/639/715
f 1883/470/1817 737/647/723 729/639/715
f 1883/470/1817 1891/652/1824 737/647/723
f 1891/652/1824 745/655/731 737/647/723
f 1891/652/1824 1900/656/1832 745/655/731
f 1900/656/1832 1929/658/1859 745/655/731
f 749/659/735 745/655/731 1929/658/1859
f 1900/656/1832 1899/573/1831 1929/658/1859
f 1930/584/1860 749/659/735 1929/658/1859
f 1931/1216/1861 1790/1135/1731 1791/1136/1732
f 1790/1135/1731 1931/1216/1861 1795/1140/1736
f 1786/1131/1727 1794/1139/1735 1932/1217/1862
f 1784/1129/1725 1786/1131/1727 1933/1218/1863
f 1786/1131/1727 1932/1217/1862 1933/1218/1863
f 1794/1139/1735 1795/1140/1736 1934/1219/1864
f 1934/1219/1864 1932/1217/1862 1794/1139/1735
f 1795/1140/1736 1931/1216/1861 1935/1220/1865
f 1935/1220/1865 1934/1219/1864 1795/1140/1736
f 1791/1136/1732 1936/1221/1866 1931/1216/1861
f 1791/1136/1732 1937/1222/1867 1936/1221/1866
f 1937/1222/1867 1791/1136/1732 1793/1138/1734
f 1931/1216/1861 1936/1221/1866 1938/1223/1868
f 1938/1223/1868 1935/1220/1865 1931/1216/1861
f 1939/1224/1869 1934/1219/1864 1935/1220/1865
f 1938/1223/1868 1939/1224/1869 1935/1220/1865
f 1940/1225/1870 1932/1217/1862 1934/1219/1864
f 1934/1219/1864 1939/1224/1869 1940/1225/1870
f 1932/1217/1862 1941/1226/1871 1933/1218/1863
f 1932/1217/1862 1940/1225/1870 1942/1227/1872
f 1941/1226/1871 1932/1217/1862 1942/1227/1872
f 1939/1224/1869 1938/1223/1868 1943/1228/1724
f 1938/1223/1868 1936/1221/1866 1943/1228/1724
f 1944/1229/1733 1943/1228/1724 1936/1221/1866
f 1944/1229/1733 1936/1221/1866 1937/1222/1867
f 1945/1230/1675 1933/1218/1863 1941/1226/1871
f 1937/1222/1867 1946/1231/1873 1944/1229/1733
f 1947/1232/1874 1946/1231/1873 1937/1222/1867
f 1947/1232/1874 1937/1222/1867 1793/1138/1734
f 1948/1233/1875 1947/1232/1874 1793/1138/1734
f 1948/1233/1875 1793/1138/1734 1788/1133/1729
f 1779/1124/1720 1948/1233/1875 1788/1133/1729
f 1779/1124/1720 1949/1234/1876 1948/1233/1875
f 1947/1232/1874 1948/1233/1875 1950/1235/1877
f 1949/1234/1876 1950/1235/1877 1948/1233/1875
f 1951/1236/1878 1950/1235/1877 1949/1234/1876
f 1949/1234/1876 1779/1124/1720 1952/1237/1879
f 1949/1234/1876 1952/1237/1879 1951/1236/1878
f 1779/1124/1720 1765/1110/1706 1952/1237/1879
f 1764/1109/1705 1951/1236/1878 1952/1237/1879
f 1952/1237/1879 1765/1110/1706 1764/1109/1705
f 1953/1238/1880 1947/1232/1874 1950/1235/1877
f 1947/1232/1874 1953/1238/1880 1954/1239/1881
f 1950/1235/1877 1955/1240/1882 1953/1238/1880
f 1955/1240/1882 1950/1235/1877 1951/1236/1878
f 1951/1236/1878 1766/1111/1707 1955/1240/1882
f 1766/1111/1707 1951/1236/1878 1764/1109/1705
f 1953/1238/1880 1955/1240/1882 1787/1132/1728
f 1953/1238/1880 1792/1137/1733 1954/1239/1881
f 1792/1137/1733 1953/1238/1880 1787/1132/1728
f 1955/1240/1882 1766/1111/1707 1773/1118/1714
f 1787/1132/1728 1955/1240/1882 1773/1118/1714
f 1956/1241/1652 1957/1242/1650 1958/1243/1883
f 1958/1243/1883 1957/1242/1650 1959/1244/1884
f 1958/1243/1883 1960/1245/1885 1956/1241/1652
f 1956/1241/1652 1960/1245/1885 1961/1246/1886
f 1962/1247/1887 1960/1245/1885 1958/1243/1883
f 1963/1248/1888 1958/1243/1883 1959/1244/1884
f 1963/1248/1888 1962/1247/1887 1958/1243/1883
f 1959/1244/1884 1964/1249/617 1963/1248/1888
f 1965/1250/1889 1961/1246/1886 1960/1245/1885
f 1960/1245/1885 1962/1247/1887 1966/1251/1890
f 1966/1251/1890 1965/1250/1889 1960/1245/1885
f 1961/1246/1886 1965/1250/1889 1967/1252/1671
f 1965/1250/1889 1968/1253/1891 1967/1252/1671
f 1969/1254/1892 1968/1253/1891 1965/1250/1889
f 1965/1250/1889 1966/1251/1890 1969/1254/1892
f 1962/1247/1887 1970/1255/1893 1966/1251/1890
f 1966/1251/1890 1971/1256/1894 1969/1254/1892
f 1966/1251/1890 1970/1255/1893 1971/1256/1894
f 1969/1254/1892 1971/1256/1894 1972/1257/1895
f 1969/1254/1892 1972/1257/1895 1968/1253/1891
f 1970/1255/1893 1962/1247/1887 1775/1120/1716
f 1962/1247/1887 1762/1107/1703 1775/1120/1716
f 1762/1107/1703 1962/1247/1887 1973/1258/1896
f 1963/1248/1888 1973/1258/1896 1962/1247/1887
f 1974/1259/1897 1963/1248/1888 1964/1249/617
f 1964/1249/617 1975/1260/1898 1974/1259/1897
f 1970/1255/1893 1976/1261/1899 1971/1256/1894
f 1970/1255/1893 1784/1129/1725 1976/1261/1899
f 1775/1120/1716 1784/1129/1725 1970/1255/1893
f 1971/1256/1894 1976/1261/1899 1945/1230/1675
f 1971/1256/1894 1945/1230/1675 1972/1257/1895
f 1933/1218/1863 1945/1230/1675 1976/1261/1899
f 1784/1129/1725 1933/1218/1863 1976/1261/1899
f 1762/1107/1703 1973/1258/1896 1752/1097/1693
f 1721/1066/1662 1974/1259/1897 1975/1260/1898
f 1977/1262/1900 1752/1097/1693 1973/1258/1896
f 1963/1248/1888 1977/1262/1900 1973/1258/1896
f 1977/1262/1900 1963/1248/1888 1974/1259/1897
f 1974/1259/1897 1740/1085/1681 1977/1262/1900
f 1729/1074/1670 1740/1085/1681 1974/1259/1897
f 1974/1259/1897 1721/1066/1662 1729/1074/1670
f 1740/1085/1681 1752/1097/1693 1977/1262/1900
f 1978/1263/1901 1979/1264/1902 1980/1265/1903
f 1980/1265/1903 1979/1264/1902 1981/1266/1904
f 1980/1265/1903 1982/1267/1905 1978/1263/1901
f 1983/1268/1906 1978/1263/1901 1982/1267/1905
f 1980/1265/1903 1984/1269/1907 1982/1267/1905
f 1985/1270/1908 1984/1269/1907 1980/1265/1903
f 1986/1271/1909 1985/1270/1908 1980/1265/1903
f 1986/1271/1909 1980/1265/1903 1981/1266/1904
f 1981/1266/1904 1987/1272/1910 1986/1271/1909
f 1988/1273/1911 1983/1268/1906 1982/1267/1905
f 1989/1274/1912 1982/1267/1905 1984/1269/1907
f 1982/1267/1905 1989/1274/1912 1988/1273/1911
f 1990/1275/1913 1983/1268/1906 1988/1273/1911
f 1991/1276/1914 1988/1273/1911 1989/1274/1912
f 1988/1273/1911 1991/1276/1914 1990/1275/1913
f 1984/1269/1907 1992/1277/1915 1989/1274/1912
f 1984/1269/1907 1993/1278/1916 1992/1277/1915
f 1985/1270/1908 1993/1278/1916 1984/1269/1907
f 1989/1274/1912 1992/1277/1915 1994/1279/1917
f 1989/1274/1912 1994/1279/1917 1991/1276/1914
f 1995/1280/1918 1986/1271/1909 1987/1272/1910
f 1986/1271/1909 1996/1281/1919 1985/1270/1908
f 1997/1282/1920 1996/1281/1919 1986/1271/1909
f 1986/1271/1909 1995/1280/1918 1997/1282/1920
f 1993/1278/1916 1998/1283/1921 1992/1277/1915
f 1992/1277/1915 1999/1284/1922 1994/1279/1917
f 1992/1277/1915 1998/1283/1921 1999/1284/1922
f 2000/1285/1923 1997/1282/1920 1995/1280/1918
f 1996/1281/1919 1997/1282/1920 2001/1286/1924
f 1997/1282/1920 2000/1285/1923 2002/1287/1925
f 2002/1287/1925 2001/1286/1924 1997/1282/1920
f 1998/1283/1921 2003/1288/1926 1999/1284/1922
f 1993/1278/1916 2004/1289/1927 1998/1283/1921
f 2003/1288/1926 1998/1283/1921 2005/1290/1928
f 2005/1290/1928 1998/1283/1921 2004/1289/1927
f 2001/1286/1924 2006/1291/1929 1996/1281/1919
f 2006/1291/1929 1985/1270/1908 1996/1281/1919
f 2006/1291/1929 2001/1286/1924 2007/1292/1930
f 2007/1292/1930 2001/1286/1924 2008/1293/1931
f 2001/1286/1924 2002/1287/1925 2008/1293/1931
f 2009/1294/1932 2008/1293/1931 2002/1287/1925
f 2000/1285/1923 2009/1294/1932 2002/1287/1925
f 2009/1294/1932 2000/1285/1923 2010/1295/1933
f 2005/1290/1928 2011/1296/1934 2003/1288/1926
f 2011/1296/1934 2005/1290/1928 2012/1297/1935
f 2012/1297/1935 2005/1290/1928 2013/1298/1936
f 2004/1289/1927 2013/1298/1936 2005/1290/1928
f 2008/1293/1931 2014/1299/1937 2007/1292/1930
f 2015/1300/1938 2006/1291/1929 2007/1292/1930
f 2015/1300/1938 2007/1292/1930 2014/1299/1937
f 1985/1270/1908 2006/1291/1929 2016/1301/1939
f 2017/1302/1940 2016/1301/1939 2006/1291/1929
f 2006/1291/1929 2015/1300/1938 2017/1302/1940
f 1993/1278/1916 1985/1270/1908 2016/1301/1939
f 2018/1303/1941 2008/1293/1931 2009/1294/1932
f 2019/1304/1942 2008/1293/1931 2018/1303/1941
f 2008/1293/1931 2019/1304/1942 2014/1299/1937
f 2009/1294/1932 2020/1305/1943 2018/1303/1941
f 2009/1294/1932 2021/1306/1944 2020/1305/1943
f 2010/1295/1933 2021/1306/1944 2009/1294/1932
f 2012/1297/1935 2022/1307/1945 2011/1296/1934
f 2013/1298/1936 2023/1308/1946 2012/1297/1935
f 2022/1307/1945 2012/1297/1935 2024/1309/1947
f 2024/1309/1947 2012/1297/1935 2023/1308/1946
f 2025/1310/1948 2014/1299/1937 2019/1304/1942
f 2014/1299/1937 2025/1310/1948 2026/1311/1949
f 2014/1299/1937 2026/1311/1949 2015/1300/1938
f 2027/1312/1950 2015/1300/1938 2026/1311/1949
f 2015/1300/1938 2027/1312/1950 2017/1302/1940
f 2018/1303/1941 2020/1305/1943 2028/1313/1951
f 2019/1304/1942 2018/1303/1941 2028/1313/1951
f 2019/1304/1942 2028/1313/1951 2029/1314/1952
f 2025/1310/1948 2019/1304/1942 2029/1314/1952
f 2021/1306/1944 2030/1315/1953 2020/1305/1943
f 2028/1313/1951 2020/1305/1943 2031/1316/1954
f 2020/1305/1943 2030/1315/1953 2032/1317/1955
f 2020/1305/1943 2032/1317/1955 2031/1316/1954
f 2031/1316/1954 2029/1314/1952 2028/1313/1951
f 2033/1318/1956 2022/1307/1945 2024/1309/1947
f 2023/1308/1946 2034/1319/1957 2024/1309/1947
f 2024/1309/1947 2035/1320/1958 2033/1318/1956
f 2035/1320/1958 2024/1309/1947 2034/1319/1957
f 2036/1321/1959 2026/1311/1949 2025/1310/1948
f 2036/1321/1959 2025/1310/1948 2037/1322/1960
f 2025/1310/1948 2029/1314/1952 2037/1322/1960
f 2026/1311/1949 2036/1321/1959 2038/1323/1961
f 2026/1311/1949 2038/1323/1961 2027/1312/1950
f 2029/1314/1952 2031/1316/1954 2039/1324/1962
f 2037/1322/1960 2029/1314/1952 2039/1324/1962
f 2030/1315/1953 2040/1325/1902 2032/1317/1955
f 2032/1317/1955 2040/1325/1902 2041/1326/1963
f 2042/1327/1964 2031/1316/1954 2032/1317/1955
f 2042/1327/1964 2032/1317/1955 2041/1326/1963
f 2031/1316/1954 2043/1328/1965 2039/1324/1962
f 2031/1316/1954 2042/1327/1964 2044/1329/1966
f 2043/1328/1965 2031/1316/1954 2044/1329/1966
f 2045/1330/1967 2033/1318/1956 2035/1320/1958
f 2034/1319/1957 2046/1331/1968 2035/1320/1958
f 2035/1320/1958 2047/1332/1969 2045/1330/1967
f 2047/1332/1969 2035/1320/1958 2046/1331/1968
f 2048/1333/1970 2038/1323/1961 2036/1321/1959
f 2049/1334/1971 2036/1321/1959 2037/1322/1960
f 2048/1333/1970 2036/1321/1959 2049/1334/1971
f 2037/1322/1960 2039/1324/1962 2050/1335/1972
f 2050/1335/1972 2049/1334/1971 2037/1322/1960
f 2050/1335/1972 2039/1324/1962 2051/1336/1973
f 2039/1324/1962 2043/1328/1965 2051/1336/1973
f 2042/1327/1964 2041/1326/1963 2052/1337/1974
f 2052/1337/1974 2053/1338/1975 2042/1327/1964
f 2044/1329/1966 2042/1327/1964 2053/1338/1975
f 2046/1331/1968 2054/1339/1976 2047/1332/1969
f 2047/1332/1969 2054/1339/1976 2045/1330/1967
f 2044/1329/1966 2055/1340/1977 2043/1328/1965
f 2043/1328/1965 2055/1340/1977 2056/1341/1978
f 2051/1336/1973 2043/1328/1965 2056/1341/1978
f 2055/1340/1977 2044/1329/1966 2057/1342/1979
f 2044/1329/1966 2053/1338/1975 2057/1342/1979
f 2049/1334/1971 2050/1335/1972 2058/1343/1980
f 2051/1336/1973 2058/1343/1980 2050/1335/1972
f 2058/1343/1980 2059/1344/1981 2049/1334/1971
f 2059/1344/1981 2048/1333/1970 2049/1334/1971
f 2058/1343/1980 2051/1336/1973 2060/1345/1982
f 2061/1346/1983 2051/1336/1973 2056/1341/1978
f 2051/1336/1973 2061/1346/1983 2060/1345/1982
f 2056/1341/1978 2055/1340/1977 2062/1347/1984
f 2062/1347/1984 2061/1346/1983 2056/1341/1978
f 2057/1342/1979 2063/1348/1985 2055/1340/1977
f 2063/1348/1985 2062/1347/1984 2055/1340/1977
f 2057/1342/1979 2053/1338/1975 2064/1349/1986
f 2063/1348/1985 2057/1342/1979 2064/1349/1986
f 2053/1338/1975 2052/1337/1974 2065/1350/1913
f 2053/1338/1975 2065/1350/1913 2064/1349/1986
f 2060/1345/1982 2066/1351/1987 2058/1343/1980
f 2059/1344/1981 2058/1343/1980 2066/1351/1987
f 2060/1345/1982 2061/1346/1983 2067/1352/1988
f 2068/1353/1989 2060/1345/1982 2067/1352/1988
f 2066/1351/1987 2060/1345/1982 2068/1353/1989
f 2069/1354/1990 2067/1352/1988 2061/1346/1983
f 2061/1346/1983 2062/1347/1984 2069/1354/1990
f 2070/1355/1991 2068/1353/1989 2067/1352/1988
f 2068/1353/1989 2070/1355/1991 2071/1356/1992
f 2071/1356/1992 2066/1351/1987 2068/1353/1989
f 2066/1351/1987 2071/1356/1992 2072/1357/1993
f 2066/1351/1987 2073/1358/1994 2059/1344/1981
f 2073/1358/1994 2066/1351/1987 2072/1357/1993
f 2067/1352/1988 2069/1354/1990 2074/1359/1995
f 2075/1360/1945 2067/1352/1988 2074/1359/1995
f 2067/1352/1988 2075/1360/1945 2070/1355/1991
f 2075/1360/1945 2076/1361/1996 2070/1355/1991
f 2071/1356/1992 2070/1355/1991 2077/1362/1997
f 2077/1362/1997 2070/1355/1991 2076/1361/1996
f 2078/1363/1998 2071/1356/1992 2077/1362/1997
f 2072/1357/1993 2071/1356/1992 2078/1363/1998
f 2079/1364/1999 2072/1357/1993 2078/1363/1998
f 2073/1358/1994 2072/1357/1993 2079/1364/1999
f 2076/1361/1996 2080/1365/2000 2077/1362/1997
f 2080/1365/2000 2078/1363/1998 2077/1362/1997
f 2081/1366/2001 2078/1363/1998 2080/1365/2000
f 2081/1366/2001 2079/1364/1999 2078/1363/1998
f 2080/1365/2000 2076/1361/1996 2082/1367/2002
f 2082/1367/2002 2081/1366/2001 2080/1365/2000
f 2082/1367/2002 2083/1368/2003 2081/1366/2001
f 1930/584/1860 1929/658/1859 1899/573/1831
f 750/660/736 749/659/735 1930/584/1860
f 1930/584/1860 1899/573/1831 2084/572/2004
f 2084/572/2004 1899/573/1831 1906/561/1837
f 2085/583/2005 1930/584/1860 2084/572/2004
f 2085/583/2005 2086/594/2006 1930/584/1860
f 2086/594/2006 750/660/736 1930/584/1860
f 751/661/737 750/660/736 2086/594/2006
f 2084/572/2004 1906/561/1837 2087/571/2007
f 2088/582/2008 2084/572/2004 2087/571/2007
f 2085/583/2005 2084/572/2004 2088/582/2008
f 2085/583/2005 2088/582/2008 2089/590/2009
f 2090/593/2010 2085/583/2005 2089/590/2009
f 2090/593/2010 2086/594/2006 2085/583/2005
f 2091/599/2011 751/661/737 2086/594/2006
f 2090/593/2010 2091/599/2011 2086/594/2006
f 752/662/738 751/661/737 2091/599/2011
f 2087/571/2007 671/581/657 2088/582/2008
f 2089/590/2009 2088/582/2008 679/589/665
f 671/581/657 679/589/665 2088/582/2008
f 1906/561/1837 2092/569/2012 2087/571/2007
f 668/578/654 671/581/657 2087/571/2007
f 2087/571/2007 2092/569/2012 668/578/654
f 679/589/665 685/595/671 2089/590/2009
f 2093/596/2013 2090/593/2010 2089/590/2009
f 2089/590/2009 685/595/671 2093/596/2013
f 2090/593/2010 2093/596/2013 2094/598/2014
f 2094/598/2014 2091/599/2011 2090/593/2010
f 2091/599/2011 2094/598/2014 2095/604/2015
f 2091/599/2011 2095/604/2015 753/663/739
f 2091/599/2011 753/663/739 752/662/738
f 669/579/655 668/578/654 2092/569/2012
f 685/595/671 690/600/676 2093/596/2013
f 2093/596/2013 2096/601/2016 2094/598/2014
f 2096/601/2016 2093/596/2013 690/600/676
f 2097/603/2017 2094/598/2014 2096/601/2016
f 2097/603/2017 2095/604/2015 2094/598/2014
f 2095/604/2015 754/664/740 753/663/739
f 2095/604/2015 2097/603/2017 2098/609/2018
f 2095/604/2015 2098/609/2018 754/664/740
f 690/600/676 695/605/681 2096/601/2016
f 2096/601/2016 695/605/681 2099/606/2019
f 2099/606/2019 2097/603/2017 2096/601/2016
f 2097/603/2017 2099/606/2019 2100/608/2020
f 2100/608/2020 2098/609/2018 2097/603/2017
f 2098/609/2018 755/665/741 754/664/740
f 2098/609/2018 2100/608/2020 2101/613/2021
f 2098/609/2018 2101/613/2021 755/665/741
f 695/605/681 700/610/686 2099/606/2019
f 2099/606/2019 2102/611/2022 2100/608/2020
f 2099/606/2019 700/610/686 2102/611/2022
f 2103/614/2023 2101/613/2021 2100/608/2020
f 2103/614/2023 2100/608/2020 2102/611/2022
f 2101/613/2021 714/624/700 755/665/741
f 2101/613/2021 2104/618/2024 714/624/700
f 2101/613/2021 2103/614/2023 2104/618/2024
f 700/610/686 705/615/691 2102/611/2022
f 2105/616/2025 2103/614/2023 2102/611/2022
f 2102/611/2022 705/615/691 2105/616/2025
f 2106/619/2026 2104/618/2024 2103/614/2023
f 2103/614/2023 2105/616/2025 2106/619/2026
f 2104/618/2024 2106/619/2026 2107/623/2027
f 2107/623/2027 714/624/700 2104/618/2024
f 714/624/700 2107/623/2027 722/632/708
f 705/615/691 710/620/696 2105/616/2025
f 2105/616/2025 2108/621/2028 2106/619/2026
f 2105/616/2025 710/620/696 2108/621/2028
f 2106/619/2026 2109/625/2029 2107/623/2027
f 2110/626/2030 2106/619/2026 2108/621/2028
f 2109/625/2029 2106/619/2026 2110/626/2030
f 2107/623/2027 723/633/709 722/632/708
f 2109/625/2029 2111/634/2031 2107/623/2027
f 723/633/709 2107/623/2027 2111/634/2031
f 710/620/696 717/627/703 2108/621/2028
f 2108/621/2028 717/627/703 2112/628/2032
f 2112/628/2032 2110/626/2030 2108/621/2028
f 2110/626/2030 2112/628/2032 2113/630/2033
f 2110/626/2030 2113/630/2033 2114/631/2034
f 2109/625/2029 2110/626/2030 2114/631/2034
f 2115/635/2035 2109/625/2029 2114/631/2034
f 2115/635/2035 2116/636/2036 2109/625/2029
f 2109/625/2029 2116/636/2036 2111/634/2031
f 2111/634/2031 730/640/716 723/633/709
f 730/640/716 2111/634/2031 2116/636/2036
f 2116/636/2036 733/643/719 730/640/716
f 733/643/719 2116/636/2036 2115/635/2035
f 2115/635/2035 738/648/724 733/643/719
f 738/648/724 2115/635/2035 2114/631/2034
f 717/627/703 727/637/713 2112/628/2032
f 2112/628/2032 2117/638/2037 2113/630/2033
f 2112/628/2032 727/637/713 2117/638/2037
f 2118/641/2038 2113/630/2033 2117/638/2037
f 2119/642/2039 2114/631/2034 2113/630/2033
f 2118/641/2038 2119/642/2039 2113/630/2033
f 2114/631/2034 756/666/742 738/648/724
f 756/666/742 2114/631/2034 2119/642/2039
f 2120/644/2040 2117/638/2037 727/637/713
f 2118/641/2038 2117/638/2037 2120/644/2040
f 2119/642/2039 2118/641/2038 2121/645/2041
f 2121/645/2041 2118/641/2038 2120/644/2040
f 2119/642/2039 741/651/727 756/666/742
f 741/651/727 2119/642/2039 2121/645/2041
f 727/637/713 736/646/722 2120/644/2040
f 2121/645/2041 2122/650/2042 741/651/727
f 2122/650/2042 2121/645/2041 2120/644/2040
f 2122/650/2042 2120/644/2040 2123/649/2043
f 2123/649/2043 2120/644/2040 736/646/722
f 741/651/727 2122/650/2042 743/653/729
f 743/653/729 2122/650/2042 2123/649/2043
f 736/646/722 744/654/730 2123/649/2043
f 743/653/729 2123/649/2043 744/654/730
f 1906/561/1837 1913/559/1843 2092/569/2012
f 2124/570/2044 2092/569/2012 1913/559/1843
f 2124/570/2044 669/579/655 2092/569/2012
f 670/580/656 669/579/655 2124/570/2044
f 1336/781/1289 1323/768/1276 1677/1052/1619
f 1323/768/1276 1316/762/1269 1677/1052/1619
f 1316/762/1269 280/280/277 1677/1052/1619
f 280/280/277 1316/762/1269 1307/273/1260
f 1307/273/1260 272/272/269 280/280/277
f 272/272/269 1307/273/1260 1298/263/1251
f 1298/263/1251 270/270/267 272/272/269
f 270/270/267 1298/263/1251 2125/262/2045
f 1298/263/1251 1293/255/1246 2125/262/2045
f 270/270/267 2125/262/2045 271/271/268
f 2125/262/2045 2126/265/2046 271/271/268
f 2125/262/2045 2127/257/2047 2126/265/2046
f 2127/257/2047 2125/262/2045 1293/255/1246
f 1293/255/1246 1283/250/1236 2127/257/2047
f 271/271/268 2126/265/2046 275/275/272
f 2126/265/2046 2127/257/2047 2128/266/2048
f 2126/265/2046 2129/274/2049 275/275/272
f 2126/265/2046 2128/266/2048 2129/274/2049
f 1283/250/1236 2130/258/2050 2127/257/2047
f 2127/257/2047 2130/258/2050 2128/266/2048
f 1283/250/1236 1277/251/1230 2130/258/2050
f 275/275/272 2129/274/2049 281/281/278
f 2129/274/2049 2128/266/2048 2131/276/2051
f 2128/266/2048 2132/267/2052 2131/276/2051
f 2130/258/2050 2132/267/2052 2128/266/2048
f 2129/274/2049 2133/282/2053 281/281/278
f 2129/274/2049 2131/276/2051 2133/282/2053
f 2130/258/2050 1277/251/1230 2134/260/2054
f 2130/258/2050 2134/260/2054 2132/267/2052
f 1277/251/1230 1269/259/1222 2134/260/2054
f 2133/282/2053 287/287/284 281/281/278
f 2131/276/2051 2132/267/2052 2135/277/2055
f 2133/282/2053 2131/276/2051 2136/283/2056
f 2131/276/2051 2135/277/2055 2136/283/2056
f 2132/267/2052 2134/260/2054 2137/268/2057
f 2132/267/2052 2137/268/2057 2135/277/2055
f 2133/282/2053 2136/283/2056 2138/288/2058
f 287/287/284 2133/282/2053 2138/288/2058
f 1269/259/1222 2139/269/2059 2134/260/2054
f 2134/260/2054 2139/269/2059 2137/268/2057
f 1269/259/1222 1256/548/1209 2139/269/2059
f 2135/277/2055 940/284/920 2136/283/2056
f 940/284/920 2135/277/2055 945/278/925
f 2137/268/2057 945/278/925 2135/277/2055
f 2136/283/2056 940/284/920 935/289/915
f 2136/283/2056 935/289/915 2138/288/2058
f 2139/269/2059 950/279/930 2137/268/2057
f 950/279/930 945/278/925 2137/268/2057
f 1256/548/1209 2140/545/2060 2139/269/2059
f 950/279/930 2139/269/2059 2141/541/2061
f 2139/269/2059 2140/545/2060 2141/541/2061
f 1256/548/1209 1264/691/1217 2140/545/2060
f 1264/691/1217 2142/544/2062 2140/545/2060
f 2141/541/2061 2140/545/2060 2142/544/2062
f 2138/288/2058 935/289/915 927/295/907
f 950/279/930 2141/541/2061 956/535/936
f 956/535/936 2141/541/2061 2143/540/2063
f 2143/540/2063 2141/541/2061 2142/544/2062
f 2138/288/2058 927/295/907 918/299/898
f 2143/540/2063 1241/536/1194 956/535/936
f 918/299/898 928/307/908 2144/298/2064
f 2138/288/2058 918/299/898 2144/298/2064
f 2144/298/2064 287/287/284 2138/288/2058
f 287/287/284 2144/298/2064 300/300/297
f 308/308/305 2144/298/2064 928/307/908
f 2144/298/2064 308/308/305 300/300/297
f 928/307/908 317/313/314 308/308/305
f 928/307/908 929/314/909 317/313/314
f 2145/322/2065 317/313/314 929/314/909
f 317/313/314 2145/322/2065 833/692/813
f 2145/322/2065 929/314/909 920/315/900
f 834/693/814 833/692/813 2145/322/2065
f 2145/322/2065 2146/694/2066 834/693/814
f 2145/322/2065 920/315/900 2147/324/2067
f 2146/694/2066 2145/322/2065 2147/324/2067
f 920/315/900 908/323/888 2147/324/2067
f 836/695/816 834/693/814 2146/694/2066
f 2146/694/2066 2147/324/2067 2148/696/2068
f 2146/694/2066 2149/697/2069 836/695/816
f 2148/696/2068 2149/697/2069 2146/694/2066
f 2147/324/2067 910/701/890 2148/696/2068
f 910/701/890 2147/324/2067 908/323/888
f 839/698/819 836/695/816 2149/697/2069
f 2148/696/2068 910/701/890 2150/702/2070
f 2151/699/2071 2148/696/2068 2150/702/2070
f 2149/697/2069 2148/696/2068 2151/699/2071
f 2151/699/2071 2152/700/2072 2149/697/2069
f 2149/697/2069 2152/700/2072 839/698/819
f 2152/700/2072 844/703/824 839/698/819
f 2151/699/2071 2150/702/2070 2153/704/2073
f 2154/705/2074 2151/699/2071 2153/704/2073
f 2152/700/2072 2151/699/2071 2154/705/2074
f 844/703/824 2152/700/2072 2155/706/2075
f 2154/705/2074 2155/706/2075 2152/700/2072
f 2153/704/2073 2150/702/2070 2156/707/2076
f 2157/708/2077 2150/702/2070 910/701/890
f 2150/702/2070 2157/708/2077 2156/707/2076
f 910/701/890 900/709/880 2157/708/2077
f 2153/704/2073 2158/711/2078 2154/705/2074
f 2153/704/2073 2156/707/2076 2159/712/2079
f 2158/711/2078 2153/704/2073 2159/712/2079
f 2160/713/2080 2154/705/2074 2158/711/2078
f 2155/706/2075 2154/705/2074 2160/713/2080
f 2158/711/2078 2161/714/2081 2160/713/2080
f 2161/714/2081 2158/711/2078 2159/712/2079
f 2161/714/2081 2155/706/2075 2160/713/2080
f 2162/715/2082 844/703/824 2155/706/2075
f 2162/715/2082 2155/706/2075 2161/714/2081
f 882/741/862 844/703/824 2162/715/2082
f 2159/712/2079 2156/707/2076 2163/716/2083
f 2164/717/2084 2163/716/2083 2156/707/2076
f 2156/707/2076 2157/708/2077 2164/717/2084
f 897/718/877 2164/717/2084 2157/708/2077
f 897/718/877 2157/708/2077 900/709/880
f 2162/715/2082 2161/714/2081 2165/721/2085
f 2161/714/2081 2159/712/2079 2165/721/2085
f 2163/716/2083 2166/722/2086 2159/712/2079
f 2165/721/2085 2159/712/2079 2166/722/2086
f 2166/722/2086 2163/716/2083 2167/723/2087
f 2163/716/2083 2164/717/2084 2167/723/2087
f 882/741/862 2162/715/2082 875/734/855
f 2162/715/2082 2165/721/2085 2168/727/2088
f 2162/715/2082 2168/727/2088 875/734/855
f 2169/726/2089 2168/727/2088 2165/721/2085
f 2169/726/2089 2165/721/2085 2166/722/2086
f 2166/722/2086 2167/723/2087 2169/726/2089
f 875/734/855 2168/727/2088 2169/726/2089
f 873/732/853 875/734/855 2169/726/2089
f 2169/726/2089 2167/723/2087 873/732/853
f 2167/723/2087 2170/725/2090 873/732/853
f 2170/725/2090 2167/723/2087 2164/717/2084
f 902/724/882 2164/717/2084 897/718/877
f 2164/717/2084 902/724/882 2170/725/2090
f 2170/725/2090 902/724/882 874/733/854
f 874/733/854 873/732/853 2170/725/2090
f 883/742/863 874/733/854 902/724/882
f 590/518/578 591/519/579 2171/517/2091
f 2171/517/2091 2/2/2 590/518/578
f 4/4/4 590/518/578 2/2/2
f 2/2/2 2171/517/2091 6/6/6
f 6/6/6 3/3/3 2/2/2
f 2172/1369/2092 2079/1364/1999 2081/1366/2001
f 2083/1368/2003 2172/1369/2092 2081/1366/2001
f 2173/1370/2093 2079/1364/1999 2172/1369/2092
f 2174/1371/2094 2073/1358/1994 2079/1364/1999
f 2079/1364/1999 2173/1370/2093 2174/1371/2094
f 2083/1368/2003 2175/1372/2095 2172/1369/2092
f 2176/1373/2096 2172/1369/2092 2175/1372/2095
f 2172/1369/2092 2176/1373/2096 2173/1370/2093
f 2176/1373/2096 2177/1374/2097 2173/1370/2093
f 2178/1375/2098 2173/1370/2093 2177/1374/2097
f 2174/1371/2094 2173/1370/2093 2178/1375/2098
f 2177/1374/2097 2179/1376/2099 2178/1375/2098
f 2178/1375/2098 2180/1377/2100 2174/1371/2094
f 2178/1375/2098 2179/1376/2099 2180/1377/2100
f 2073/1358/1994 2174/1371/2094 2180/1377/2100
f 2181/1378/2101 2179/1376/2099 2177/1374/2097
f 2177/1374/2097 2176/1373/2096 2182/1379/2102
f 2177/1374/2097 2182/1379/2102 2181/1378/2101
f 2183/1380/2103 2180/1377/2100 2179/1376/2099
f 2180/1377/2100 2183/1380/2103 2184/1381/2104
f 2180/1377/2100 2184/1381/2104 2073/1358/1994
f 2183/1380/2103 2179/1376/2099 2185/1382/2105
f 2179/1376/2099 2181/1378/2101 2186/1383/2106
f 2186/1383/2106 2185/1382/2105 2179/1376/2099
f 2182/1379/2102 2187/1384/2107 2181/1378/2101
f 2186/1383/2106 2181/1378/2101 2187/1384/2107
f 2059/1344/1981 2073/1358/1994 2184/1381/2104
f 2187/1384/2107 2188/1385/2108 2186/1383/2106
f 2188/1385/2108 2185/1382/2105 2186/1383/2106
f 2189/1386/2109 2183/1380/2103 2185/1382/2105
f 2190/1387/2110 2184/1381/2104 2183/1380/2103
f 2183/1380/2103 2189/1386/2109 2190/1387/2110
f 2184/1381/2104 2190/1387/2110 2048/1333/1970
f 2184/1381/2104 2048/1333/1970 2059/1344/1981
f 2188/1385/2108 2191/1388/2111 2185/1382/2105
f 2185/1382/2105 2191/1388/2111 2189/1386/2109
f 2189/1386/2109 2038/1323/1961 2190/1387/2110
f 2038/1323/1961 2048/1333/1970 2190/1387/2110
f 2187/1384/2107 2192/1389/2112 2188/1385/2108
f 2182/1379/2102 2193/1390/2113 2187/1384/2107
f 2192/1389/2112 2187/1384/2107 2193/1390/2113
f 2188/1385/2108 2194/1391/2114 2191/1388/2111
f 2194/1391/2114 2188/1385/2108 2192/1389/2112
f 2189/1386/2109 2191/1388/2111 2195/1392/2115
f 2189/1386/2109 2195/1392/2115 2027/1312/1950
f 2038/1323/1961 2189/1386/2109 2027/1312/1950
f 2191/1388/2111 2196/1393/2116 2195/1392/2115
f 2196/1393/2116 2191/1388/2111 2194/1391/2114
f 2034/1319/1957 2194/1391/2114 2192/1389/2112
f 2192/1389/2112 2046/1331/1968 2034/1319/1957
f 2046/1331/1968 2192/1389/2112 2193/1390/2113
f 2194/1391/2114 2034/1319/1957 2023/1308/1946
f 2023/1308/1946 2196/1393/2116 2194/1391/2114
f 2195/1392/2115 2017/1302/1940 2027/1312/1950
f 2197/1394/2117 2195/1392/2115 2196/1393/2116
f 2195/1392/2115 2197/1394/2117 2017/1302/1940
f 2196/1393/2116 2023/1308/1946 2013/1298/1936
f 2004/1289/1927 2196/1393/2116 2013/1298/1936
f 2196/1393/2116 2004/1289/1927 2197/1394/2117
f 2016/1301/1939 2017/1302/1940 2197/1394/2117
f 2004/1289/1927 2016/1301/1939 2197/1394/2117
f 2193/1390/2113 2054/1339/1976 2046/1331/1968
f 2016/1301/1939 2004/1289/1927 1993/1278/1916
f 2193/1390/2113 2198/1395/2118 2054/1339/1976
f 2054/1339/1976 2198/1395/2118 2199/1396/2003
f 2199/1396/2003 2045/1330/1967 2054/1339/1976
f 2198/1395/2118 2193/1390/2113 2182/1379/2102
f 2176/1373/2096 2198/1395/2118 2182/1379/2102
f 2176/1373/2096 2200/1397/2119 2198/1395/2118
f 2198/1395/2118 2200/1397/2119 2199/1396/2003
f 2201/1398/2120 2202/1399/2121 2203/1400/2122
f 2204/1401/2123 2202/1399/2121 2201/1398/2120
f 2203/1400/2122 2202/1399/2121 2205/1402/2124
f 2206/1403/2125 2205/1402/2124 2202/1399/2121
f 2206/1403/2125 2202/1399/2121 2207/1404/2126
f 2202/1399/2121 2204/1401/2123 2207/1404/2126
f 2203/1400/2122 2205/1402/2124 2208/1405/2127
f 2208/1405/2127 2205/1402/2124 2209/1406/2128
f 2210/1407/2129 2205/1402/2124 2206/1403/2125
f 2209/1406/2128 2205/1402/2124 2210/1407/2129
f 2211/1408/2130 2208/1405/2127 2209/1406/2128
f 2209/1406/2128 2210/1407/2129 2211/1408/2130
f 2212/1409/2131 2206/1403/2125 2207/1404/2126
f 2213/1410/2132 2210/1407/2129 2206/1403/2125
f 2213/1410/2132 2206/1403/2125 2212/1409/2131
f 2204/1401/2123 2214/1411/2133 2207/1404/2126
f 2214/1411/2133 2212/1409/2131 2207/1404/2126
f 2214/1411/2133 2204/1401/2123 2215/1412/2134
f 2210/1407/2129 2216/1413/2135 2211/1408/2130
f 2213/1410/2132 2216/1413/2135 2210/1407/2129
f 2208/1405/2127 2211/1408/2130 2217/1414/2136
f 2218/1415/2137 2217/1414/2136 2211/1408/2130
f 2216/1413/2135 2218/1415/2137 2211/1408/2130
f 2212/1409/2131 2214/1411/2133 2219/1416/2138
f 2220/1417/2139 2212/1409/2131 2219/1416/2138
f 2213/1410/2132 2212/1409/2131 2220/1417/2139
f 2213/1410/2132 2220/1417/2139 2221/1418/2140
f 2213/1410/2132 2221/1418/2140 2216/1413/2135
f 2222/1419/2141 2214/1411/2133 2215/1412/2134
f 2214/1411/2133 2222/1419/2141 2219/1416/2138
f 2218/1415/2137 2216/1413/2135 2223/1420/2142
f 2216/1413/2135 2221/1418/2140 2223/1420/2142
f 2223/1420/2142 2224/1421/2143 2218/1415/2137
f 2217/1414/2136 2218/1415/2137 2224/1421/2143
f 2225/1422/2144 2219/1416/2138 2222/1419/2141
f 2226/1423/2145 2220/1417/2139 2219/1416/2138
f 2219/1416/2138 2225/1422/2144 2226/1423/2145
f 2221/1418/2140 2220/1417/2139 2227/1424/2146
f 2220/1417/2139 2226/1423/2145 2227/1424/2146
f 2228/1425/2147 2221/1418/2140 2227/1424/2146
f 2221/1418/2140 2228/1425/2147 2223/1420/2142
f 2225/1422/2144 2227/1424/2146 2226/1423/2145
f 2227/1424/2146 2225/1422/2144 2229/1426/2148
f 2229/1426/2148 2228/1425/2147 2227/1424/2146
f 2230/1427/2149 2223/1420/2142 2228/1425/2147
f 2223/1420/2142 2230/1427/2149 2231/1428/2150
f 2224/1421/2143 2223/1420/2142 2231/1428/2150
f 2228/1425/2147 2229/1426/2148 2230/1427/2149
f 2232/1400/2151 2233/1399/2152 2234/1398/2153
f 2233/1399/2152 2235/1401/2154 2234/1398/2153
f 2233/1399/2152 2232/1400/2151 2236/1402/2155
f 2237/1405/2156 2236/1402/2155 2232/1400/2151
f 2235/1401/2154 2233/1399/2152 2238/1404/2157
f 2239/1403/2158 2233/1399/2152 2236/1402/2155
f 2239/1403/2158 2238/1404/2157 2233/1399/2152
f 2236/1402/2155 2237/1405/2156 2240/1406/2159
f 2241/1407/2160 2239/1403/2158 2236/1402/2155
f 2240/1406/2159 2241/1407/2160 2236/1402/2155
f 2237/1405/2156 2242/1408/2161 2240/1406/2159
f 2240/1406/2159 2242/1408/2161 2241/1407/2160
f 2242/1408/2161 2237/1405/2156 2243/1414/2162
f 2244/1411/2163 2235/1401/2154 2238/1404/2157
f 2245/1409/2164 2238/1404/2157 2239/1403/2158
f 2244/1411/2163 2238/1404/2157 2245/1409/2164
f 2246/1410/2165 2245/1409/2164 2239/1403/2158
f 2246/1410/2165 2239/1403/2158 2241/1407/2160
f 2247/1412/2166 2235/1401/2154 2244/1411/2163
f 2241/1407/2160 2242/1408/2161 2248/1413/2167
f 2246/1410/2165 2241/1407/2160 2248/1413/2167
f 2243/1414/2162 2249/1415/2168 2242/1408/2161
f 2248/1413/2167 2242/1408/2161 2249/1415/2168
f 2249/1415/2168 2243/1414/2162 2250/1421/2169
f 2244/1411/2163 2251/1419/2170 2247/1412/2166
f 2251/1419/2170 2244/1411/2163 2252/1416/2171
f 2245/1409/2164 2252/1416/2171 2244/1411/2163
f 2253/1417/2172 2252/1416/2171 2245/1409/2164
f 2246/1410/2165 2253/1417/2172 2245/1409/2164
f 2246/1410/2165 2254/1418/2173 2253/1417/2172
f 2246/1410/2165 2248/1413/2167 2254/1418/2173
f 2249/1415/2168 2255/1420/2174 2248/1413/2167
f 2248/1413/2167 2255/1420/2174 2254/1418/2173
f 2250/1421/2169 2255/1420/2174 2249/1415/2168
f 2255/1420/2174 2250/1421/2169 2256/1428/2175
f 2252/1416/2171 2257/1422/2176 2251/1419/2170
f 2257/1422/2176 2252/1416/2171 2258/1423/2177
f 2258/1423/2177 2252/1416/2171 2253/1417/2172
f 2254/1418/2173 2259/1424/2178 2253/1417/2172
f 2253/1417/2172 2259/1424/2178 2258/1423/2177
f 2259/1424/2178 2257/1422/2176 2258/1423/2177
f 2260/1425/2179 2259/1424/2178 2254/1418/2173
f 2254/1418/2173 2255/1420/2174 2260/1425/2179
f 2256/1428/2175 2261/1427/2180 2255/1420/2174
f 2255/1420/2174 2261/1427/2180 2260/1425/2179
f 2257/1422/2176 2259/1424/2178 2262/1426/2181
f 2260/1425/2179 2262/1426/2181 2259/1424/2178
f 2262/1426/2181 2260/1425/2179 2261/1427/2180
